"accession","reference_length","covered_bases","reads_aligned","mean_coverage","RPKMF","sequence_name","taxid","kingdom","phylum","class","order","family","genus","species","subspecies","strain","sample_ID","total_filtered_reads_in_sample"
"NC_039477.1",7567,150,1,0.019414857,0.0263684,"Norovirus GII, complete genome",122929,"Viruses","Pisuviricota","Pisoniviricetes","Picornavirales","Caliciviridae","Norovirus","Norwalk virus","Norovirus GII","Norovirus GII","NGS_2T",5011786
"KT280503.1",7332,7261,46298,977.6214,1259.93,"Enterovirus D68 isolate 2011-21186, complete genome",42789,"Viruses","Pisuviricota","Pisoniviricetes","Picornavirales","Picornaviridae","Enterovirus","Enterovirus D","enterovirus D68","enterovirus D68","NGS_2T",5011786
"AM749299.1",33763,135,1,0.004016303,0.00590971,"Human adenovirus type 31 complete genome, serotype 31",10529,"Viruses","Preplasmiviricota","Tectiliviricetes","Rowavirales","Adenoviridae","Mastadenovirus","Human mastadenovirus A","Human adenovirus 31","Human adenovirus 31","NGS_2T",5011786
"AC_000007.1",35937,2989,2240,9.195574,12.4369,"Human adenovirus 2, complete genome",10515,"Viruses","Preplasmiviricota","Tectiliviricetes","Rowavirales","Adenoviridae","Mastadenovirus","Human mastadenovirus C","Human adenovirus 2","Human adenovirus 2","NGS_2T",5011786
"AB448776.1",35215,300,2,0.00855554,0.0113321,"Human adenovirus 37 genomic DNA, complete genome, isolate: 1991",52275,"Viruses","Preplasmiviricota","Tectiliviricetes","Rowavirales","Adenoviridae","Mastadenovirus","Human mastadenovirus D","Human adenovirus D37","Human adenovirus D37","NGS_2T",5011786
"NC_006998.1",194711,2377,14,0.012237807,0.0143465,"Vaccinia virus, complete genome",10245,"Viruses","Nucleocytoviricota","Pokkesviricetes","Chitovirales","Poxviridae","Orthopoxvirus","Vaccinia virus","unclassified Vaccinia virus subspecies/strain","unclassified Vaccinia virus strain","NGS_2T",5011786
"NC_003663.2",224499,940,5,0.005647451,0.00444389,"Cowpox virus, complete genome",10243,"Viruses","Nucleocytoviricota","Pokkesviricetes","Chitovirales","Poxviridae","Orthopoxvirus","Cowpox virus","unclassified Cowpox virus subspecies/strain","unclassified Cowpox virus strain","NGS_2T",5011786
"NC_003310.1",196858,19977,137,0.10841959,0.138859,"Monkeypox virus Zaire-96-I-16, complete genome",10244,"Viruses","Nucleocytoviricota","Pokkesviricetes","Chitovirales","Poxviridae","Orthopoxvirus","Monkeypox virus","unclassified Monkeypox virus subspecies/strain","unclassified Monkeypox virus strain","NGS_2T",5011786
"NC_012564.1",5242,150,1,0.029457973,0.0380637,"Human bocavirus 3, complete genome",638313,"Viruses","Cossaviricota","Quintoviricetes","Piccovirales","Parvoviridae","Bocaparvovirus","Primate bocaparvovirus 1","Human bocavirus 3","Human bocavirus 3","NGS_2T",5011786
"NC_012042.1",5196,301,32,0.9512485,1.22882,"Human bocavirus 2c PK isolate PK-5510, complete genome",1511882,"Viruses","Cossaviricota","Quintoviricetes","Piccovirales","Parvoviridae","Bocaparvovirus","Primate bocaparvovirus 2","Human bocavirus 2c PK","Human bocavirus 2c PK","NGS_2T",5011786
"NC_007378.1",11119,815,10,0.38818488,0.179449,"influenza A H2N2 all segments",488241,"Viruses","Negarnaviricota","Insthoviricetes","Articulavirales","Orthomyxoviridae","Alphainfluenzavirus","Influenza A virus","Influenza A virus (A/Korea/426/1968(H2N2))","Influenza A virus (A/Korea/426/1968(H2N2))","NGS_2T",5011786
"NC_007373.1",11286,8989,29564,407.4657,522.674,"influenza A H3N2 all segments",335341,"Viruses","Negarnaviricota","Insthoviricetes","Articulavirales","Orthomyxoviridae","Alphainfluenzavirus","Influenza A virus","Influenza A virus (A/New York/392/2004(H3N2))","Influenza A virus (A/New York/392/2004(H3N2))","NGS_2T",5011786
"KY316160.1",34169,1341,9,0.04030101,0.0525554,"Human adenovirus 41 isolate SH/2015/D16, complete genome",10524,"Viruses","Preplasmiviricota","Tectiliviricetes","Rowavirales","Adenoviridae","Mastadenovirus","Human mastadenovirus F","Human adenovirus 41","Human adenovirus 41","NGS_2T",5011786
"AB111964.2",8978,240,16,0.27095604,0.355589,"Bovine viral diarrhea virus 839cp gene for poryprotein, partai cds, strain: 839cp",233886,"Viruses","Kitrinoviricota","Flasuviricetes","Amarillovirales","Flaviviridae","Pestivirus","Pestivirus A","Bovine viral diarrhea virus 839cp","Bovine viral diarrhea virus 839cp","NGS_2T",5011786
"AB111966.1",9060,268,29,0.48675644,0.638671,"Bovine viral diarrhea virus 190cp gene for poryprotein, partai cds, strain: 190cp",233888,"Viruses","Kitrinoviricota","Flasuviricetes","Amarillovirales","Flaviviridae","Pestivirus","Pestivirus A","Bovine viral diarrhea virus 190cp","Bovine viral diarrhea virus 190cp","NGS_2T",5011786
"AB573670.2",2341,2224,6012,405.79962,512.419,"Influenza A virus (A/swine/Obihiro/10/1985(H3N2)) PB2 gene for polymerase basic protein 2, complete cds",668549,"Viruses","Negarnaviricota","Insthoviricetes","Articulavirales","Orthomyxoviridae","Alphainfluenzavirus","Influenza A virus","Influenza A virus (A/swine/Obihiro/10/1985(H3N2))","Influenza A virus (A/swine/Obihiro/10/1985(H3N2))","NGS_2T",5011786
"AC090446.27",170275,254,1,0.0054136664,0.00117181,"Baboon cytomegalovirus OCOM4-37 clone bacmv, WORKING DRAFT SEQUENCE, 22 unordered pieces",153301,"Viruses","Peploviricota","Herviviricetes","Herpesvirales","Herpesviridae","Cytomegalovirus","Papiine betaherpesvirus 3","Baboon cytomegalovirus OCOM4-37","Baboon cytomegalovirus OCOM4-37","NGS_2T",5011786
"AF033808.1",9392,139,1,0.015040034,0.0212446,"Rous sarcoma virus, complete genome",11886,"Viruses","Artverviricota","Revtraviricetes","Ortervirales","Retroviridae","Alpharetrovirus","Rous sarcoma virus","unclassified Rous sarcoma virus subspecies/strain","unclassified Rous sarcoma virus strain","NGS_2T",5011786
"AF033812.1",5894,268,5,0.114554316,0.169265,"Abelson murine leukemia virus, complete genome",11788,"Viruses","Artverviricota","Revtraviricetes","Ortervirales","Retroviridae","Gammaretrovirus","Abelson murine leukemia virus","unclassified Abelson murine leukemia virus subspecies/strain","unclassified Abelson murine leukemia virus strain","NGS_2T",5011786
"AF033815.1",8557,156,12,0.21030094,0.279813,"Mason-Pfizer monkey virus, complete genome",11855,"Viruses","Artverviricota","Revtraviricetes","Ortervirales","Retroviridae","Betaretrovirus","Mason-Pfizer monkey virus","unclassified Mason-Pfizer monkey virus subspecies/strain","unclassified Mason-Pfizer monkey virus strain","NGS_2T",5011786
"AF033818.1",8419,747,41,0.7427742,0.971697,"Bovine leukemia virus complete genome",11901,"Viruses","Artverviricota","Revtraviricetes","Ortervirales","Retroviridae","Deltaretrovirus","Bovine leukemia virus","unclassified Bovine leukemia virus subspecies/strain","unclassified Bovine leukemia virus strain","NGS_2T",5011786
"AF043303.1",4679,975,68,2.2468536,2.89977,"Adeno-associated virus 2, complete genome",10804,"Viruses","Cossaviricota","Quintoviricetes","Piccovirales","Parvoviridae","Dependoparvovirus","Adeno-associated dependoparvovirus A","adeno-associated virus 2","adeno-associated virus 2","NGS_2T",5011786
"AF126467.1",8105,533,251,4.448397,6.17914,"Simian retrovirus 2, complete genome",39068,"Viruses","Artverviricota","Revtraviricetes","Ortervirales","Retroviridae","Betaretrovirus","Mason-Pfizer monkey virus","Simian retrovirus 2","Simian retrovirus 2","NGS_2T",5011786
"AF406966.1",5610,1524,658,16.188461,23.4029,"Bovine parvovirus 2 putative non-structural protein and putative capsid protein genes, complete cds",172296,"Viruses","Cossaviricota","Quintoviricetes","Piccovirales","Parvoviridae","Copiparvovirus","Ungulate copiparvovirus 1","Bovine parvovirus - 2","Bovine parvovirus - 2","NGS_2T",5011786
"AF406967.1",5276,395,105,2.7337105,3.97093,"Bovine parvovirus 3 putative non-structural protein and putative capsid protein genes, complete cds",172297,"Viruses","Cossaviricota","Quintoviricetes","Piccovirales","Parvoviridae","Erythroparvovirus","Ungulate erythroparvovirus 1","Bovine parvovirus 3","Bovine parvovirus 3","NGS_2T",5011786
"AY037928.1",9472,3719,85,1.3000429,1.79054,"Human endogenous retrovirus K113 complete genome",166122,"Viruses","Artverviricota","Revtraviricetes","Ortervirales","Retroviridae","unclassified Retroviridae genus","Human endogenous retrovirus K","Human endogenous retrovirus K113","Human endogenous retrovirus K113","NGS_2T",5011786
"CY086882.1",1410,466,8,4.7674603,1.13208,"Influenza A virus (A/swine/Indiana/240218/2010(H1N2)) neuraminidase (NA) gene, complete cds",1593505,"Viruses","Negarnaviricota","Insthoviricetes","Articulavirales","Orthomyxoviridae","Alphainfluenzavirus","Influenza A virus","Influenza A virus (A/swine/Indiana/24-0218/2010(H1N2))","Influenza A virus (A/swine/Indiana/24-0218/2010(H1N2))","NGS_2T",5011786
"CY090850.1",2208,171,16,1.0646259,1.44587,"Influenza A virus (A/United Kingdom/1-MA/1933(H1N1)) polymerase PA (PA) gene, complete cds",506344,"Viruses","Negarnaviricota","Insthoviricetes","Articulavirales","Orthomyxoviridae","Alphainfluenzavirus","Influenza A virus","Influenza A virus (A/United Kingdom/1-MA/1933(H1N1))","Influenza A virus (A/United Kingdom/1-MA/1933(H1N1))","NGS_2T",5011786
"CY116312.1",2280,307,113,7.9535213,9.88897,"Influenza A virus (A/swine/England/87842/1990(H3N2)) polymerase PB2 (PB2) gene, complete cds",1176119,"Viruses","Negarnaviricota","Insthoviricetes","Articulavirales","Orthomyxoviridae","Alphainfluenzavirus","Influenza A virus","Influenza A virus (A/swine/England/87842/1990(H3N2))","Influenza A virus (A/swine/England/87842/1990(H3N2))","NGS_2T",5011786
"CY116314.1",2151,105,0,0.07296352,0,"Influenza A virus (A/swine/England/87842/1990(H3N2)) polymerase PA (PA) gene, complete cds",1176119,"Viruses","Negarnaviricota","Insthoviricetes","Articulavirales","Orthomyxoviridae","Alphainfluenzavirus","Influenza A virus","Influenza A virus (A/swine/England/87842/1990(H3N2))","Influenza A virus (A/swine/England/87842/1990(H3N2))","NGS_2T",5011786
"CY159767.1",2316,136,1,0.06278855,0.0861527,"Influenza A virus (A/swine/Texas/00525/2005(H1N1)) polymerase PB1 (PB1) and PB1-F2 protein (PB1-F2) genes, complete cds",1432620,"Viruses","Negarnaviricota","Insthoviricetes","Articulavirales","Orthomyxoviridae","Alphainfluenzavirus","Influenza A virus","Influenza A virus (A/swine/Texas/00525/2005(H1N1))","Influenza A virus (A/swine/Texas/00525/2005(H1N1))","NGS_2T",5011786
"CY187626.1",1737,1095,2069,184.82986,237.667,"Influenza A virus (A/Houston/JMM_42/2012(H3N2)) hemagglutinin (HA) gene, complete cds",1383502,"Viruses","Negarnaviricota","Insthoviricetes","Articulavirales","Orthomyxoviridae","Alphainfluenzavirus","Influenza A virus","Influenza A virus (A/Houston/JMM_42/2012(H3N2))","Influenza A virus (A/Houston/JMM_42/2012(H3N2))","NGS_2T",5011786
"CY187632.1",2309,1192,2578,200.2881,222.775,"Influenza A virus (A/Houston/JMM_42/2012(H3N2)) polymerase PB1 (PB1) and PB1-F2 protein (PB1-F2) genes, complete cds",1383502,"Viruses","Negarnaviricota","Insthoviricetes","Articulavirales","Orthomyxoviridae","Alphainfluenzavirus","Influenza A virus","Influenza A virus (A/Houston/JMM_42/2012(H3N2))","Influenza A virus (A/Houston/JMM_42/2012(H3N2))","NGS_2T",5011786
"D10032.1",8507,5060,13455,239.83522,315.584,"Baboon endogenous virus strain M7 proviral DNA, complete genome",11764,"Viruses","Artverviricota","Revtraviricetes","Ortervirales","Retroviridae","Gammaretrovirus","Baboon endogenous virus","Baboon endogenous virus strain M7","Baboon endogenous virus strain M7","NGS_2T",5011786
"DQ098913.1",7791,121,13,0.2058631,0.332934,"Bovine papillomavirus type 8, complete genome",2758968,"Viruses","Cossaviricota","Papovaviricetes","Zurhausenvirales","Papillomaviridae","Epsilonpapillomavirus","Epsilonpapillomavirus 1","Bos taurus papillomavirus 8","Bos taurus papillomavirus 8","NGS_2T",5011786
"EF059923.1",2359,450,3,0.20371209,0.253747,"Human rotavirus G9 strain CAU 202 VP4 gene, complete cds",42567,"Viruses","Duplornaviricota","Resentoviricetes","Reovirales","Sedoreoviridae","Rotavirus","Rotavirus A","Rotavirus G9","Rotavirus G9","NGS_2T",5011786
"EU030001.1",8406,263,3,0.11555233,0.0712097,"RD114 retrovirus isolate SC3C, complete genome",11834,"Viruses","Artverviricota","Revtraviricetes","Ortervirales","Retroviridae","Gammaretrovirus","RD114 retrovirus","unclassified RD114 retrovirus subspecies/strain","unclassified RD114 retrovirus strain","NGS_2T",5011786
"EU182271.1",2310,106,0,2.1217592,0,"Influenza A virus (A/chicken/CA/S0403106/2004(H6N2)) segment 2, complete sequence",475029,"Viruses","Negarnaviricota","Insthoviricetes","Articulavirales","Orthomyxoviridae","Alphainfluenzavirus","Influenza A virus","Influenza A virus (A/chicken/CA/S0403106/2004(H6N2))","Influenza A virus (A/chicken/CA/S0403106/2004(H6N2))","NGS_2T",5011786
"FJ025904.1",37860,105,0,0.015274463,0,"Simian adenovirus 31.2, complete genome",585088,"Viruses","Preplasmiviricota","Tectiliviricetes","Rowavirales","Adenoviridae","Mastadenovirus","Human mastadenovirus C","Simian adenovirus 31.2","Simian adenovirus 31.2","NGS_2T",5011786
"FJ810126.1",5759,746,5,0.12444286,0.173233,"Culex pipiens densovirus, complete genome",185638,"Viruses","Cossaviricota","Quintoviricetes","Piccovirales","Parvoviridae","Protoambidensovirus","Dipteran protoambidensovirus 1","Culex pipiens densovirus","Culex pipiens densovirus","NGS_2T",5011786
"FJ973560.1",4958,450,37,1.141639,1.48903,"Human bocavirus 2b NI strain HBoV2B-NI-213, complete genome",1511881,"Viruses","Cossaviricota","Quintoviricetes","Piccovirales","Parvoviridae","Bocaparvovirus","Primate bocaparvovirus 2","Human bocavirus 2b NI","Human bocavirus 2b NI","NGS_2T",5011786
"FN824512.2",45480,110,0,0.041275095,0,"Pigeon adenovirus 1 complete genome, strain IDA4",764030,"Viruses","Preplasmiviricota","Tectiliviricetes","Rowavirales","Adenoviridae","Aviadenovirus","Pigeon aviadenovirus A","Pigeon adenovirus 1","Pigeon adenovirus 1","NGS_2T",5011786
"GU452720.1",3893,934,7,0.276249,0.358774,"Mosquito densovirus BR/07, complete genome",945962,"Viruses","Cossaviricota","Quintoviricetes","Piccovirales","Parvoviridae","Brevidensovirus","Mosquito densovirus BR/07","unclassified Mosquito densovirus BR/07 subspecies/strain","unclassified Mosquito densovirus BR/07 strain","NGS_2T",5011786
"GU937877.1",3302,300,2,0.095177665,0.120854,"Caprine rotavirus A strain GO34 RNA-dependent RNA polymerase (VP1) gene, complete cds",204932,"Viruses","Duplornaviricota","Resentoviricetes","Reovirales","Sedoreoviridae","Rotavirus","Rotavirus A","Caprine rotavirus A","Caprine rotavirus A","NGS_2T",5011786
"GU937881.1",1356,489,4,0.48175788,0.588583,"Caprine rotavirus A strain GO34 VP6 protein (VP6) gene, complete cds",204932,"Viruses","Duplornaviricota","Resentoviricetes","Reovirales","Sedoreoviridae","Rotavirus","Rotavirus A","Caprine rotavirus A","Caprine rotavirus A","NGS_2T",5011786
"HQ166043.1",2233,144,1,0.056649063,0.089355,"Influenza A virus (A/Netherlands/26/2007(H1N1)) segment 3 polymerase PA (PA) gene, complete cds",877502,"Viruses","Negarnaviricota","Insthoviricetes","Articulavirales","Orthomyxoviridae","Alphainfluenzavirus","Influenza A virus","Influenza A virus (A/Netherlands/26/2007(H1N1))","Influenza A virus (A/Netherlands/26/2007(H1N1))","NGS_2T",5011786
"HQ625441.1",7724,293,2,0.038684975,0.0516649,"Rattus norvegicus papillomavirus 2, complete genome",1036965,"Viruses","Cossaviricota","Papovaviricetes","Zurhausenvirales","Papillomaviridae","Iotapapillomavirus","Iotapapillomavirus 1","Rattus norvegicus papillomavirus 2","Rattus norvegicus papillomavirus 2","NGS_2T",5011786
"J02226.1",5130,1152,8,0.24056225,0.311157,"JC virus complete genome",10632,"Viruses","Cossaviricota","Papovaviricetes","Sepolyvirales","Polyomaviridae","Betapolyomavirus","Betapolyomavirus secuhominis","JC polyomavirus","JC polyomavirus","NGS_2T",5011786
"JF304767.1",7664,117,4,0.6820602,0.104139,"Saimiri sciureus papillomavirus type 3 isolate Mac2167.2, complete genome",990306,"Viruses","Cossaviricota","Papovaviricetes","Zurhausenvirales","Papillomaviridae","Dyoomikronpapillomavirus","Dyoomikronpapillomavirus 1","Saimiri sciureus papillomavirus 3","Saimiri sciureus papillomavirus 3","NGS_2T",5011786
"JX195074.1",3302,141,1,0.044733502,0.0604269,"Rotavirus A RVA/Human-wt/ITA/AV28/2010/G9P8 segment 1, complete sequence",1307163,"Viruses","Duplornaviricota","Resentoviricetes","Reovirales","Sedoreoviridae","Rotavirus","Rotavirus A","Rotavirus A RVA/Human-wt/ITA/AV28/2010/G9P8","Rotavirus A RVA/Human-wt/ITA/AV28/2010/G9P8","NGS_2T",5011786
"JX195076.1",2591,300,2,0.11798443,0.154017,"Rotavirus A RVA/Human-wt/ITA/AV28/2010/G9P8 segment 3, complete sequence",1307163,"Viruses","Duplornaviricota","Resentoviricetes","Reovirales","Sedoreoviridae","Rotavirus","Rotavirus A","Rotavirus A RVA/Human-wt/ITA/AV28/2010/G9P8","Rotavirus A RVA/Human-wt/ITA/AV28/2010/G9P8","NGS_2T",5011786
"JX195078.1",1356,300,2,0.24875621,0.294292,"Rotavirus A RVA/Human-wt/ITA/AV28/2010/G9P8 segment 6, complete sequence",1307163,"Viruses","Duplornaviricota","Resentoviricetes","Reovirales","Sedoreoviridae","Rotavirus","Rotavirus A","Rotavirus A RVA/Human-wt/ITA/AV28/2010/G9P8","Rotavirus A RVA/Human-wt/ITA/AV28/2010/G9P8","NGS_2T",5011786
"JX195080.1",1567,150,1,0.10585745,0.127332,"Rotavirus A RVA/Human-wt/ITA/AV28/2010/G9P8 segment 5, complete sequence",1307163,"Viruses","Duplornaviricota","Resentoviricetes","Reovirales","Sedoreoviridae","Rotavirus","Rotavirus A","Rotavirus A RVA/Human-wt/ITA/AV28/2010/G9P8","Rotavirus A RVA/Human-wt/ITA/AV28/2010/G9P8","NGS_2T",5011786
"JX494721.1",2280,346,282,20.048357,24.6787,"Influenza A virus (A/swine/Guangdong/L23/2010(H3N2)) segment 1 polymerase PB2 (PB2) gene, complete cds",1223810,"Viruses","Negarnaviricota","Insthoviricetes","Articulavirales","Orthomyxoviridae","Alphainfluenzavirus","Influenza A virus","Influenza A virus (A/swine/Guangdong/L23/2010(H3N2))","Influenza A virus (A/swine/Guangdong/L23/2010(H3N2))","NGS_2T",5011786
"JX898904.1",1410,194,1,0.27698413,0.14151,"Influenza A virus (A/swine/Montana/21/2012(H3N2)) segment 6 neuraminidase (NA) gene, complete cds",1239379,"Viruses","Negarnaviricota","Insthoviricetes","Articulavirales","Orthomyxoviridae","Alphainfluenzavirus","Influenza A virus","Influenza A virus (A/swine/Montana/21/2012(H3N2))","Influenza A virus (A/swine/Montana/21/2012(H3N2))","NGS_2T",5011786
"KC471359.1",2274,221,1,0.2693032,0.0877439,"Influenza A virus (A/swine/Korea/CY12-03/2011(H1N2)) segment 2 polymerase PB1 (PB1) and PB1-F2 protein (PB1-F2) genes, complete cds",1281718,"Viruses","Negarnaviricota","Insthoviricetes","Articulavirales","Orthomyxoviridae","Alphainfluenzavirus","Influenza A virus","Influenza A virus (A/swine/Korea/CY12-03/2011(H1N2))","Influenza A virus (A/swine/Korea/CY12-03/2011(H1N2))","NGS_2T",5011786
"KC617868.1",3780,3780,10289,391.2653,543.111,"Parvovirus NIH-CQV putative 15-kDa protein, putative replication associated protein (rep), and putative capsid protein (cap) genes, complete cds",1341019,"Viruses","Cossaviricota","Quintoviricetes","Piccovirales","Parvoviridae","unclassified Parvoviridae genus","Parvovirus NIH-CQV","unclassified Parvovirus NIH-CQV subspecies/strain","unclassified Parvovirus NIH-CQV strain","NGS_2T",5011786
"KC782514.2",1566,386,14,0.9795198,1.78379,"Rotavirus A human-wt/USA/LB1562/2010/G9P4 NSP1 (NSP1) gene, complete cds",1349389,"Viruses","Duplornaviricota","Resentoviricetes","Reovirales","Sedoreoviridae","Rotavirus","Rotavirus A","Rotavirus A human-wt/USA/LB1562/2010/G9P4","Rotavirus A human-wt/USA/LB1562/2010/G9P4","NGS_2T",5011786
"KC782520.2",2687,584,4,0.23019314,0.29703,"Rotavirus A human-wt/USA/LB1562/2010/G9P4 VP2 (VP2) gene, complete cds",1349389,"Viruses","Duplornaviricota","Resentoviricetes","Reovirales","Sedoreoviridae","Rotavirus","Rotavirus A","Rotavirus A human-wt/USA/LB1562/2010/G9P4","Rotavirus A human-wt/USA/LB1562/2010/G9P4","NGS_2T",5011786
"KC859214.2",1732,116,1,0.073324904,0.115202,"Influenza A virus (A/swine/Thailand/PB482/2009(H3N2)) segment 4 hemagglutinin (HA) gene, complete cds",1315824,"Viruses","Negarnaviricota","Insthoviricetes","Articulavirales","Orthomyxoviridae","Alphainfluenzavirus","Influenza A virus","Influenza A virus (A/swine/Thailand/PB482/2009(H3N2))","Influenza A virus (A/swine/Thailand/PB482/2009(H3N2))","NGS_2T",5011786
"KF039910.1",6792,145,1,0.021830773,0.0293772,"Human astrovirus 2 isolate Rus-Nsc05-430, complete genome",12701,"Viruses","Pisuviricota","Stelpaviricetes","Stellavirales","Astroviridae","Mamastrovirus","Mamastrovirus 1","Human astrovirus 2","Human astrovirus 2","NGS_2T",5011786
"KF703446.1",127320,363,0,0.014107101,0,"Retroperitoneal fibromatosis-associated herpesvirus isolate RFHVMnM78114, complete genome",111469,"Viruses","Peploviricota","Herviviricetes","Herpesvirales","Herpesviridae","Rhadinovirus","Macacine gammaherpesvirus 8","Retroperitoneal fibromatosis-associated herpesvirus","Retroperitoneal fibromatosis-associated herpesvirus","NGS_2T",5011786
"KF986979.1",1410,300,2,3.1666667,0.283021,"Influenza A virus (A/swine/Oklahoma/A01290898/2013(H1N2)) segment 6 neuraminidase (NA) gene, complete cds",1440112,"Viruses","Negarnaviricota","Insthoviricetes","Articulavirales","Orthomyxoviridae","Alphainfluenzavirus","Influenza A virus","Influenza A virus (A/swine/Oklahoma/A01290898/2013(H1N2))","Influenza A virus (A/swine/Oklahoma/A01290898/2013(H1N2))","NGS_2T",5011786
"KJ541759.1",33452,176,54,0.24611135,0.322091,"Ball python nidovirus strain 07-53, complete genome",1986118,"Viruses","Pisuviricota","Pisoniviricetes","Nidovirales","Tobaniviridae","Pregotovirus","Ball python nidovirus 1","unclassified Ball python nidovirus 1 subspecies/strain","unclassified Ball python nidovirus 1 strain","NGS_2T",5011786
"KM269482.1",7875,184,18,1.3747573,0.456068,"Encephalomyocarditis virus strain ATCC VR-129B, complete genome",12104,"Viruses","Pisuviricota","Pisoniviricetes","Picornavirales","Picornaviridae","Cardiovirus","Cardiovirus A","Encephalomyocarditis virus","Encephalomyocarditis virus","NGS_2T",5011786
"KT149397.1",2985,2317,590,30.391888,39.438,"Circovirus-like genome DCCV-4, complete genome",1788444,"Viruses","Cressdnaviricota","Arfiviricetes","Cirlivirales","Circoviridae","unclassified Circoviridae genus","Circovirus-like genome DCCV-4","unclassified Circovirus-like genome DCCV-4 subspecies/strain","unclassified Circovirus-like genome DCCV-4 strain","NGS_2T",5011786
"KT149400.1",3021,152,14,0.73145247,0.924666,"Circovirus-like genome DCCV-7, complete genome",1788447,"Viruses","Cressdnaviricota","Arfiviricetes","Cirlivirales","Circoviridae","unclassified Circoviridae genus","Circovirus-like genome DCCV-7","unclassified Circovirus-like genome DCCV-7 subspecies/strain","unclassified Circovirus-like genome DCCV-7 strain","NGS_2T",5011786
"KT149406.1",2433,2265,730,49.094173,59.8671,"Circovirus-like genome DCCV-13, complete genome",1788441,"Viruses","Cressdnaviricota","Arfiviricetes","Cirlivirales","Circoviridae","unclassified Circoviridae genus","Circovirus-like genome DCCV-13","unclassified Circovirus-like genome DCCV-13 subspecies/strain","unclassified Circovirus-like genome DCCV-13 strain","NGS_2T",5011786
"KT423169.1",989,111,0,0.29558998,0,"Influenza A virus (A/duck/Zhejiang/727038/2014(H6N2)) segment 7 matrix protein 2 (M2) and matrix protein 1 (M1) genes, complete cds",1701892,"Viruses","Negarnaviricota","Insthoviricetes","Articulavirales","Orthomyxoviridae","Alphainfluenzavirus","Influenza A virus","Influenza A virus (A/duck/Zhejiang/727038/2014(H6N2))","Influenza A virus (A/duck/Zhejiang/727038/2014(H6N2))","NGS_2T",5011786
"KT869077.1",2000,150,1,0.08108108,0.0997648,"Porcine circovirus 3 strain 29160, complete genome",1868221,"Viruses","Cressdnaviricota","Arfiviricetes","Cirlivirales","Circoviridae","Circovirus","Porcine circovirus 3","unclassified Porcine circovirus 3 subspecies/strain","unclassified Porcine circovirus 3 strain","NGS_2T",5011786
"KU172423.1",5254,548,160,4.0086207,6.07627,"Bovine hokovirus 2 strain bovine hokovirus 2 strain BS-S13 nonstructural protein (NS1), minor capsid protein (VP1), and major capsid protein (VP2) genes, complete cds",1096141,"Viruses","Cossaviricota","Quintoviricetes","Piccovirales","Parvoviridae","Tetraparvovirus","Ungulate tetraparvovirus 1","Bovine hokovirus 2","Bovine hokovirus 2","NGS_2T",5011786
"KU351741.1",137448,202,1,0.054931607,0.00145167,"Macaca nemestrina herpesvirus 7, complete genome",1846169,"Viruses","Peploviricota","Herviviricetes","Herpesvirales","Herpesviridae","Roseolovirus","Macacine betaherpesvirus 9","Macaca nemestrina herpesvirus 7","Macaca nemestrina herpesvirus 7","NGS_2T",5011786
"KU727766.1",5166,881,6,0.16786283,0.231742,"Parus major densovirus isolate PmDNV-JL, complete genome",1907771,"Viruses","Cossaviricota","Quintoviricetes","Piccovirales","Parvoviridae","unclassified Parvoviridae genus","Parus major densovirus","unclassified Parus major densovirus subspecies/strain","unclassified Parus major densovirus strain","NGS_2T",5011786
"KU936049.1",137452,2013,456,1.4531325,0.661944,"Bubaline alphaherpesvirus 1 strain b6, complete genome",202910,"Viruses","Peploviricota","Herviviricetes","Herpesvirales","Herpesviridae","Varicellovirus","Bubaline alphaherpesvirus 1","unclassified Bubaline alphaherpesvirus 1 subspecies/strain","unclassified Bubaline alphaherpesvirus 1 strain","NGS_2T",5011786
"KU976592.1",1027,120,3,1.327252,0.582852,"Influenza A virus (A/swine/Mexico/AVX47/2013(H1N1)) segment 7 matrix protein 2 (M2) and matrix protein 1 (M1) genes, complete cds",1820573,"Viruses","Negarnaviricota","Insthoviricetes","Articulavirales","Orthomyxoviridae","Alphainfluenzavirus","Influenza A virus","Influenza A virus (A/swine/Mexico/AVX47/2013(H1N1))","Influenza A virus (A/swine/Mexico/AVX47/2013(H1N1))","NGS_2T",5011786
"KU976745.1",1467,137,0,0.48291573,0,"Influenza A virus (A/swine/Mexico/AVX16/2012(H1N2)) segment 6 neuraminidase (NA) gene, complete cds",1820542,"Viruses","Negarnaviricota","Insthoviricetes","Articulavirales","Orthomyxoviridae","Alphainfluenzavirus","Influenza A virus","Influenza A virus (A/swine/Mexico/AVX16/2012(H1N2))","Influenza A virus (A/swine/Mexico/AVX16/2012(H1N2))","NGS_2T",5011786
"KY019139.2",5371,196,26,0.74698335,0.965886,"Bosavirus MS-2016a, complete genome",1917013,"Viruses","Cossaviricota","Quintoviricetes","Piccovirales","Parvoviridae","Copiparvovirus","Ungulate copiparvovirus 5","Bosavirus MS-2016a","Bosavirus MS-2016a","NGS_2T",5011786
"KY040274.1",192183,187,0,0.008534991,0,"Molluscum contagiosum virus subtype 2 isolate Madrid 2016_1, complete genome",10281,"Viruses","Nucleocytoviricota","Pokkesviricetes","Chitovirales","Poxviridae","Molluscipoxvirus","Molluscum contagiosum virus","Molluscum contagiosum virus subtype 2","Molluscum contagiosum virus subtype 2","NGS_2T",5011786
"KY040275.1",188253,577,2,0.06541629,0.0021198,"Molluscum contagiosum virus subtype 1 isolate Madrid 2016_3, complete genome",10280,"Viruses","Nucleocytoviricota","Pokkesviricetes","Chitovirales","Poxviridae","Molluscipoxvirus","Molluscum contagiosum virus","Molluscum contagiosum virus subtype 1","Molluscum contagiosum virus subtype 1","NGS_2T",5011786
"KY215944.1",135301,706,5,0.11666211,0.00737355,"Bovine alphaherpesvirus 1 isolate 216 II, complete genome",10320,"Viruses","Peploviricota","Herviviricetes","Herpesvirales","Herpesviridae","Varicellovirus","Bovine alphaherpesvirus 1","unclassified Bovine alphaherpesvirus 1 subspecies/strain","unclassified Bovine alphaherpesvirus 1 strain","NGS_2T",5011786
"KY385637.1",147346,245,1,0.005441724,0.00135416,"Ateline alphaherpesvirus 1 isolate Lennette, complete genome",35243,"Viruses","Peploviricota","Herviviricetes","Herpesvirales","Herpesviridae","Simplexvirus","Ateline alphaherpesvirus 1","unclassified Ateline alphaherpesvirus 1 subspecies/strain","unclassified Ateline alphaherpesvirus 1 strain","NGS_2T",5011786
"KY490071.1",235397,2162,14,0.0091903405,0.0118668,"Human betaherpesvirus 5 strain HANChild1, complete genome",10359,"Viruses","Peploviricota","Herviviricetes","Herpesvirales","Herpesviridae","Cytomegalovirus","Human betaherpesvirus 5","unclassified Human betaherpesvirus 5 subspecies/strain","unclassified Human betaherpesvirus 5 strain","NGS_2T",5011786
"KY549446.1",137712,627,0,0.06969221,0,"Bovine alphaherpesvirus 5 strain ISO 97/45, complete genome",35244,"Viruses","Peploviricota","Herviviricetes","Herpesvirales","Herpesviridae","Varicellovirus","Bovine alphaherpesvirus 5","unclassified Bovine alphaherpesvirus 5 subspecies/strain","unclassified Bovine alphaherpesvirus 5 strain","NGS_2T",5011786
"KY628971.1",155462,295,0,0.029231483,0,"Macacine alphaherpesvirus 1 isolate 12930, complete genome",10325,"Viruses","Peploviricota","Herviviricetes","Herpesvirales","Herpesviridae","Simplexvirus","Macacine alphaherpesvirus 1","unclassified Macacine alphaherpesvirus 1 subspecies/strain","unclassified Macacine alphaherpesvirus 1 strain","NGS_2T",5011786
"LT594108.1",151216,3667,2227,2.4522989,2.93853,"Human herpesvirus 1 isolate 1319_2005 genome assembly, complete genome: monopartite",10298,"Viruses","Peploviricota","Herviviricetes","Herpesvirales","Herpesviridae","Simplexvirus","Human alphaherpesvirus 1","unclassified Human alphaherpesvirus 1 subspecies/strain","unclassified Human alphaherpesvirus 1 strain","NGS_2T",5011786
"MF118167.1",3925,1092,65,2.5700662,3.30431,"Human fecal virus Jorvi2, complete genome",2017081,"Viruses","Cressdnaviricota","Arfiviricetes","Cirlivirales","Circoviridae","unclassified Circoviridae genus","Human fecal virus Jorvi2","unclassified Human fecal virus Jorvi2 subspecies/strain","unclassified Human fecal virus Jorvi2 strain","NGS_2T",5011786
"MF898328.1",125095,176,0,0.06804594,0,"Human alphaherpesvirus 3 strain Baike, complete genome",10335,"Viruses","Peploviricota","Herviviricetes","Herpesvirales","Herpesviridae","Varicellovirus","Human alphaherpesvirus 3","unclassified Human alphaherpesvirus 3 subspecies/strain","unclassified Human alphaherpesvirus 3 strain","NGS_2T",5011786
"MG012448.1",7447,137,1,0.01877484,0.0267933,"Sapovirus GII.5 strain Hu/GT/2014/GII.5/SantaRosa3812 ORF1 polyprotein and ORF2 protein genes, complete cds",1697443,"Viruses","Pisuviricota","Pisoniviricetes","Picornavirales","Caliciviridae","Sapovirus","Sapporo virus","Sapovirus GII.5","Sapovirus GII.5","NGS_2T",5011786
"MG712775.1",44454,113,0,0.12398429,0,"Fowl adenovirus 8b isolate SD1356, complete genome",586029,"Viruses","Preplasmiviricota","Tectiliviricetes","Rowavirales","Adenoviridae","Aviadenovirus","Fowl aviadenovirus E","Fowl adenovirus 8b","Fowl adenovirus 8b","NGS_2T",5011786
"MG972981.1",5759,394,666,15.388483,23.0746,"Ungulate copiparvovirus 1 strain QQHE16, complete genome",1511889,"Viruses","Cossaviricota","Quintoviricetes","Piccovirales","Parvoviridae","Copiparvovirus","Ungulate copiparvovirus 1","unclassified Ungulate copiparvovirus 1 subspecies/strain","unclassified Ungulate copiparvovirus 1 strain","NGS_2T",5011786
"MH036942.1",138199,754,3,0.14453563,0.00433136,"Cervid alphaherpesvirus 1 strain Anlier, complete genome",79891,"Viruses","Peploviricota","Herviviricetes","Herpesvirales","Herpesviridae","Varicellovirus","Cervid alphaherpesvirus 1","unclassified Cervid alphaherpesvirus 1 subspecies/strain","unclassified Cervid alphaherpesvirus 1 strain","NGS_2T",5011786
"MH036943.1",142633,1016,57,0.085350536,0.0797374,"Cervid alphaherpesvirus 2 strain Norway, complete genome",365327,"Viruses","Peploviricota","Herviviricetes","Herpesvirales","Herpesviridae","Varicellovirus","Cervid alphaherpesvirus 2","unclassified Cervid alphaherpesvirus 2 subspecies/strain","unclassified Cervid alphaherpesvirus 2 strain","NGS_2T",5011786
"MH698402.1",162076,1274,98,0.08359992,0.120647,"Human betaherpesvirus 6B strain GTEX-OXRO_icihv6b, complete genome",32604,"Viruses","Peploviricota","Herviviricetes","Herpesvirales","Herpesviridae","Roseolovirus","Human betaherpesvirus 6B","unclassified Human betaherpesvirus 6B subspecies/strain","unclassified Human betaherpesvirus 6B strain","NGS_2T",5011786
"MN205539.1",137429,225,4,0.0248982,0.0058075,"UNVERIFIED: Human gammaherpesvirus 8 strain BCBL-1, complete genome",37296,"Viruses","Peploviricota","Herviviricetes","Herpesvirales","Herpesviridae","Rhadinovirus","Human gammaherpesvirus 8","unclassified Human gammaherpesvirus 8 subspecies/strain","unclassified Human gammaherpesvirus 8 strain","NGS_2T",5011786
"MN244297.1",221153,558,2,0.003108555,0.00180445,"Akhmeta virus strain A39, complete genome",2200830,"Viruses","Nucleocytoviricota","Pokkesviricetes","Chitovirales","Poxviridae","Orthopoxvirus","Akhmeta virus","unclassified Akhmeta virus subspecies/strain","unclassified Akhmeta virus strain","NGS_2T",5011786
"NC_001664.4",159378,688,70,0.05644108,0.0876349,"Human betaherpesvirus 6A, variant A DNA, complete virion genome, isolate U1102",32603,"Viruses","Peploviricota","Herviviricetes","Herpesvirales","Herpesviridae","Roseolovirus","Human betaherpesvirus 6A","unclassified Human betaherpesvirus 6A subspecies/strain","unclassified Human betaherpesvirus 6A strain","NGS_2T",5011786
"NC_001716.2",153080,473,6,0.0033740927,0.0078206,"Human herpesvirus 7, complete genome",10372,"Viruses","Peploviricota","Herviviricetes","Herpesvirales","Herpesviridae","Roseolovirus","Human betaherpesvirus 7","unclassified Human betaherpesvirus 7 subspecies/strain","unclassified Human betaherpesvirus 7 strain","NGS_2T",5011786
"NC_002665.1",108873,1269,129,0.17363392,0.236416,"Bovine herpesvirus 4 long unique region, complete sequence",10385,"Viruses","Peploviricota","Herviviricetes","Herpesvirales","Herpesviridae","Rhadinovirus","Bovine gammaherpesvirus 4","unclassified Bovine gammaherpesvirus 4 subspecies/strain","unclassified Bovine gammaherpesvirus 4 strain","NGS_2T",5011786
"NC_006151.1",143461,397,0,0.011764624,0,"Suid herpesvirus 1, complete genome",10345,"Viruses","Peploviricota","Herviviricetes","Herpesvirales","Herpesviridae","Varicellovirus","Suid alphaherpesvirus 1","unclassified Suid alphaherpesvirus 1 subspecies/strain","unclassified Suid alphaherpesvirus 1 strain","NGS_2T",5011786
"NC_006560.1",150715,898,4,0.08913094,0.00529555,"Cercopithecine herpesvirus 2, complete genome",10317,"Viruses","Peploviricota","Herviviricetes","Herpesvirales","Herpesviridae","Simplexvirus","Cercopithecine alphaherpesvirus 2","unclassified Cercopithecine alphaherpesvirus 2 subspecies/strain","unclassified Cercopithecine alphaherpesvirus 2 strain","NGS_2T",5011786
"NC_007653.1",156487,971,34,0.05946769,0.0433519,"Papiine herpesvirus 2, complete genome",340907,"Viruses","Peploviricota","Herviviricetes","Herpesvirales","Herpesviridae","Simplexvirus","Papiine alphaherpesvirus 2","unclassified Papiine alphaherpesvirus 2 subspecies/strain","unclassified Papiine alphaherpesvirus 2 strain","NGS_2T",5011786
"NC_012783.2",226205,123,1,0.0136648165,0.000882075,"Cercopithecine herpesvirus 5 strain 2715, complete genome",50292,"Viruses","Peploviricota","Herviviricetes","Herpesvirales","Herpesviridae","Cytomegalovirus","Cercopithecine betaherpesvirus 5","unclassified Cercopithecine betaherpesvirus 5 subspecies/strain","unclassified Cercopithecine betaherpesvirus 5 strain","NGS_2T",5011786
"NC_014567.1",156742,400,0,0.05000894,0,"Saimiriine herpesvirus 1, complete genome",10353,"Viruses","Peploviricota","Herviviricetes","Herpesvirales","Herpesviridae","Simplexvirus","Saimiriine alphaherpesvirus 1","unclassified Saimiriine alphaherpesvirus 1 subspecies/strain","unclassified Saimiriine alphaherpesvirus 1 strain","NGS_2T",5011786
"NC_016447.1",219474,133,1,0.023057213,0.000909127,"Aotine herpesvirus 1 strain S34E, complete genome",50290,"Viruses","Peploviricota","Herviviricetes","Herpesvirales","Herpesviridae","Cytomegalovirus","Aotine betaherpesvirus 1","unclassified Aotine betaherpesvirus 1 subspecies/strain","unclassified Aotine betaherpesvirus 1 strain","NGS_2T",5011786
"NC_023677.1",153158,22300,2873,4.348779,3.74286,"Chimpanzee alpha-1 herpesvirus strain 105640, complete genome",332937,"Viruses","Peploviricota","Herviviricetes","Herpesvirales","Herpesviridae","Simplexvirus","Panine alphaherpesvirus 3","Chimpanzee herpesvirus strain 105640","Chimpanzee herpesvirus strain 105640","NGS_2T",5011786
"NC_024771.1",151601,244,25,0.023189018,0.0329038,"Equid herpesvirus 3 strain AR/2007/C3A, complete genome",80341,"Viruses","Peploviricota","Herviviricetes","Herpesvirales","Herpesviridae","Varicellovirus","Equid alphaherpesvirus 3","unclassified Equid alphaherpesvirus 3 subspecies/strain","unclassified Equid alphaherpesvirus 3 strain","NGS_2T",5011786
"U48704.1",4726,135,1,0.029501747,0.0422196,"Adeno-associated virus 3 nonstructural protein and capsid protein genes, complete cds, and complete genome",46350,"Viruses","Cossaviricota","Quintoviricetes","Piccovirales","Parvoviridae","Dependoparvovirus","Adeno-associated dependoparvovirus A","Adeno-associated virus - 3","Adeno-associated virus - 3","NGS_2T",5011786
"V01108.1",5153,1374,10,0.2968219,0.387211,"Human BK virus (strain Dunlop) genome. (Closely related to SV40.)",1891762,"Viruses","Cossaviricota","Papovaviricetes","Sepolyvirales","Polyomaviridae","Betapolyomavirus","Betapolyomavirus hominis","unclassified Betapolyomavirus hominis subspecies/strain","unclassified Betapolyomavirus hominis strain","NGS_2T",5011786
"AY426531.1",7367,917,9,2.8872108,0.243758,"Human enterovirus 68 strain Fermon, complete genome",42789,"Viruses","Pisuviricota","Pisoniviricetes","Picornavirales","Picornaviridae","Enterovirus","Enterovirus D","enterovirus D68","enterovirus D68","NGS_2T",5011786
"DQ995648.1",7402,155,1,0.032542747,0.0269562,"Human coxsackievirus A22 strain USA75-10624, complete genome",42783,"Viruses","Pisuviricota","Pisoniviricetes","Picornavirales","Picornaviridae","Enterovirus","Enterovirus C","Coxsackievirus A22","Coxsackievirus A22","NGS_2T",5011786
"D00835.1",11443,263,6,0.09793677,0.104621,"Human immunodeficiency virus 2 proviral DNA, complete genome",11709,"Viruses","Artverviricota","Revtraviricetes","Ortervirales","Retroviridae","Lentivirus","Human immunodeficiency virus 2","unclassified Human immunodeficiency virus 2 subspecies/strain","unclassified Human immunodeficiency virus 2 strain","NGS_2T",5011786
"OM460002.1",220276,911,4,0.0052515375,0.00362327,"Cowpox virus isolate No-H2, complete genome",10243,"Viruses","Nucleocytoviricota","Pokkesviricetes","Chitovirales","Poxviridae","Orthopoxvirus","Cowpox virus","unclassified Cowpox virus subspecies/strain","unclassified Cowpox virus strain","NGS_2T",5011786
"GQ329670.1",145289,255,0,0.15279835,0,"Pseudocowpox virus strain VR634, complete genome",129726,"Viruses","Nucleocytoviricota","Pokkesviricetes","Chitovirales","Poxviridae","Parapoxvirus","Pseudocowpox virus","unclassified Pseudocowpox virus subspecies/strain","unclassified Pseudocowpox virus strain","NGS_2T",5011786
"LT907991.1",12681,349,11,0.1222568,0.17308,"Bovine viral diarrhea virus 1 isolate VE_138cp_05 genome assembly, complete genome: monopartite",11099,"Viruses","Kitrinoviricota","Flasuviricetes","Amarillovirales","Flaviviridae","Pestivirus","Pestivirus A","Bovine viral diarrhea virus 1","Bovine viral diarrhea virus 1","NGS_2T",5011786
"MF351889.1",32399,184,0,0.11380198,0,"Morelia viridis nidovirus strain S14-1323_MVNV, complete genome",2016400,"Viruses","Pisuviricota","Pisoniviricetes","Nidovirales","Tobaniviridae","Pregotovirus","Pregotovirus heba","Morelia viridis nidovirus","Morelia viridis nidovirus","NGS_2T",5011786
"KC769372.1",2686,150,1,0.059148263,0.0742851,"UNVERIFIED: Rotavirus A strain RVA/Human-wt/AUS/CK00065/2007/G1P[8] segment 2 genomic sequence",28875,"Viruses","Duplornaviricota","Resentoviricetes","Reovirales","Sedoreoviridae","Rotavirus","Rotavirus A","unclassified Rotavirus A subspecies/strain","unclassified Rotavirus A strain","NGS_2T",5011786
"FJ495132.1",1078,140,1,0.15086207,0.185092,"Rotavirus A strain RVA/Antelope-wt/ZAF/RC-18-08/G6P[14] non-structural protein NSP3 gene, complete cds",28875,"Viruses","Duplornaviricota","Resentoviricetes","Reovirales","Sedoreoviridae","Rotavirus","Rotavirus A","unclassified Rotavirus A subspecies/strain","unclassified Rotavirus A strain","NGS_2T",5011786
"KU048554.1",2735,150,1,0.051837523,0.0729542,"Rotavirus A isolate Hu-wt/ITA/PA525/14/2014/G12P8 VP2 gene, complete cds",28875,"Viruses","Duplornaviricota","Resentoviricetes","Reovirales","Sedoreoviridae","Rotavirus","Rotavirus A","unclassified Rotavirus A subspecies/strain","unclassified Rotavirus A strain","NGS_2T",5011786
"JX040418.1",750,150,1,0.25,0.26604,"Rotavirus A strain RVA/human-wt/IND/N-1/2009/G6P[14] structural protein VP3 gene, partial cds",28875,"Viruses","Duplornaviricota","Resentoviricetes","Reovirales","Sedoreoviridae","Rotavirus","Rotavirus A","unclassified Rotavirus A subspecies/strain","unclassified Rotavirus A strain","NGS_2T",5011786
"KT887535.1",1191,150,1,0.14409222,0.167531,"Rotavirus A strain RVA/alpaca-wt/PER/1115/2010/G8P[1] segment 6, partial sequence",28875,"Viruses","Duplornaviricota","Resentoviricetes","Reovirales","Sedoreoviridae","Rotavirus","Rotavirus A","unclassified Rotavirus A subspecies/strain","unclassified Rotavirus A strain","NGS_2T",5011786
"KJ753392.1",2530,140,1,0.05882353,0.0788655,"Rotavirus A strain RVA/Human-wt/ETH/MRC-DPRU861/XXXX/G12P[6] segment 3 RNA capping protein VP3 (VP3) gene, complete cds",28875,"Viruses","Duplornaviricota","Resentoviricetes","Reovirales","Sedoreoviridae","Rotavirus","Rotavirus A","unclassified Rotavirus A subspecies/strain","unclassified Rotavirus A strain","NGS_2T",5011786
"KJ639017.1",1062,150,1,0.16447368,0.187881,"Rotavirus A isolate RVA/Human/JPN/S13-30/2013/G3P[4] segment 9 VP7 gene, complete cds",28875,"Viruses","Duplornaviricota","Resentoviricetes","Reovirales","Sedoreoviridae","Rotavirus","Rotavirus A","unclassified Rotavirus A subspecies/strain","unclassified Rotavirus A strain","NGS_2T",5011786
"JX946176.1",1074,150,1,0.16233766,0.185782,"Human rotavirus A strain RVA/Human-wt/CHN/E2451/2011/G3P[9] nonstructural protein (NSP3) gene, complete cds",10941,"Viruses","Duplornaviricota","Resentoviricetes","Reovirales","Sedoreoviridae","Rotavirus","Rotavirus A","Human rotavirus A","Human rotavirus A","NGS_2T",5011786
"MG181854.1",3303,234,1,0.07421503,0.0604086,"Rotavirus A strain RVA/Human-wt/MWI/BID14Z/2012/G2P[4] structural protein 1 (VP1) gene, complete cds",28875,"Viruses","Duplornaviricota","Resentoviricetes","Reovirales","Sedoreoviridae","Rotavirus","Rotavirus A","unclassified Rotavirus A subspecies/strain","unclassified Rotavirus A strain","NGS_2T",5011786
"KC442988.1",2333,147,1,0.067338526,0.0855249,"UNVERIFIED: Rotavirus A strain RVA/Human-wt/USA/VU05-06-66/2005/G2P[4] segment 4 genomic sequence",28875,"Viruses","Duplornaviricota","Resentoviricetes","Reovirales","Sedoreoviridae","Rotavirus","Rotavirus A","unclassified Rotavirus A subspecies/strain","unclassified Rotavirus A strain","NGS_2T",5011786
"MG181659.1",2359,300,2,0.13580805,0.169165,"Rotavirus A strain RVA/Human-wt/MWI/BID2BS/2013/G1P[8] structural protein 4 (VP4) gene, complete cds",28875,"Viruses","Duplornaviricota","Resentoviricetes","Reovirales","Sedoreoviridae","Rotavirus","Rotavirus A","unclassified Rotavirus A subspecies/strain","unclassified Rotavirus A strain","NGS_2T",5011786
"MG181590.1",3303,384,97,4.6133842,5.85964,"Rotavirus A strain RVA/Human-wt/MWI/BID1LN/2013/G1P[8] structural protein 1 (VP1) gene, complete cds",28875,"Viruses","Duplornaviricota","Resentoviricetes","Reovirales","Sedoreoviridae","Rotavirus","Rotavirus A","unclassified Rotavirus A subspecies/strain","unclassified Rotavirus A strain","NGS_2T",5011786
"KY628968.1",157447,373,0,0.029498337,0,"Macacine alphaherpesvirus 1 isolate 8100812, complete genome",10325,"Viruses","Peploviricota","Herviviricetes","Herpesvirales","Herpesviridae","Simplexvirus","Macacine alphaherpesvirus 1","unclassified Macacine alphaherpesvirus 1 subspecies/strain","unclassified Macacine alphaherpesvirus 1 strain","NGS_2T",5011786
"KY628970.1",157321,397,0,0.020226378,0,"Macacine alphaherpesvirus 1 isolate KQ, complete genome",10325,"Viruses","Peploviricota","Herviviricetes","Herpesvirales","Herpesviridae","Simplexvirus","Macacine alphaherpesvirus 1","unclassified Macacine alphaherpesvirus 1 subspecies/strain","unclassified Macacine alphaherpesvirus 1 strain","NGS_2T",5011786
"MT862163.1",131245,408,0,0.07233685,0,"Bovine alphaherpesvirus 2 strain C1Z FZR",10295,"Viruses","Peploviricota","Herviviricetes","Herpesvirales","Herpesviridae","Simplexvirus","Bovine alphaherpesvirus 2","unclassified Bovine alphaherpesvirus 2 subspecies/strain","unclassified Bovine alphaherpesvirus 2 strain","NGS_2T",5011786
"MT900475.1",141859,120,27,0.041507598,0.0379764,"Macropodid alphaherpesvirus 2 strain V3077/08",83440,"Viruses","Peploviricota","Herviviricetes","Herpesvirales","Herpesviridae","Simplexvirus","Macropodid alphaherpesvirus 2","unclassified Macropodid alphaherpesvirus 2 subspecies/strain","unclassified Macropodid alphaherpesvirus 2 strain","NGS_2T",5011786
"LS480640.1",155503,152772,779129,758.756,999.719,"Human alphaherpesvirus 2 isolate 333 genome assembly, chromosome: I",10310,"Viruses","Peploviricota","Herviviricetes","Herpesvirales","Herpesviridae","Simplexvirus","Human alphaherpesvirus 2","unclassified Human alphaherpesvirus 2 subspecies/strain","unclassified Human alphaherpesvirus 2 strain","NGS_2T",5011786
"MF678601.1",144144,351,0,0.011493535,0,"Beluga whale alphaherpesvirus 1 strain LN3131-1",1434720,"Viruses","Peploviricota","Herviviricetes","Herpesvirales","Herpesviridae","Varicellovirus","Monodontid alphaherpesvirus 1","Beluga whale alphaherpesvirus 1","Beluga whale alphaherpesvirus 1","NGS_2T",5011786
"MG989243.1",134617,411,0,0.011623669,0,"Caprine alphaherpesvirus 1 strain JSHA1405",39944,"Viruses","Peploviricota","Herviviricetes","Herpesvirales","Herpesviridae","Varicellovirus","Caprine alphaherpesvirus 1","unclassified Caprine alphaherpesvirus 1 subspecies/strain","unclassified Caprine alphaherpesvirus 1 strain","NGS_2T",5011786
"KT280503.1",7332,453,119,2.4821777,4.22628,"Enterovirus D68 isolate 2011-21186, complete genome",42789,"Viruses","Pisuviricota","Pisoniviricetes","Picornavirales","Picornaviridae","Enterovirus","Enterovirus D","enterovirus D68","enterovirus D68","NGS_5T",3840310
"AM749299.1",33763,150,1,0.0044625592,0.00771246,"Human adenovirus type 31 complete genome, serotype 31",10529,"Viruses","Preplasmiviricota","Tectiliviricetes","Rowavirales","Adenoviridae","Mastadenovirus","Human mastadenovirus A","Human adenovirus 31","Human adenovirus 31","NGS_5T",3840310
"AC_000007.1",35937,2117,2107,8.513595,15.2671,"Human adenovirus 2, complete genome",10515,"Viruses","Preplasmiviricota","Tectiliviricetes","Rowavirales","Adenoviridae","Mastadenovirus","Human mastadenovirus C","Human adenovirus 2","Human adenovirus 2","NGS_5T",3840310
"JQ326209.1",35153,139,1,0.003971088,0.00740749,"Human adenovirus 19, complete genome",28278,"Viruses","Preplasmiviricota","Tectiliviricetes","Rowavirales","Adenoviridae","Mastadenovirus","Human mastadenovirus D","Human adenovirus 19","Human adenovirus 19","NGS_5T",3840310
"NC_006998.1",194711,405,2,0.0020816093,0.00267469,"Vaccinia virus, complete genome",10245,"Viruses","Nucleocytoviricota","Pokkesviricetes","Chitovirales","Poxviridae","Orthopoxvirus","Vaccinia virus","unclassified Vaccinia virus subspecies/strain","unclassified Vaccinia virus strain","NGS_5T",3840310
"NC_003663.2",224499,479,2,0.008228252,0.00231979,"Cowpox virus, complete genome",10243,"Viruses","Nucleocytoviricota","Pokkesviricetes","Chitovirales","Poxviridae","Orthopoxvirus","Cowpox virus","unclassified Cowpox virus subspecies/strain","unclassified Cowpox virus strain","NGS_5T",3840310
"NC_003310.1",196858,13806,92,0.07372349,0.121694,"Monkeypox virus Zaire-96-I-16, complete genome",10244,"Viruses","Nucleocytoviricota","Pokkesviricetes","Chitovirales","Poxviridae","Orthopoxvirus","Monkeypox virus","unclassified Monkeypox virus subspecies/strain","unclassified Monkeypox virus strain","NGS_5T",3840310
"AY484669.1",197731,753,4,0.0038110951,0.00526767,"Rabbitpox virus, complete genome",32606,"Viruses","Nucleocytoviricota","Pokkesviricetes","Chitovirales","Poxviridae","Orthopoxvirus","Vaccinia virus","Rabbitpox virus","Rabbitpox virus","NGS_5T",3840310
"NC_012564.1",5242,150,1,0.029457973,0.0496749,"Human bocavirus 3, complete genome",638313,"Viruses","Cossaviricota","Quintoviricetes","Piccovirales","Parvoviridae","Bocaparvovirus","Primate bocaparvovirus 1","Human bocavirus 3","Human bocavirus 3","NGS_5T",3840310
"KY316160.1",34169,1366,10,0.04685617,0.0762082,"Human adenovirus 41 isolate SH/2015/D16, complete genome",10524,"Viruses","Preplasmiviricota","Tectiliviricetes","Rowavirales","Adenoviridae","Mastadenovirus","Human mastadenovirus F","Human adenovirus 41","Human adenovirus 41","NGS_5T",3840310
"AB111966.1",9060,268,15,0.2885522,0.431119,"Bovine viral diarrhea virus 190cp gene for poryprotein, partai cds, strain: 190cp",233888,"Viruses","Kitrinoviricota","Flasuviricetes","Amarillovirales","Flaviviridae","Pestivirus","Pestivirus A","Bovine viral diarrhea virus 190cp","Bovine viral diarrhea virus 190cp","NGS_5T",3840310
"AC090446.27",170275,220,3,0.0065657604,0.0045878,"Baboon cytomegalovirus OCOM4-37 clone bacmv, WORKING DRAFT SEQUENCE, 22 unordered pieces",153301,"Viruses","Peploviricota","Herviviricetes","Herpesvirales","Herpesviridae","Cytomegalovirus","Papiine betaherpesvirus 3","Baboon cytomegalovirus OCOM4-37","Baboon cytomegalovirus OCOM4-37","NGS_5T",3840310
"AF033808.1",9392,146,10,0.15559402,0.277253,"Rous sarcoma virus, complete genome",11886,"Viruses","Artverviricota","Revtraviricetes","Ortervirales","Retroviridae","Alpharetrovirus","Rous sarcoma virus","unclassified Rous sarcoma virus subspecies/strain","unclassified Rous sarcoma virus strain","NGS_5T",3840310
"AF033812.1",5894,279,22,0.52907383,0.971955,"Abelson murine leukemia virus, complete genome",11788,"Viruses","Artverviricota","Revtraviricetes","Ortervirales","Retroviridae","Gammaretrovirus","Abelson murine leukemia virus","unclassified Abelson murine leukemia virus subspecies/strain","unclassified Abelson murine leukemia virus strain","NGS_5T",3840310
"AF033815.1",8557,320,10,0.29273224,0.304307,"Mason-Pfizer monkey virus, complete genome",11855,"Viruses","Artverviricota","Revtraviricetes","Ortervirales","Retroviridae","Betaretrovirus","Mason-Pfizer monkey virus","unclassified Mason-Pfizer monkey virus subspecies/strain","unclassified Mason-Pfizer monkey virus strain","NGS_5T",3840310
"AF043303.1",4679,597,4,0.13181718,0.222608,"Adeno-associated virus 2, complete genome",10804,"Viruses","Cossaviricota","Quintoviricetes","Piccovirales","Parvoviridae","Dependoparvovirus","Adeno-associated dependoparvovirus A","adeno-associated virus 2","adeno-associated virus 2","NGS_5T",3840310
"AF126467.1",8105,514,286,5.2392206,9.18854,"Simian retrovirus 2, complete genome",39068,"Viruses","Artverviricota","Revtraviricetes","Ortervirales","Retroviridae","Betaretrovirus","Mason-Pfizer monkey virus","Simian retrovirus 2","Simian retrovirus 2","NGS_5T",3840310
"AF134511.1",2121,147,17,0.8970066,2.08709,"Kadipiro virus segment 4 VP4 gene, complete cds",104580,"Viruses","Duplornaviricota","Resentoviricetes","Reovirales","Sedoreoviridae","Seadornavirus","Kadipiro virus","unclassified Kadipiro virus subspecies/strain","unclassified Kadipiro virus strain","NGS_5T",3840310
"AF406966.1",5610,1184,427,10.887729,19.8198,"Bovine parvovirus 2 putative non-structural protein and putative capsid protein genes, complete cds",172296,"Viruses","Cossaviricota","Quintoviricetes","Piccovirales","Parvoviridae","Copiparvovirus","Ungulate copiparvovirus 1","Bovine parvovirus - 2","Bovine parvovirus - 2","NGS_5T",3840310
"AX344110.1",5234,150,1,0.029504327,0.0497508,"Sequence 65 from Patent WO0200924",185639,"Viruses","Cossaviricota","Quintoviricetes","Piccovirales","Parvoviridae","Scindoambidensovirus","Orthopteran scindoambidensovirus 1","Acheta domestica densovirus","Acheta domestica densovirus","NGS_5T",3840310
"AY037928.1",9472,3930,99,1.5551383,2.72162,"Human endogenous retrovirus K113 complete genome",166122,"Viruses","Artverviricota","Revtraviricetes","Ortervirales","Retroviridae","unclassified Retroviridae genus","Human endogenous retrovirus K","Human endogenous retrovirus K113","Human endogenous retrovirus K113","NGS_5T",3840310
"D10032.1",8507,4744,16636,297.0712,509.221,"Baboon endogenous virus strain M7 proviral DNA, complete genome",11764,"Viruses","Artverviricota","Revtraviricetes","Ortervirales","Retroviridae","Gammaretrovirus","Baboon endogenous virus","Baboon endogenous virus strain M7","Baboon endogenous virus strain M7","NGS_5T",3840310
"EF059923.1",2359,300,2,0.13580805,0.220768,"Human rotavirus G9 strain CAU 202 VP4 gene, complete cds",42567,"Viruses","Duplornaviricota","Resentoviricetes","Reovirales","Sedoreoviridae","Rotavirus","Rotavirus A","Rotavirus G9","Rotavirus G9","NGS_5T",3840310
"EU030001.1",8406,315,2,0.15600775,0.0619547,"RD114 retrovirus isolate SC3C, complete genome",11834,"Viruses","Artverviricota","Revtraviricetes","Ortervirales","Retroviridae","Gammaretrovirus","RD114 retrovirus","unclassified RD114 retrovirus subspecies/strain","unclassified RD114 retrovirus strain","NGS_5T",3840310
"FJ810126.1",5759,300,2,0.049206633,0.0904309,"Culex pipiens densovirus, complete genome",185638,"Viruses","Cossaviricota","Quintoviricetes","Piccovirales","Parvoviridae","Protoambidensovirus","Dipteran protoambidensovirus 1","Culex pipiens densovirus","Culex pipiens densovirus","NGS_5T",3840310
"FJ973560.1",4958,288,2,0.059900165,0.105041,"Human bocavirus 2b NI strain HBoV2B-NI-213, complete genome",1511881,"Viruses","Cossaviricota","Quintoviricetes","Piccovirales","Parvoviridae","Bocaparvovirus","Primate bocaparvovirus 2","Human bocavirus 2b NI","Human bocavirus 2b NI","NGS_5T",3840310
"FN824512.2",45480,144,0,0.050275754,0,"Pigeon adenovirus 1 complete genome, strain IDA4",764030,"Viruses","Preplasmiviricota","Tectiliviricetes","Rowavirales","Adenoviridae","Aviadenovirus","Pigeon aviadenovirus A","Pigeon adenovirus 1","Pigeon adenovirus 1","NGS_5T",3840310
"GU452720.1",3893,150,1,0.040074807,0.0668882,"Mosquito densovirus BR/07, complete genome",945962,"Viruses","Cossaviricota","Quintoviricetes","Piccovirales","Parvoviridae","Brevidensovirus","Mosquito densovirus BR/07","unclassified Mosquito densovirus BR/07 subspecies/strain","unclassified Mosquito densovirus BR/07 strain","NGS_5T",3840310
"HM746600.1",20128,116,22,0.12774052,0.284614,"Cavally virus isolate C79, complete genome",1041929,"Viruses","Pisuviricota","Pisoniviricetes","Nidovirales","Mesoniviridae","Alphamesonivirus","Alphamesonivirus 1","Cavally virus","Cavally virus","NGS_5T",3840310
"HQ625441.1",7724,150,1,0.019804595,0.0337125,"Rattus norvegicus papillomavirus 2, complete genome",1036965,"Viruses","Cossaviricota","Papovaviricetes","Zurhausenvirales","Papillomaviridae","Iotapapillomavirus","Iotapapillomavirus 1","Rattus norvegicus papillomavirus 2","Rattus norvegicus papillomavirus 2","NGS_5T",3840310
"J02226.1",5130,542,5,0.14779116,0.253797,"JC virus complete genome",10632,"Viruses","Cossaviricota","Papovaviricetes","Sepolyvirales","Polyomaviridae","Betapolyomavirus","Betapolyomavirus secuhominis","JC polyomavirus","JC polyomavirus","NGS_5T",3840310
"JF304767.1",7664,118,10,3.0023956,0.339765,"Saimiri sciureus papillomavirus type 3 isolate Mac2167.2, complete genome",990306,"Viruses","Cossaviricota","Papovaviricetes","Zurhausenvirales","Papillomaviridae","Dyoomikronpapillomavirus","Dyoomikronpapillomavirus 1","Saimiri sciureus papillomavirus 3","Saimiri sciureus papillomavirus 3","NGS_5T",3840310
"JX195078.1",1356,150,1,0.12437811,0.192032,"Rotavirus A RVA/Human-wt/ITA/AV28/2010/G9P8 segment 6, complete sequence",1307163,"Viruses","Duplornaviricota","Resentoviricetes","Reovirales","Sedoreoviridae","Rotavirus","Rotavirus A","Rotavirus A RVA/Human-wt/ITA/AV28/2010/G9P8","Rotavirus A RVA/Human-wt/ITA/AV28/2010/G9P8","NGS_5T",3840310
"KC617868.1",3780,3780,7030,277.11624,484.281,"Parvovirus NIH-CQV putative 15-kDa protein, putative replication associated protein (rep), and putative capsid protein (cap) genes, complete cds",1341019,"Viruses","Cossaviricota","Quintoviricetes","Piccovirales","Parvoviridae","unclassified Parvoviridae genus","Parvovirus NIH-CQV","unclassified Parvovirus NIH-CQV subspecies/strain","unclassified Parvovirus NIH-CQV strain","NGS_5T",3840310
"KC782514.2",1566,207,1,0.105932206,0.166281,"Rotavirus A human-wt/USA/LB1562/2010/G9P4 NSP1 (NSP1) gene, complete cds",1349389,"Viruses","Duplornaviricota","Resentoviricetes","Reovirales","Sedoreoviridae","Rotavirus","Rotavirus A","Rotavirus A human-wt/USA/LB1562/2010/G9P4","Rotavirus A human-wt/USA/LB1562/2010/G9P4","NGS_5T",3840310
"KC782515.2",1059,150,1,0.1650165,0.245888,"Rotavirus A human-wt/USA/LB1562/2010/G9P4 NSP2 (NSP2) gene, complete cds",1349389,"Viruses","Duplornaviricota","Resentoviricetes","Reovirales","Sedoreoviridae","Rotavirus","Rotavirus A","Rotavirus A human-wt/USA/LB1562/2010/G9P4","Rotavirus A human-wt/USA/LB1562/2010/G9P4","NGS_5T",3840310
"KC782520.2",2687,150,1,0.05912495,0.0969094,"Rotavirus A human-wt/USA/LB1562/2010/G9P4 VP2 (VP2) gene, complete cds",1349389,"Viruses","Duplornaviricota","Resentoviricetes","Reovirales","Sedoreoviridae","Rotavirus","Rotavirus A","Rotavirus A human-wt/USA/LB1562/2010/G9P4","Rotavirus A human-wt/USA/LB1562/2010/G9P4","NGS_5T",3840310
"KF039910.1",6792,150,1,0.02258356,0.0383386,"Human astrovirus 2 isolate Rus-Nsc05-430, complete genome",12701,"Viruses","Pisuviricota","Stelpaviricetes","Stellavirales","Astroviridae","Mamastrovirus","Mamastrovirus 1","Human astrovirus 2","Human astrovirus 2","NGS_5T",3840310
"KF703446.1",127320,288,0,0.009129512,0,"Retroperitoneal fibromatosis-associated herpesvirus isolate RFHVMnM78114, complete genome",111469,"Viruses","Peploviricota","Herviviricetes","Herpesvirales","Herpesviridae","Rhadinovirus","Macacine gammaherpesvirus 8","Retroperitoneal fibromatosis-associated herpesvirus","Retroperitoneal fibromatosis-associated herpesvirus","NGS_5T",3840310
"KJ541759.1",33452,185,13,0.070386164,0.101194,"Ball python nidovirus strain 07-53, complete genome",1986118,"Viruses","Pisuviricota","Pisoniviricetes","Nidovirales","Tobaniviridae","Pregotovirus","Ball python nidovirus 1","unclassified Ball python nidovirus 1 subspecies/strain","unclassified Ball python nidovirus 1 strain","NGS_5T",3840310
"KM269482.1",7875,182,10,0.32569578,0.330661,"Encephalomyocarditis virus strain ATCC VR-129B, complete genome",12104,"Viruses","Pisuviricota","Pisoniviricetes","Picornavirales","Picornaviridae","Cardiovirus","Cardiovirus A","Encephalomyocarditis virus","Encephalomyocarditis virus","NGS_5T",3840310
"KT149397.1",2985,1567,477,24.168606,41.611,"Circovirus-like genome DCCV-4, complete genome",1788444,"Viruses","Cressdnaviricota","Arfiviricetes","Cirlivirales","Circoviridae","unclassified Circoviridae genus","Circovirus-like genome DCCV-4","unclassified Circovirus-like genome DCCV-4 subspecies/strain","unclassified Circovirus-like genome DCCV-4 strain","NGS_5T",3840310
"KT149406.1",2433,2429,948,60.565044,101.461,"Circovirus-like genome DCCV-13, complete genome",1788441,"Viruses","Cressdnaviricota","Arfiviricetes","Cirlivirales","Circoviridae","unclassified Circoviridae genus","Circovirus-like genome DCCV-13","unclassified Circovirus-like genome DCCV-13 subspecies/strain","unclassified Circovirus-like genome DCCV-13 strain","NGS_5T",3840310
"KU172423.1",5254,686,290,8.519397,14.3728,"Bovine hokovirus 2 strain bovine hokovirus 2 strain BS-S13 nonstructural protein (NS1), minor capsid protein (VP1), and major capsid protein (VP2) genes, complete cds",1096141,"Viruses","Cossaviricota","Quintoviricetes","Piccovirales","Parvoviridae","Tetraparvovirus","Ungulate tetraparvovirus 1","Bovine hokovirus 2","Bovine hokovirus 2","NGS_5T",3840310
"KU351741.1",137448,206,3,0.06531049,0.00568351,"Macaca nemestrina herpesvirus 7, complete genome",1846169,"Viruses","Peploviricota","Herviviricetes","Herpesvirales","Herpesviridae","Roseolovirus","Macacine betaherpesvirus 9","Macaca nemestrina herpesvirus 7","Macaca nemestrina herpesvirus 7","NGS_5T",3840310
"KU605777.1",8126,175,71,1.298019,2.27518,"Simian retrovirus 8 strain SRV8/SUZ/2012, complete genome",1904439,"Viruses","Artverviricota","Revtraviricetes","Ortervirales","Retroviridae","Betaretrovirus","Simian retrovirus 8","unclassified Simian retrovirus 8 subspecies/strain","unclassified Simian retrovirus 8 strain","NGS_5T",3840310
"KU727766.1",5166,300,2,0.059808612,0.100811,"Parus major densovirus isolate PmDNV-JL, complete genome",1907771,"Viruses","Cossaviricota","Quintoviricetes","Piccovirales","Parvoviridae","unclassified Parvoviridae genus","Parus major densovirus","unclassified Parus major densovirus subspecies/strain","unclassified Parus major densovirus strain","NGS_5T",3840310
"KU936049.1",137452,1896,380,0.81730783,0.71989,"Bubaline alphaherpesvirus 1 strain b6, complete genome",202910,"Viruses","Peploviricota","Herviviricetes","Herpesvirales","Herpesviridae","Varicellovirus","Bubaline alphaherpesvirus 1","unclassified Bubaline alphaherpesvirus 1 subspecies/strain","unclassified Bubaline alphaherpesvirus 1 strain","NGS_5T",3840310
"KY019139.2",5371,193,6,0.21930665,0.290891,"Bosavirus MS-2016a, complete genome",1917013,"Viruses","Cossaviricota","Quintoviricetes","Piccovirales","Parvoviridae","Copiparvovirus","Ungulate copiparvovirus 5","Bosavirus MS-2016a","Bosavirus MS-2016a","NGS_5T",3840310
"KY040274.1",192183,220,0,0.022933558,0,"Molluscum contagiosum virus subtype 2 isolate Madrid 2016_1, complete genome",10281,"Viruses","Nucleocytoviricota","Pokkesviricetes","Chitovirales","Poxviridae","Molluscipoxvirus","Molluscum contagiosum virus","Molluscum contagiosum virus subtype 2","Molluscum contagiosum virus subtype 2","NGS_5T",3840310
"KY040275.1",188253,521,1,0.071535274,0.00138322,"Molluscum contagiosum virus subtype 1 isolate Madrid 2016_3, complete genome",10280,"Viruses","Nucleocytoviricota","Pokkesviricetes","Chitovirales","Poxviridae","Molluscipoxvirus","Molluscum contagiosum virus","Molluscum contagiosum virus subtype 1","Molluscum contagiosum virus subtype 1","NGS_5T",3840310
"KY215944.1",135301,358,3,0.04036226,0.0057737,"Bovine alphaherpesvirus 1 isolate 216 II, complete genome",10320,"Viruses","Peploviricota","Herviviricetes","Herpesvirales","Herpesviridae","Varicellovirus","Bovine alphaherpesvirus 1","unclassified Bovine alphaherpesvirus 1 subspecies/strain","unclassified Bovine alphaherpesvirus 1 strain","NGS_5T",3840310
"KY354239.1",9126,150,1,0.009692513,0.0285334,"Apis dicistrovirus isolate AWD-1151 nonstructural polyprotein and structural polyprotein genes, complete cds",1983569,"Viruses","Pisuviricota","Pisoniviricetes","Picornavirales","Dicistroviridae","unclassified Dicistroviridae genus","Apis dicistrovirus","unclassified Apis dicistrovirus subspecies/strain","unclassified Apis dicistrovirus strain","NGS_5T",3840310
"KY385637.1",147346,142,0,0.0014742248,0,"Ateline alphaherpesvirus 1 isolate Lennette, complete genome",35243,"Viruses","Peploviricota","Herviviricetes","Herpesvirales","Herpesviridae","Simplexvirus","Ateline alphaherpesvirus 1","unclassified Ateline alphaherpesvirus 1 subspecies/strain","unclassified Ateline alphaherpesvirus 1 strain","NGS_5T",3840310
"KY490071.1",235397,150,1,0.0006376277,0.0011062,"Human betaherpesvirus 5 strain HANChild1, complete genome",10359,"Viruses","Peploviricota","Herviviricetes","Herpesvirales","Herpesviridae","Cytomegalovirus","Human betaherpesvirus 5","unclassified Human betaherpesvirus 5 subspecies/strain","unclassified Human betaherpesvirus 5 strain","NGS_5T",3840310
"KY549446.1",137712,503,0,0.0150623,0,"Bovine alphaherpesvirus 5 strain ISO 97/45, complete genome",35244,"Viruses","Peploviricota","Herviviricetes","Herpesvirales","Herpesviridae","Varicellovirus","Bovine alphaherpesvirus 5","unclassified Bovine alphaherpesvirus 5 subspecies/strain","unclassified Bovine alphaherpesvirus 5 strain","NGS_5T",3840310
"KY628971.1",155462,107,0,0.008853147,0,"Macacine alphaherpesvirus 1 isolate 12930, complete genome",10325,"Viruses","Peploviricota","Herviviricetes","Herpesvirales","Herpesviridae","Simplexvirus","Macacine alphaherpesvirus 1","unclassified Macacine alphaherpesvirus 1 subspecies/strain","unclassified Macacine alphaherpesvirus 1 strain","NGS_5T",3840310
"KY705374.1",7480,185,41,0.83765346,1.4273,"Bovine papillomavirus isolate NY-8385, complete genome",10571,"Viruses","Cossaviricota","Papovaviricetes","Zurhausenvirales","Papillomaviridae","unclassified Papillomaviridae genus","Bovine papillomavirus","unclassified Bovine papillomavirus subspecies/strain","unclassified Bovine papillomavirus strain","NGS_5T",3840310
"LT594108.1",151216,312,2,0.002230813,0.00344402,"Human herpesvirus 1 isolate 1319_2005 genome assembly, complete genome: monopartite",10298,"Viruses","Peploviricota","Herviviricetes","Herpesvirales","Herpesviridae","Simplexvirus","Human alphaherpesvirus 1","unclassified Human alphaherpesvirus 1 subspecies/strain","unclassified Human alphaherpesvirus 1 strain","NGS_5T",3840310
"LT797627.1",138912,450,3,0.0032429628,0.00562361,"Human herpesvirus 2 isolate 1 genome assembly, complete genome: monopartite",10310,"Viruses","Peploviricota","Herviviricetes","Herpesvirales","Herpesviridae","Simplexvirus","Human alphaherpesvirus 2","unclassified Human alphaherpesvirus 2 subspecies/strain","unclassified Human alphaherpesvirus 2 strain","NGS_5T",3840310
"MF118167.1",3925,879,14,0.5483444,0.9288,"Human fecal virus Jorvi2, complete genome",2017081,"Viruses","Cressdnaviricota","Arfiviricetes","Cirlivirales","Circoviridae","unclassified Circoviridae genus","Human fecal virus Jorvi2","unclassified Human fecal virus Jorvi2 subspecies/strain","unclassified Human fecal virus Jorvi2 strain","NGS_5T",3840310
"MG972981.1",5759,390,930,21.172224,42.0503,"Ungulate copiparvovirus 1 strain QQHE16, complete genome",1511889,"Viruses","Cossaviricota","Quintoviricetes","Piccovirales","Parvoviridae","Copiparvovirus","Ungulate copiparvovirus 1","unclassified Ungulate copiparvovirus 1 subspecies/strain","unclassified Ungulate copiparvovirus 1 strain","NGS_5T",3840310
"MH036942.1",138199,482,0,0.017964635,0,"Cervid alphaherpesvirus 1 strain Anlier, complete genome",79891,"Viruses","Peploviricota","Herviviricetes","Herpesvirales","Herpesviridae","Varicellovirus","Cervid alphaherpesvirus 1","unclassified Cervid alphaherpesvirus 1 subspecies/strain","unclassified Cervid alphaherpesvirus 1 strain","NGS_5T",3840310
"MH036943.1",142633,647,0,0.059810646,0,"Cervid alphaherpesvirus 2 strain Norway, complete genome",365327,"Viruses","Peploviricota","Herviviricetes","Herpesvirales","Herpesviridae","Varicellovirus","Cervid alphaherpesvirus 2","unclassified Cervid alphaherpesvirus 2 subspecies/strain","unclassified Cervid alphaherpesvirus 2 strain","NGS_5T",3840310
"MH698402.1",162076,1189,118,0.10273829,0.189582,"Human betaherpesvirus 6B strain GTEX-OXRO_icihv6b, complete genome",32604,"Viruses","Peploviricota","Herviviricetes","Herpesvirales","Herpesviridae","Roseolovirus","Human betaherpesvirus 6B","unclassified Human betaherpesvirus 6B subspecies/strain","unclassified Human betaherpesvirus 6B strain","NGS_5T",3840310
"MN205539.1",137429,177,0,0.032270048,0,"UNVERIFIED: Human gammaherpesvirus 8 strain BCBL-1, complete genome",37296,"Viruses","Peploviricota","Herviviricetes","Herpesvirales","Herpesviridae","Rhadinovirus","Human gammaherpesvirus 8","unclassified Human gammaherpesvirus 8 subspecies/strain","unclassified Human gammaherpesvirus 8 strain","NGS_5T",3840310
"NC_001491.2",150224,214,11,0.004477791,0.0190672,"Equid herpesvirus 1, complete genome",10326,"Viruses","Peploviricota","Herviviricetes","Herpesvirales","Herpesviridae","Varicellovirus","Equid alphaherpesvirus 1","unclassified Equid alphaherpesvirus 1 subspecies/strain","unclassified Equid alphaherpesvirus 1 strain","NGS_5T",3840310
"NC_001664.4",159378,804,90,0.07327229,0.147044,"Human betaherpesvirus 6A, variant A DNA, complete virion genome, isolate U1102",32603,"Viruses","Peploviricota","Herviviricetes","Herpesvirales","Herpesviridae","Roseolovirus","Human betaherpesvirus 6A","unclassified Human betaherpesvirus 6A subspecies/strain","unclassified Human betaherpesvirus 6A strain","NGS_5T",3840310
"NC_001716.2",153080,633,11,0.0059831296,0.0187115,"Human herpesvirus 7, complete genome",10372,"Viruses","Peploviricota","Herviviricetes","Herpesvirales","Herpesviridae","Roseolovirus","Human betaherpesvirus 7","unclassified Human betaherpesvirus 7 subspecies/strain","unclassified Human betaherpesvirus 7 strain","NGS_5T",3840310
"NC_001987.1",108409,121,0,0.0011915868,0,"Ateline herpesvirus 3 complete genome",85618,"Viruses","Peploviricota","Herviviricetes","Herpesvirales","Herpesviridae","Rhadinovirus","Ateline gammaherpesvirus 3","unclassified Ateline gammaherpesvirus 3 subspecies/strain","unclassified Ateline gammaherpesvirus 3 strain","NGS_5T",3840310
"NC_002665.1",108873,1065,160,0.21311039,0.382678,"Bovine herpesvirus 4 long unique region, complete sequence",10385,"Viruses","Peploviricota","Herviviricetes","Herpesvirales","Herpesviridae","Rhadinovirus","Bovine gammaherpesvirus 4","unclassified Bovine gammaherpesvirus 4 subspecies/strain","unclassified Bovine gammaherpesvirus 4 strain","NGS_5T",3840310
"NC_006151.1",143461,338,0,0.020124067,0,"Suid herpesvirus 1, complete genome",10345,"Viruses","Peploviricota","Herviviricetes","Herpesvirales","Herpesviridae","Varicellovirus","Suid alphaherpesvirus 1","unclassified Suid alphaherpesvirus 1 subspecies/strain","unclassified Suid alphaherpesvirus 1 strain","NGS_5T",3840310
"NC_006560.1",150715,537,10,0.062212333,0.0172774,"Cercopithecine herpesvirus 2, complete genome",10317,"Viruses","Peploviricota","Herviviricetes","Herpesvirales","Herpesviridae","Simplexvirus","Cercopithecine alphaherpesvirus 2","unclassified Cercopithecine alphaherpesvirus 2 subspecies/strain","unclassified Cercopithecine alphaherpesvirus 2 strain","NGS_5T",3840310
"NC_007653.1",156487,417,1,0.004304803,0.00166401,"Papiine herpesvirus 2, complete genome",340907,"Viruses","Peploviricota","Herviviricetes","Herpesvirales","Herpesviridae","Simplexvirus","Papiine alphaherpesvirus 2","unclassified Papiine alphaherpesvirus 2 subspecies/strain","unclassified Papiine alphaherpesvirus 2 strain","NGS_5T",3840310
"NC_009334.1",172764,426,3,0.0024679343,0.0045217,"Human herpesvirus 4, complete genome",12509,"Viruses","Peploviricota","Herviviricetes","Herpesvirales","Herpesviridae","Lymphocryptovirus","Human gammaherpesvirus 4","Human herpesvirus 4 type 2","Human herpesvirus 4 type 2","NGS_5T",3840310
"NC_012783.2",226205,128,3,0.016942779,0.00345345,"Cercopithecine herpesvirus 5 strain 2715, complete genome",50292,"Viruses","Peploviricota","Herviviricetes","Herpesvirales","Herpesviridae","Cytomegalovirus","Cercopithecine betaherpesvirus 5","unclassified Cercopithecine betaherpesvirus 5 subspecies/strain","unclassified Cercopithecine betaherpesvirus 5 strain","NGS_5T",3840310
"NC_014567.1",156742,786,8,0.123754725,0.0132904,"Saimiriine herpesvirus 1, complete genome",10353,"Viruses","Peploviricota","Herviviricetes","Herpesvirales","Herpesviridae","Simplexvirus","Saimiriine alphaherpesvirus 1","unclassified Saimiriine alphaherpesvirus 1 subspecies/strain","unclassified Saimiriine alphaherpesvirus 1 strain","NGS_5T",3840310
"NC_023677.1",153158,181,4,0.48602033,0.00680071,"Chimpanzee alpha-1 herpesvirus strain 105640, complete genome",332937,"Viruses","Peploviricota","Herviviricetes","Herpesvirales","Herpesviridae","Simplexvirus","Panine alphaherpesvirus 3","Chimpanzee herpesvirus strain 105640","Chimpanzee herpesvirus strain 105640","NGS_5T",3840310
"NC_024771.1",151601,232,25,0.021175165,0.042941,"Equid herpesvirus 3 strain AR/2007/C3A, complete genome",80341,"Viruses","Peploviricota","Herviviricetes","Herpesvirales","Herpesviridae","Varicellovirus","Equid alphaherpesvirus 3","unclassified Equid alphaherpesvirus 3 subspecies/strain","unclassified Equid alphaherpesvirus 3 strain","NGS_5T",3840310
"U89790.1",4767,150,31,1.006931,1.69336,"Adeno-associated virus 4, complete genome",57579,"Viruses","Cossaviricota","Quintoviricetes","Piccovirales","Parvoviridae","Dependoparvovirus","Adeno-associated dependoparvovirus A","Adeno-associated virus - 4","Adeno-associated virus - 4","NGS_5T",3840310
"V01108.1",5153,512,4,0.11992804,0.202131,"Human BK virus (strain Dunlop) genome. (Closely related to SV40.)",1891762,"Viruses","Cossaviricota","Papovaviricetes","Sepolyvirales","Polyomaviridae","Betapolyomavirus","Betapolyomavirus hominis","unclassified Betapolyomavirus hominis subspecies/strain","unclassified Betapolyomavirus hominis strain","NGS_5T",3840310
"V01201.1",5779,206,8,0.46597975,0.360472,"Simian sarcoma virus proviral sequence with genes coding for envelope protein (env) and polymerase (pol)",11970,"Viruses","Artverviricota","Revtraviricetes","Ortervirales","Retroviridae","Gammaretrovirus","Woolly monkey sarcoma virus","unclassified Woolly monkey sarcoma virus subspecies/strain","unclassified Woolly monkey sarcoma virus strain","NGS_5T",3840310
"Z25771.1",6813,444,3,0.05538046,0.114661,"Human astrovirus type 1 genes for capsid protein and nonstructural protein",12456,"Viruses","Pisuviricota","Stelpaviricetes","Stellavirales","Astroviridae","Mamastrovirus","Mamastrovirus 1","Human astrovirus 1","Human astrovirus 1","NGS_5T",3840310
"D00835.1",11443,316,4,0.056849375,0.0910236,"Human immunodeficiency virus 2 proviral DNA, complete genome",11709,"Viruses","Artverviricota","Revtraviricetes","Ortervirales","Retroviridae","Lentivirus","Human immunodeficiency virus 2","unclassified Human immunodeficiency virus 2 subspecies/strain","unclassified Human immunodeficiency virus 2 strain","NGS_5T",3840310
"OM460002.1",220276,683,4,0.0041794246,0.00472853,"Cowpox virus isolate No-H2, complete genome",10243,"Viruses","Nucleocytoviricota","Pokkesviricetes","Chitovirales","Poxviridae","Orthopoxvirus","Cowpox virus","unclassified Cowpox virus subspecies/strain","unclassified Cowpox virus strain","NGS_5T",3840310
"GQ329670.1",145289,250,1,0.20776635,0.00179226,"Pseudocowpox virus strain VR634, complete genome",129726,"Viruses","Nucleocytoviricota","Pokkesviricetes","Chitovirales","Poxviridae","Parapoxvirus","Pseudocowpox virus","unclassified Pseudocowpox virus subspecies/strain","unclassified Pseudocowpox virus strain","NGS_5T",3840310
"LT907991.1",12681,301,5,0.04740244,0.102672,"Bovine viral diarrhea virus 1 isolate VE_138cp_05 genome assembly, complete genome: monopartite",11099,"Viruses","Kitrinoviricota","Flasuviricetes","Amarillovirales","Flaviviridae","Pestivirus","Pestivirus A","Bovine viral diarrhea virus 1","Bovine viral diarrhea virus 1","NGS_5T",3840310
"MF351889.1",32399,153,0,0.13578716,0,"Morelia viridis nidovirus strain S14-1323_MVNV, complete genome",2016400,"Viruses","Pisuviricota","Pisoniviricetes","Nidovirales","Tobaniviridae","Pregotovirus","Pregotovirus heba","Morelia viridis nidovirus","Morelia viridis nidovirus","NGS_5T",3840310
"KY055429.1",2585,150,1,0.061601643,0.100733,"Rotavirus A strain RVA/Goat-wt/UGA/BUW-14-085/2014/G6P[1] VP3 (VP3) mRNA, complete cds",28875,"Viruses","Duplornaviricota","Resentoviricetes","Reovirales","Sedoreoviridae","Rotavirus","Rotavirus A","unclassified Rotavirus A subspecies/strain","unclassified Rotavirus A strain","NGS_5T",3840310
"FJ495126.1",3302,300,2,0.095177665,0.15772,"Rotavirus A strain RVA/Antelope-wt/ZAF/RC-18-08/G6P[14] structural protein VP1 gene, complete cds",28875,"Viruses","Duplornaviricota","Resentoviricetes","Reovirales","Sedoreoviridae","Rotavirus","Rotavirus A","unclassified Rotavirus A subspecies/strain","unclassified Rotavirus A strain","NGS_5T",3840310
"JX040418.1",750,150,1,0.25,0.347194,"Rotavirus A strain RVA/human-wt/IND/N-1/2009/G6P[14] structural protein VP3 gene, partial cds",28875,"Viruses","Duplornaviricota","Resentoviricetes","Reovirales","Sedoreoviridae","Rotavirus","Rotavirus A","unclassified Rotavirus A subspecies/strain","unclassified Rotavirus A strain","NGS_5T",3840310
"KT695085.1",2359,150,1,0.067904025,0.110384,"Human rotavirus A strain RVA/Human-tc/USA/DC3695-40-AG/1989/G1P[8] VP4 (VP4) gene, complete cds",10941,"Viruses","Duplornaviricota","Resentoviricetes","Reovirales","Sedoreoviridae","Rotavirus","Rotavirus A","Human rotavirus A","Human rotavirus A","NGS_5T",3840310
"KU356614.1",1059,135,159,23.613861,39.0962,"Human rotavirus A strain RVA/Human-wt/BGN/M313/2013/G2P[4] NSP2 gene, complete cds",10941,"Viruses","Duplornaviricota","Resentoviricetes","Reovirales","Sedoreoviridae","Rotavirus","Rotavirus A","Human rotavirus A","Human rotavirus A","NGS_5T",3840310
"KC175185.1",1343,287,2,0.24057,0.387782,"Rotavirus A strain RVA/Human-wt/IND/N198/2004/G10P[11] segment 6 inner capsid protein VP6 (VP6) gene, complete cds",28875,"Viruses","Duplornaviricota","Resentoviricetes","Reovirales","Sedoreoviridae","Rotavirus","Rotavirus A","unclassified Rotavirus A subspecies/strain","unclassified Rotavirus A strain","NGS_5T",3840310
"FJ347104.1",1356,313,2,0.23880596,0.384064,"Rotavirus A strain RVA/Guanaco-wt/ARG/Chubut/1999/G8P[14] VP6 gene, complete cds",28875,"Viruses","Duplornaviricota","Resentoviricetes","Reovirales","Sedoreoviridae","Rotavirus","Rotavirus A","unclassified Rotavirus A subspecies/strain","unclassified Rotavirus A strain","NGS_5T",3840310
"EF554149.1",2687,150,1,0.05912495,0.0969094,"Rotavirus A strain RVA/Sheep-tc/ESP/OVR762/2002/G8P[14] VP2 gene, complete cds",28875,"Viruses","Duplornaviricota","Resentoviricetes","Reovirales","Sedoreoviridae","Rotavirus","Rotavirus A","unclassified Rotavirus A subspecies/strain","unclassified Rotavirus A strain","NGS_5T",3840310
"MG181725.1",2359,187,2,0.13128112,0.220768,"Rotavirus A strain RVA/Human-wt/MWI/BID2MT/2014/G1P[8] structural protein 4 (VP4) gene, complete cds",28875,"Viruses","Duplornaviricota","Resentoviricetes","Reovirales","Sedoreoviridae","Rotavirus","Rotavirus A","unclassified Rotavirus A subspecies/strain","unclassified Rotavirus A strain","NGS_5T",3840310
"MF184783.1",1014,135,4,0.625,1.0272,"Rotavirus A strain RVA/Human-wt/USA/CNMC109/2011/G3P[6] segment 8 non-structural protein 2 (NSP2) gene, complete cds",28875,"Viruses","Duplornaviricota","Resentoviricetes","Reovirales","Sedoreoviridae","Rotavirus","Rotavirus A","unclassified Rotavirus A subspecies/strain","unclassified Rotavirus A strain","NGS_5T",3840310
"KP007164.1",2589,150,1,0.061500616,0.100578,"Human rotavirus A strain RVA/Human-wt/PHI/TGO12-004/2012/G1P[8] RNA capping enzyme (VP3) gene, complete cds",10941,"Viruses","Duplornaviricota","Resentoviricetes","Reovirales","Sedoreoviridae","Rotavirus","Rotavirus A","Human rotavirus A","Human rotavirus A","NGS_5T",3840310
"KY628968.1",157447,265,0,0.027775481,0,"Macacine alphaherpesvirus 1 isolate 8100812, complete genome",10325,"Viruses","Peploviricota","Herviviricetes","Herpesvirales","Herpesviridae","Simplexvirus","Macacine alphaherpesvirus 1","unclassified Macacine alphaherpesvirus 1 subspecies/strain","unclassified Macacine alphaherpesvirus 1 strain","NGS_5T",3840310
"MT862163.1",131245,277,0,0.07181815,0,"Bovine alphaherpesvirus 2 strain C1Z FZR",10295,"Viruses","Peploviricota","Herviviricetes","Herpesvirales","Herpesviridae","Simplexvirus","Bovine alphaherpesvirus 2","unclassified Bovine alphaherpesvirus 2 subspecies/strain","unclassified Bovine alphaherpesvirus 2 strain","NGS_5T",3840310
"LS480640.1",155503,1493,8,0.014380153,0.0133963,"Human alphaherpesvirus 2 isolate 333 genome assembly, chromosome: I",10310,"Viruses","Peploviricota","Herviviricetes","Herpesvirales","Herpesviridae","Simplexvirus","Human alphaherpesvirus 2","unclassified Human alphaherpesvirus 2 subspecies/strain","unclassified Human alphaherpesvirus 2 strain","NGS_5T",3840310
"MF678601.1",144144,181,0,0.008069781,0,"Beluga whale alphaherpesvirus 1 strain LN3131-1",1434720,"Viruses","Peploviricota","Herviviricetes","Herpesvirales","Herpesviridae","Varicellovirus","Monodontid alphaherpesvirus 1","Beluga whale alphaherpesvirus 1","Beluga whale alphaherpesvirus 1","NGS_5T",3840310
"MG989243.1",134617,210,0,0.14261492,0,"Caprine alphaherpesvirus 1 strain JSHA1405",39944,"Viruses","Peploviricota","Herviviricetes","Herpesvirales","Herpesviridae","Varicellovirus","Caprine alphaherpesvirus 1","unclassified Caprine alphaherpesvirus 1 subspecies/strain","unclassified Caprine alphaherpesvirus 1 strain","NGS_5T",3840310
"KT280503.1",7332,894,8,0.16680591,0.107854,"Enterovirus D68 isolate 2011-21186, complete genome",42789,"Viruses","Pisuviricota","Pisoniviricetes","Picornavirales","Picornaviridae","Enterovirus","Enterovirus D","enterovirus D68","enterovirus D68","NGS_1T",10116512
"AM749299.1",33763,128,54,0.20563473,0.158096,"Human adenovirus type 31 complete genome, serotype 31",10529,"Viruses","Preplasmiviricota","Tectiliviricetes","Rowavirales","Adenoviridae","Mastadenovirus","Human mastadenovirus A","Human adenovirus 31","Human adenovirus 31","NGS_1T",10116512
"AC_000007.1",35937,1817,948,4.028474,2.60757,"Human adenovirus 2, complete genome",10515,"Viruses","Preplasmiviricota","Tectiliviricetes","Rowavirales","Adenoviridae","Mastadenovirus","Human mastadenovirus C","Human adenovirus 2","Human adenovirus 2","NGS_1T",10116512
"JQ326209.1",35153,148,1,0.004228209,0.00281194,"Human adenovirus 19, complete genome",28278,"Viruses","Preplasmiviricota","Tectiliviricetes","Rowavirales","Adenoviridae","Mastadenovirus","Human mastadenovirus D","Human adenovirus 19","Human adenovirus 19","NGS_1T",10116512
"NC_003310.1",196858,194520,4110549,3267.4497,2064.03,"Monkeypox virus Zaire-96-I-16, complete genome",10244,"Viruses","Nucleocytoviricota","Pokkesviricetes","Chitovirales","Poxviridae","Orthopoxvirus","Monkeypox virus","unclassified Monkeypox virus subspecies/strain","unclassified Monkeypox virus strain","NGS_1T",10116512
"NC_012564.1",5242,300,20,0.30714846,0.37714,"Human bocavirus 3, complete genome",638313,"Viruses","Cossaviricota","Quintoviricetes","Piccovirales","Parvoviridae","Bocaparvovirus","Primate bocaparvovirus 1","Human bocavirus 3","Human bocavirus 3","NGS_1T",10116512
"NC_012042.1",5196,300,2,0.059453033,0.0380478,"Human bocavirus 2c PK isolate PK-5510, complete genome",1511882,"Viruses","Cossaviricota","Quintoviricetes","Piccovirales","Parvoviridae","Bocaparvovirus","Primate bocaparvovirus 2","Human bocavirus 2c PK","Human bocavirus 2c PK","NGS_1T",10116512
"NC_001802.1",9181,4939,6222,98.19201,66.9899,"Human immunodeficiency virus 1, complete genome",11676,"Viruses","Artverviricota","Revtraviricetes","Ortervirales","Retroviridae","Lentivirus","Human immunodeficiency virus 1","unclassified Human immunodeficiency virus 1 subspecies/strain","unclassified Human immunodeficiency virus 1 strain","NGS_1T",10116512
"KY316160.1",34169,7289,853,4.0183134,2.46766,"Human adenovirus 41 isolate SH/2015/D16, complete genome",10524,"Viruses","Preplasmiviricota","Tectiliviricetes","Rowavirales","Adenoviridae","Mastadenovirus","Human mastadenovirus F","Human adenovirus 41","Human adenovirus 41","NGS_1T",10116512
"AB111966.1",9060,267,18,0.3416386,0.196387,"Bovine viral diarrhea virus 190cp gene for poryprotein, partai cds, strain: 190cp",233888,"Viruses","Kitrinoviricota","Flasuviricetes","Amarillovirales","Flaviviridae","Pestivirus","Pestivirus A","Bovine viral diarrhea virus 190cp","Bovine viral diarrhea virus 190cp","NGS_1T",10116512
"AB623037.2",7442,196,41,0.84339,0.544582,"Sapovirus Hu/OH08021/2008/JP genomic RNA, complete genome",1003429,"Viruses","Pisuviricota","Pisoniviricetes","Picornavirales","Caliciviridae","Sapovirus","Sapporo virus","Sapovirus Hu/OH08021/2008/JP","Sapovirus Hu/OH08021/2008/JP","NGS_1T",10116512
"AC090446.27",170275,290,1,0.008041146,0.000580522,"Baboon cytomegalovirus OCOM4-37 clone bacmv, WORKING DRAFT SEQUENCE, 22 unordered pieces",153301,"Viruses","Peploviricota","Herviviricetes","Herpesvirales","Herpesviridae","Cytomegalovirus","Papiine betaherpesvirus 3","Baboon cytomegalovirus OCOM4-37","Baboon cytomegalovirus OCOM4-37","NGS_1T",10116512
"AF033815.1",8557,411,11,0.13310337,0.127069,"Mason-Pfizer monkey virus, complete genome",11855,"Viruses","Artverviricota","Revtraviricetes","Ortervirales","Retroviridae","Betaretrovirus","Mason-Pfizer monkey virus","unclassified Mason-Pfizer monkey virus subspecies/strain","unclassified Mason-Pfizer monkey virus strain","NGS_1T",10116512
"AF033818.1",8419,831,63,1.1816423,0.739689,"Bovine leukemia virus complete genome",11901,"Viruses","Artverviricota","Revtraviricetes","Ortervirales","Retroviridae","Deltaretrovirus","Bovine leukemia virus","unclassified Bovine leukemia virus subspecies/strain","unclassified Bovine leukemia virus strain","NGS_1T",10116512
"AF036710.1",4936,182,1,0.044504806,0.020026,"Rat parvovirus 1a nonstructural protein (NS1) and nonstructural protein (NS2) genes, complete cds",74581,"Viruses","Cossaviricota","Quintoviricetes","Piccovirales","Parvoviridae","Protoparvovirus","Rodent protoparvovirus 2","Rat parvovirus 1","Rat parvovirus 1","NGS_1T",10116512
"AF043303.1",4679,2008,45,0.938397,0.950668,"Adeno-associated virus 2, complete genome",10804,"Viruses","Cossaviricota","Quintoviricetes","Piccovirales","Parvoviridae","Dependoparvovirus","Adeno-associated dependoparvovirus A","adeno-associated virus 2","adeno-associated virus 2","NGS_1T",10116512
"AF052428.1",9396,141,2,0.030499676,0.0210405,"Rous sarcoma virus strain Schmidt-Ruppin B, complete genome",269447,"Viruses","Artverviricota","Revtraviricetes","Ortervirales","Retroviridae","Alpharetrovirus","Rous sarcoma virus","Rous sarcoma virus - Schmidt-Ruppin B","Rous sarcoma virus - Schmidt-Ruppin B","NGS_1T",10116512
"AF108105.1",35100,287,2,0.008211731,0.00563238,"Human adenovirus type 17 complete genome",46922,"Viruses","Preplasmiviricota","Tectiliviricetes","Rowavirales","Adenoviridae","Mastadenovirus","Human mastadenovirus D","Human adenovirus 17","Human adenovirus 17","NGS_1T",10116512
"AF126467.1",8105,592,328,5.2843494,4.00028,"Simian retrovirus 2, complete genome",39068,"Viruses","Artverviricota","Revtraviricetes","Ortervirales","Retroviridae","Betaretrovirus","Mason-Pfizer monkey virus","Simian retrovirus 2","Simian retrovirus 2","NGS_1T",10116512
"AF406966.1",5610,2465,665,16.31685,11.7173,"Bovine parvovirus 2 putative non-structural protein and putative capsid protein genes, complete cds",172296,"Viruses","Cossaviricota","Quintoviricetes","Piccovirales","Parvoviridae","Copiparvovirus","Ungulate copiparvovirus 1","Bovine parvovirus - 2","Bovine parvovirus - 2","NGS_1T",10116512
"AY037928.1",9472,6299,278,4.277408,2.90116,"Human endogenous retrovirus K113 complete genome",166122,"Viruses","Artverviricota","Revtraviricetes","Ortervirales","Retroviridae","unclassified Retroviridae genus","Human endogenous retrovirus K","Human endogenous retrovirus K113","Human endogenous retrovirus K113","NGS_1T",10116512
"CY187632.1",2309,150,1,0.06947661,0.04281,"Influenza A virus (A/Houston/JMM_42/2012(H3N2)) polymerase PB1 (PB1) and PB1-F2 protein (PB1-F2) genes, complete cds",1383502,"Viruses","Negarnaviricota","Insthoviricetes","Articulavirales","Orthomyxoviridae","Alphainfluenzavirus","Influenza A virus","Influenza A virus (A/Houston/JMM_42/2012(H3N2))","Influenza A virus (A/Houston/JMM_42/2012(H3N2))","NGS_1T",10116512
"D10032.1",8507,4419,13644,242.8411,158.538,"Baboon endogenous virus strain M7 proviral DNA, complete genome",11764,"Viruses","Artverviricota","Revtraviricetes","Ortervirales","Retroviridae","Gammaretrovirus","Baboon endogenous virus","Baboon endogenous virus strain M7","Baboon endogenous virus strain M7","NGS_1T",10116512
"DQ458789.2",20192,299,28,0.20955992,0.137072,"Nam Dinh virus isolate 02VN178, complete genome",325676,"Viruses","Pisuviricota","Pisoniviricetes","Nidovirales","Mesoniviridae","Alphamesonivirus","Alphamesonivirus 1","Nam Dinh virus","Nam Dinh virus","NGS_1T",10116512
"EF059923.1",2359,1287,234,15.814396,9.80521,"Human rotavirus G9 strain CAU 202 VP4 gene, complete cds",42567,"Viruses","Duplornaviricota","Resentoviricetes","Reovirales","Sedoreoviridae","Rotavirus","Rotavirus A","Rotavirus G9","Rotavirus G9","NGS_1T",10116512
"EU030001.1",8406,173,0,0.25932655,0,"RD114 retrovirus isolate SC3C, complete genome",11834,"Viruses","Artverviricota","Revtraviricetes","Ortervirales","Retroviridae","Gammaretrovirus","RD114 retrovirus","unclassified RD114 retrovirus subspecies/strain","unclassified RD114 retrovirus strain","NGS_1T",10116512
"FJ361201.1",3267,150,1,0.048123196,0.0302566,"Rotavirus A strain 116E/AG segment 1 viral protein 1 (VP1) gene, complete cds",638299,"Viruses","Duplornaviricota","Resentoviricetes","Reovirales","Sedoreoviridae","Rotavirus","Rotavirus A","Rotavirus A strain 116E/AG","Rotavirus A strain 116E/AG","NGS_1T",10116512
"FJ810126.1",5759,1268,61,1.5726511,1.04701,"Culex pipiens densovirus, complete genome",185638,"Viruses","Cossaviricota","Quintoviricetes","Piccovirales","Parvoviridae","Protoambidensovirus","Dipteran protoambidensovirus 1","Culex pipiens densovirus","Culex pipiens densovirus","NGS_1T",10116512
"FJ947080.1",7476,150,1,0.02047502,0.0132221,"Human papillomavirus type 115 isolate GC02, complete genome",696746,"Viruses","Cossaviricota","Papovaviricetes","Zurhausenvirales","Papillomaviridae","Betapapillomavirus","Betapapillomavirus 3","human papillomavirus 115","human papillomavirus 115","NGS_1T",10116512
"FJ973560.1",4958,722,35,0.9457155,0.6978,"Human bocavirus 2b NI strain HBoV2B-NI-213, complete genome",1511881,"Viruses","Cossaviricota","Quintoviricetes","Piccovirales","Parvoviridae","Bocaparvovirus","Primate bocaparvovirus 2","Human bocavirus 2b NI","Human bocavirus 2b NI","NGS_1T",10116512
"FN824512.2",45480,174,2,0.08782263,0.00434689,"Pigeon adenovirus 1 complete genome, strain IDA4",764030,"Viruses","Preplasmiviricota","Tectiliviricetes","Rowavirales","Adenoviridae","Aviadenovirus","Pigeon aviadenovirus A","Pigeon adenovirus 1","Pigeon adenovirus 1","NGS_1T",10116512
"GQ415660.1",6534,150,1,0.02349624,0.0151283,"Mamastrovirus 8 isolate NI-295, complete genome",1239572,"Viruses","Pisuviricota","Stelpaviricetes","Stellavirales","Astroviridae","Mamastrovirus","Mamastrovirus 8","unclassified Mamastrovirus 8 subspecies/strain","unclassified Mamastrovirus 8 strain","NGS_1T",10116512
"GQ845446.1",7489,160,12,0.24526502,0.15839,"Human papillomavirus type 124, complete genome",765056,"Viruses","Cossaviricota","Papovaviricetes","Zurhausenvirales","Papillomaviridae","Betapapillomavirus","Betapapillomavirus 1","human papillomavirus 124","human papillomavirus 124","NGS_1T",10116512
"GU452720.1",3893,439,131,4.9874434,3.32626,"Mosquito densovirus BR/07, complete genome",945962,"Viruses","Cossaviricota","Quintoviricetes","Piccovirales","Parvoviridae","Brevidensovirus","Mosquito densovirus BR/07","unclassified Mosquito densovirus BR/07 subspecies/strain","unclassified Mosquito densovirus BR/07 strain","NGS_1T",10116512
"GU937877.1",3302,1034,82,3.357868,2.45474,"Caprine rotavirus A strain GO34 RNA-dependent RNA polymerase (VP1) gene, complete cds",204932,"Viruses","Duplornaviricota","Resentoviricetes","Reovirales","Sedoreoviridae","Rotavirus","Rotavirus A","Caprine rotavirus A","Caprine rotavirus A","NGS_1T",10116512
"GU937881.1",1356,545,135,16.395523,9.84109,"Caprine rotavirus A strain GO34 VP6 protein (VP6) gene, complete cds",204932,"Viruses","Duplornaviricota","Resentoviricetes","Reovirales","Sedoreoviridae","Rotavirus","Rotavirus A","Caprine rotavirus A","Caprine rotavirus A","NGS_1T",10116512
"J02226.1",5130,1407,148,4.061847,2.85176,"JC virus complete genome",10632,"Viruses","Cossaviricota","Papovaviricetes","Sepolyvirales","Polyomaviridae","Betapolyomavirus","Betapolyomavirus secuhominis","JC polyomavirus","JC polyomavirus","NGS_1T",10116512
"JF304767.1",7664,119,12,2.0075858,0.154773,"Saimiri sciureus papillomavirus type 3 isolate Mac2167.2, complete genome",990306,"Viruses","Cossaviricota","Papovaviricetes","Zurhausenvirales","Papillomaviridae","Dyoomikronpapillomavirus","Dyoomikronpapillomavirus 1","Saimiri sciureus papillomavirus 3","Saimiri sciureus papillomavirus 3","NGS_1T",10116512
"JF742759.1",6119,150,1,0.025129838,0.0161543,"Astrovirus MLB2 isolate MLB2/human/Stl/WD0559/2008, complete genome",683172,"Viruses","Pisuviricota","Stelpaviricetes","Stellavirales","Astroviridae","unclassified Astroviridae genus","Astrovirus MLB2","unclassified Astrovirus MLB2 subspecies/strain","unclassified Astrovirus MLB2 strain","NGS_1T",10116512
"JX195076.1",2591,300,10,0.61450225,0.381506,"Rotavirus A RVA/Human-wt/ITA/AV28/2010/G9P8 segment 3, complete sequence",1307163,"Viruses","Duplornaviricota","Resentoviricetes","Reovirales","Sedoreoviridae","Rotavirus","Rotavirus A","Rotavirus A RVA/Human-wt/ITA/AV28/2010/G9P8","Rotavirus A RVA/Human-wt/ITA/AV28/2010/G9P8","NGS_1T",10116512
"KC617868.1",3780,3780,163460,6233.9575,4274.54,"Parvovirus NIH-CQV putative 15-kDa protein, putative replication associated protein (rep), and putative capsid protein (cap) genes, complete cds",1341019,"Viruses","Cossaviricota","Quintoviricetes","Piccovirales","Parvoviridae","unclassified Parvoviridae genus","Parvovirus NIH-CQV","unclassified Parvovirus NIH-CQV subspecies/strain","unclassified Parvovirus NIH-CQV strain","NGS_1T",10116512
"KC782514.2",1566,300,2,0.2605932,0.126243,"Rotavirus A human-wt/USA/LB1562/2010/G9P4 NSP1 (NSP1) gene, complete cds",1349389,"Viruses","Duplornaviricota","Resentoviricetes","Reovirales","Sedoreoviridae","Rotavirus","Rotavirus A","Rotavirus A human-wt/USA/LB1562/2010/G9P4","Rotavirus A human-wt/USA/LB1562/2010/G9P4","NGS_1T",10116512
"KC782515.2",1059,312,130,21.405941,12.1344,"Rotavirus A human-wt/USA/LB1562/2010/G9P4 NSP2 (NSP2) gene, complete cds",1349389,"Viruses","Duplornaviricota","Resentoviricetes","Reovirales","Sedoreoviridae","Rotavirus","Rotavirus A","Rotavirus A human-wt/USA/LB1562/2010/G9P4","Rotavirus A human-wt/USA/LB1562/2010/G9P4","NGS_1T",10116512
"KC782516.2",1066,450,26,4.3296943,2.41093,"Rotavirus A human-wt/USA/LB1562/2010/G9P4 NSP3 (NSP3) gene, complete cds",1349389,"Viruses","Duplornaviricota","Resentoviricetes","Reovirales","Sedoreoviridae","Rotavirus","Rotavirus A","Rotavirus A human-wt/USA/LB1562/2010/G9P4","Rotavirus A human-wt/USA/LB1562/2010/G9P4","NGS_1T",10116512
"KC782518.2",816,150,1,0.22522523,0.121138,"Rotavirus A human-wt/USA/LB1562/2010/G9P4 NSP5 (NSP5) gene, complete cds",1349389,"Viruses","Duplornaviricota","Resentoviricetes","Reovirales","Sedoreoviridae","Rotavirus","Rotavirus A","Rotavirus A human-wt/USA/LB1562/2010/G9P4","Rotavirus A human-wt/USA/LB1562/2010/G9P4","NGS_1T",10116512
"KC782520.2",2687,519,67,3.8809617,2.46477,"Rotavirus A human-wt/USA/LB1562/2010/G9P4 VP2 (VP2) gene, complete cds",1349389,"Viruses","Duplornaviricota","Resentoviricetes","Reovirales","Sedoreoviridae","Rotavirus","Rotavirus A","Rotavirus A human-wt/USA/LB1562/2010/G9P4","Rotavirus A human-wt/USA/LB1562/2010/G9P4","NGS_1T",10116512
"KF039910.1",6792,150,14,0.31120145,0.203751,"Human astrovirus 2 isolate Rus-Nsc05-430, complete genome",12701,"Viruses","Pisuviricota","Stelpaviricetes","Stellavirales","Astroviridae","Mamastrovirus","Mamastrovirus 1","Human astrovirus 2","Human astrovirus 2","NGS_1T",10116512
"KF703446.1",127320,251,0,0.018369112,0,"Retroperitoneal fibromatosis-associated herpesvirus isolate RFHVMnM78114, complete genome",111469,"Viruses","Peploviricota","Herviviricetes","Herpesvirales","Herpesviridae","Rhadinovirus","Macacine gammaherpesvirus 8","Retroperitoneal fibromatosis-associated herpesvirus","Retroperitoneal fibromatosis-associated herpesvirus","NGS_1T",10116512
"KJ196295.1",7543,150,1,0.020289464,0.0131046,"Norovirus GII/Hu/JP/2010/GII.P7_GII.7/Musashimurayama/TAKAsanKimchi, complete genome",1529923,"Viruses","Pisuviricota","Pisoniviricetes","Picornavirales","Caliciviridae","Norovirus","Norwalk virus","Norovirus GII/Hu/JP/2010/GII.P7_GII.7/Musashimurayama/TAKAsanKimchi","Norovirus GII/Hu/JP/2010/GII.P7_GII.7/Musashimurayama/TAKAsanKimchi","NGS_1T",10116512
"KJ206566.1",2836,423,31,1.6697692,1.0805,"Human circovirus VS6600022, complete genome",1525173,"Viruses","Cressdnaviricota","Arfiviricetes","Cirlivirales","Circoviridae","Circovirus","Human circovirus VS6600022","unclassified Human circovirus VS6600022 subspecies/strain","unclassified Human circovirus VS6600022 strain","NGS_1T",10116512
"KJ417134.1",2980,585,29,1.5127208,0.961947,"Porcine stool-associated circular virus 4 isolate CP2, complete genome",1475062,"Viruses","Cressdnaviricota","Arfiviricetes","Cirlivirales","Circoviridae","unclassified Circoviridae genus","Porcine stool-associated circular virus 4","unclassified Porcine stool-associated circular virus 4 subspecies/strain","unclassified Porcine stool-associated circular virus 4 strain","NGS_1T",10116512
"KJ541759.1",33452,219,23,0.22407062,0.0679634,"Ball python nidovirus strain 07-53, complete genome",1986118,"Viruses","Pisuviricota","Pisoniviricetes","Nidovirales","Tobaniviridae","Pregotovirus","Ball python nidovirus 1","unclassified Ball python nidovirus 1 subspecies/strain","unclassified Ball python nidovirus 1 strain","NGS_1T",10116512
"KM269482.1",7875,177,11,0.3065372,0.138074,"Encephalomyocarditis virus strain ATCC VR-129B, complete genome",12104,"Viruses","Pisuviricota","Pisoniviricetes","Picornavirales","Picornaviridae","Cardiovirus","Cardiovirus A","Encephalomyocarditis virus","Encephalomyocarditis virus","NGS_1T",10116512
"KT149397.1",2985,2553,882,45.564022,29.2074,"Circovirus-like genome DCCV-4, complete genome",1788444,"Viruses","Cressdnaviricota","Arfiviricetes","Cirlivirales","Circoviridae","unclassified Circoviridae genus","Circovirus-like genome DCCV-4","unclassified Circovirus-like genome DCCV-4 subspecies/strain","unclassified Circovirus-like genome DCCV-4 strain","NGS_1T",10116512
"KT149400.1",3021,145,2,0.1010101,0.0654408,"Circovirus-like genome DCCV-7, complete genome",1788447,"Viruses","Cressdnaviricota","Arfiviricetes","Cirlivirales","Circoviridae","unclassified Circoviridae genus","Circovirus-like genome DCCV-7","unclassified Circovirus-like genome DCCV-7 subspecies/strain","unclassified Circovirus-like genome DCCV-7 strain","NGS_1T",10116512
"KT149406.1",2433,2433,1118,72.03942,45.4223,"Circovirus-like genome DCCV-13, complete genome",1788441,"Viruses","Cressdnaviricota","Arfiviricetes","Cirlivirales","Circoviridae","unclassified Circoviridae genus","Circovirus-like genome DCCV-13","unclassified Circovirus-like genome DCCV-13 subspecies/strain","unclassified Circovirus-like genome DCCV-13 strain","NGS_1T",10116512
"KU172423.1",5254,815,127,4.6287227,2.38937,"Bovine hokovirus 2 strain bovine hokovirus 2 strain BS-S13 nonstructural protein (NS1), minor capsid protein (VP1), and major capsid protein (VP2) genes, complete cds",1096141,"Viruses","Cossaviricota","Quintoviricetes","Piccovirales","Parvoviridae","Tetraparvovirus","Ungulate tetraparvovirus 1","Bovine hokovirus 2","Bovine hokovirus 2","NGS_1T",10116512
"KU351741.1",137448,198,0,0.120832056,0,"Macaca nemestrina herpesvirus 7, complete genome",1846169,"Viruses","Peploviricota","Herviviricetes","Herpesvirales","Herpesviridae","Roseolovirus","Macacine betaherpesvirus 9","Macaca nemestrina herpesvirus 7","Macaca nemestrina herpesvirus 7","NGS_1T",10116512
"KU727766.1",5166,789,27,0.61383575,0.516629,"Parus major densovirus isolate PmDNV-JL, complete genome",1907771,"Viruses","Cossaviricota","Quintoviricetes","Piccovirales","Parvoviridae","unclassified Parvoviridae genus","Parus major densovirus","unclassified Parus major densovirus subspecies/strain","unclassified Parus major densovirus strain","NGS_1T",10116512
"KU749309.1",203453,8081,15,0.453648,0.0072878,"Raccoonpox virus strain 85A, complete genome",10256,"Viruses","Nucleocytoviricota","Pokkesviricetes","Chitovirales","Poxviridae","Orthopoxvirus","Raccoonpox virus","unclassified Raccoonpox virus subspecies/strain","unclassified Raccoonpox virus strain","NGS_1T",10116512
"KU749310.1",222832,7995,344,0.73526824,0.152598,"Skunkpox virus strain WA, complete genome",160796,"Viruses","Nucleocytoviricota","Pokkesviricetes","Chitovirales","Poxviridae","Orthopoxvirus","Skunkpox virus","unclassified Skunkpox virus subspecies/strain","unclassified Skunkpox virus strain","NGS_1T",10116512
"KU749311.1",217124,6913,398,0.715353,0.181194,"Volepox virus strain CA, complete genome",28874,"Viruses","Nucleocytoviricota","Pokkesviricetes","Chitovirales","Poxviridae","Orthopoxvirus","Volepox virus","unclassified Volepox virus subspecies/strain","unclassified Volepox virus strain","NGS_1T",10116512
"KU936049.1",137452,1733,421,0.7623414,0.302761,"Bubaline alphaherpesvirus 1 strain b6, complete genome",202910,"Viruses","Peploviricota","Herviviricetes","Herpesvirales","Herpesviridae","Varicellovirus","Bubaline alphaherpesvirus 1","unclassified Bubaline alphaherpesvirus 1 subspecies/strain","unclassified Bubaline alphaherpesvirus 1 strain","NGS_1T",10116512
"KY040274.1",192183,462,0,0.009597309,0,"Molluscum contagiosum virus subtype 2 isolate Madrid 2016_1, complete genome",10281,"Viruses","Nucleocytoviricota","Pokkesviricetes","Chitovirales","Poxviridae","Molluscipoxvirus","Molluscum contagiosum virus","Molluscum contagiosum virus subtype 2","Molluscum contagiosum virus subtype 2","NGS_1T",10116512
"KY040275.1",188253,501,0,0.035289176,0,"Molluscum contagiosum virus subtype 1 isolate Madrid 2016_3, complete genome",10280,"Viruses","Nucleocytoviricota","Pokkesviricetes","Chitovirales","Poxviridae","Molluscipoxvirus","Molluscum contagiosum virus","Molluscum contagiosum virus subtype 1","Molluscum contagiosum virus subtype 1","NGS_1T",10116512
"KY215944.1",135301,653,7,0.14360975,0.00511406,"Bovine alphaherpesvirus 1 isolate 216 II, complete genome",10320,"Viruses","Peploviricota","Herviviricetes","Herpesvirales","Herpesviridae","Varicellovirus","Bovine alphaherpesvirus 1","unclassified Bovine alphaherpesvirus 1 subspecies/strain","unclassified Bovine alphaherpesvirus 1 strain","NGS_1T",10116512
"KY354239.1",9126,569,27,0.36831552,0.292451,"Apis dicistrovirus isolate AWD-1151 nonstructural polyprotein and structural polyprotein genes, complete cds",1983569,"Viruses","Pisuviricota","Pisoniviricetes","Picornavirales","Dicistroviridae","unclassified Dicistroviridae genus","Apis dicistrovirus","unclassified Apis dicistrovirus subspecies/strain","unclassified Apis dicistrovirus strain","NGS_1T",10116512
"KY385637.1",147346,197,0,0.002092448,0,"Ateline alphaherpesvirus 1 isolate Lennette, complete genome",35243,"Viruses","Peploviricota","Herviviricetes","Herpesvirales","Herpesviridae","Simplexvirus","Ateline alphaherpesvirus 1","unclassified Ateline alphaherpesvirus 1 subspecies/strain","unclassified Ateline alphaherpesvirus 1 strain","NGS_1T",10116512
"KY549446.1",137712,660,0,0.17209695,0,"Bovine alphaherpesvirus 5 strain ISO 97/45, complete genome",35244,"Viruses","Peploviricota","Herviviricetes","Herpesvirales","Herpesviridae","Varicellovirus","Bovine alphaherpesvirus 5","unclassified Bovine alphaherpesvirus 5 subspecies/strain","unclassified Bovine alphaherpesvirus 5 strain","NGS_1T",10116512
"KY628971.1",155462,108,0,0.009278098,0,"Macacine alphaherpesvirus 1 isolate 12930, complete genome",10325,"Viruses","Peploviricota","Herviviricetes","Herpesvirales","Herpesviridae","Simplexvirus","Macacine alphaherpesvirus 1","unclassified Macacine alphaherpesvirus 1 subspecies/strain","unclassified Macacine alphaherpesvirus 1 strain","NGS_1T",10116512
"L13745.1",6828,240,1,0.15184186,0.0144769,"Human astrovirus serotype 2, complete sequence of genomic RNA",1868658,"Viruses","Pisuviricota","Stelpaviricetes","Stellavirales","Astroviridae","unclassified Astroviridae genus","Human astrovirus","unclassified Human astrovirus subspecies/strain","unclassified Human astrovirus strain","NGS_1T",10116512
"LC075584.1",144636,143,0,0.004685575,0,"Equid alphaherpesvirus 4 DNA, complete genome, strain: 01-10-1",10331,"Viruses","Peploviricota","Herviviricetes","Herpesvirales","Herpesviridae","Varicellovirus","Equid alphaherpesvirus 4","unclassified Equid alphaherpesvirus 4 subspecies/strain","unclassified Equid alphaherpesvirus 4 strain","NGS_1T",10116512
"LT594108.1",151216,1219,8,0.008731283,0.00522952,"Human herpesvirus 1 isolate 1319_2005 genome assembly, complete genome: monopartite",10298,"Viruses","Peploviricota","Herviviricetes","Herpesvirales","Herpesviridae","Simplexvirus","Human alphaherpesvirus 1","unclassified Human alphaherpesvirus 1 subspecies/strain","unclassified Human alphaherpesvirus 1 strain","NGS_1T",10116512
"MF001304.1",204055,1093,0,0.029940413,0,"Murmansk poxvirus strain LEIV-11411, complete genome",2025359,"Viruses","Nucleocytoviricota","Pokkesviricetes","Chitovirales","Poxviridae","Centapoxvirus","Murmansk microtuspox virus","Murmansk poxvirus","Murmansk poxvirus","NGS_1T",10116512
"MF118167.1",3925,2444,294,11.040794,7.40418,"Human fecal virus Jorvi2, complete genome",2017081,"Viruses","Cressdnaviricota","Arfiviricetes","Cirlivirales","Circoviridae","unclassified Circoviridae genus","Human fecal virus Jorvi2","unclassified Human fecal virus Jorvi2 subspecies/strain","unclassified Human fecal virus Jorvi2 strain","NGS_1T",10116512
"MF327535.1",7676,106,0,0.11161307,0,"Ailuropoda melanoleuca papillomavirus 1 strain gpam001, complete genome",2016454,"Viruses","Cossaviricota","Papovaviricetes","Zurhausenvirales","Papillomaviridae","Omegapapillomavirus","Omegapapillomavirus 1","Ailuropoda melanoleuca papillomavirus 1","Ailuropoda melanoleuca papillomavirus 1","NGS_1T",10116512
"MF431611.1",149600,104,0,0.009394446,0,"Equid alphaherpesvirus 8 strain EHV-8/IR/2003/19, complete genome",39637,"Viruses","Peploviricota","Herviviricetes","Herpesvirales","Herpesviridae","Varicellovirus","Equid alphaherpesvirus 8","unclassified Equid alphaherpesvirus 8 subspecies/strain","unclassified Equid alphaherpesvirus 8 strain","NGS_1T",10116512
"MF684776.1",6803,150,1,0.013527731,0.0145301,"Human astrovirus 5 isolate 2013/Fuzhou/85, complete genome",35741,"Viruses","Pisuviricota","Stelpaviricetes","Stellavirales","Astroviridae","Mamastrovirus","Mamastrovirus 1","Human astrovirus 5","Human astrovirus 5","NGS_1T",10116512
"MF898328.1",125095,166,0,0.03675217,0,"Human alphaherpesvirus 3 strain Baike, complete genome",10335,"Viruses","Peploviricota","Herviviricetes","Herpesvirales","Herpesviridae","Varicellovirus","Human alphaherpesvirus 3","unclassified Human alphaherpesvirus 3 subspecies/strain","unclassified Human alphaherpesvirus 3 strain","NGS_1T",10116512
"MF944258.1",7484,138,1,0.018816471,0.013208,"Sapovirus sp. strain 20151018, complete genome",1906670,"Viruses","Pisuviricota","Pisoniviricetes","Picornavirales","Caliciviridae","Sapovirus","Sapovirus sp.","unclassified Sapovirus sp. subspecies/strain","unclassified Sapovirus sp. strain","NGS_1T",10116512
"MF947441.1",8244,300,94,1.7280701,1.12709,"Kobuvirus sp. strain 16317x87 polyprotein gene, complete cds",2094719,"Viruses","Pisuviricota","Pisoniviricetes","Picornavirales","Picornaviridae","Kobuvirus","Kobuvirus sp.","unclassified Kobuvirus sp. subspecies/strain","unclassified Kobuvirus sp. strain","NGS_1T",10116512
"MG712775.1",44454,121,0,0.07401138,0,"Fowl adenovirus 8b isolate SD1356, complete genome",586029,"Viruses","Preplasmiviricota","Tectiliviricetes","Rowavirales","Adenoviridae","Aviadenovirus","Fowl aviadenovirus E","Fowl adenovirus 8b","Fowl adenovirus 8b","NGS_1T",10116512
"MG972981.1",5759,498,609,13.9477625,10.453,"Ungulate copiparvovirus 1 strain QQHE16, complete genome",1511889,"Viruses","Cossaviricota","Quintoviricetes","Piccovirales","Parvoviridae","Copiparvovirus","Ungulate copiparvovirus 1","unclassified Ungulate copiparvovirus 1 subspecies/strain","unclassified Ungulate copiparvovirus 1 strain","NGS_1T",10116512
"MH036942.1",138199,356,0,0.14963527,0,"Cervid alphaherpesvirus 1 strain Anlier, complete genome",79891,"Viruses","Peploviricota","Herviviricetes","Herpesvirales","Herpesviridae","Varicellovirus","Cervid alphaherpesvirus 1","unclassified Cervid alphaherpesvirus 1 subspecies/strain","unclassified Cervid alphaherpesvirus 1 strain","NGS_1T",10116512
"MH036943.1",142633,926,1,0.050230555,0.000693025,"Cervid alphaherpesvirus 2 strain Norway, complete genome",365327,"Viruses","Peploviricota","Herviviricetes","Herpesvirales","Herpesviridae","Varicellovirus","Cervid alphaherpesvirus 2","unclassified Cervid alphaherpesvirus 2 subspecies/strain","unclassified Cervid alphaherpesvirus 2 strain","NGS_1T",10116512
"MH698402.1",162076,1282,123,0.10700567,0.0750163,"Human betaherpesvirus 6B strain GTEX-OXRO_icihv6b, complete genome",32604,"Viruses","Peploviricota","Herviviricetes","Herpesvirales","Herpesviridae","Roseolovirus","Human betaherpesvirus 6B","unclassified Human betaherpesvirus 6B subspecies/strain","unclassified Human betaherpesvirus 6B strain","NGS_1T",10116512
"MN205539.1",137429,262,17,0.015311883,0.0122276,"UNVERIFIED: Human gammaherpesvirus 8 strain BCBL-1, complete genome",37296,"Viruses","Peploviricota","Herviviricetes","Herpesvirales","Herpesviridae","Rhadinovirus","Human gammaherpesvirus 8","unclassified Human gammaherpesvirus 8 subspecies/strain","unclassified Human gammaherpesvirus 8 strain","NGS_1T",10116512
"MN240300.1",210797,37012,2875,5.121516,1.34816,"Alaskapox virus isolate Alaska_2015, complete genome",2602439,"Viruses","Nucleocytoviricota","Pokkesviricetes","Chitovirales","Poxviridae","Orthopoxvirus","Alaskapox virus","unclassified Alaskapox virus subspecies/strain","unclassified Alaskapox virus strain","NGS_1T",10116512
"MN244297.1",221153,88296,56460,50.43111,25.2358,"Akhmeta virus strain A39, complete genome",2200830,"Viruses","Nucleocytoviricota","Pokkesviricetes","Chitovirales","Poxviridae","Orthopoxvirus","Akhmeta virus","unclassified Akhmeta virus subspecies/strain","unclassified Akhmeta virus strain","NGS_1T",10116512
"NC_001356.1",7815,268,24,0.46966732,0.303565,"Human papillomavirus - 1, complete genome",334203,"Viruses","Cossaviricota","Papovaviricetes","Zurhausenvirales","Papillomaviridae","Mupapillomavirus","Mupapillomavirus 1","unclassified Mupapillomavirus 1 subspecies/strain","unclassified Mupapillomavirus 1 strain","NGS_1T",10116512
"NC_001664.4",159378,901,67,0.056139622,0.0415543,"Human betaherpesvirus 6A, variant A DNA, complete virion genome, isolate U1102",32603,"Viruses","Peploviricota","Herviviricetes","Herpesvirales","Herpesviridae","Roseolovirus","Human betaherpesvirus 6A","unclassified Human betaherpesvirus 6A subspecies/strain","unclassified Human betaherpesvirus 6A strain","NGS_1T",10116512
"NC_001716.2",153080,498,7,0.0037010396,0.00452011,"Human herpesvirus 7, complete genome",10372,"Viruses","Peploviricota","Herviviricetes","Herpesvirales","Herpesviridae","Roseolovirus","Human betaherpesvirus 7","unclassified Human betaherpesvirus 7 subspecies/strain","unclassified Human betaherpesvirus 7 strain","NGS_1T",10116512
"NC_002665.1",108873,1161,97,0.13111301,0.0880685,"Bovine herpesvirus 4 long unique region, complete sequence",10385,"Viruses","Peploviricota","Herviviricetes","Herpesvirales","Herpesviridae","Rhadinovirus","Bovine gammaherpesvirus 4","unclassified Bovine gammaherpesvirus 4 subspecies/strain","unclassified Bovine gammaherpesvirus 4 strain","NGS_1T",10116512
"NC_006151.1",143461,266,0,0.008471088,0,"Suid herpesvirus 1, complete genome",10345,"Viruses","Peploviricota","Herviviricetes","Herpesvirales","Herpesviridae","Varicellovirus","Suid alphaherpesvirus 1","unclassified Suid alphaherpesvirus 1 subspecies/strain","unclassified Suid alphaherpesvirus 1 strain","NGS_1T",10116512
"NC_006560.1",150715,868,0,0.09340152,0,"Cercopithecine herpesvirus 2, complete genome",10317,"Viruses","Peploviricota","Herviviricetes","Herpesvirales","Herpesviridae","Simplexvirus","Cercopithecine alphaherpesvirus 2","unclassified Cercopithecine alphaherpesvirus 2 subspecies/strain","unclassified Cercopithecine alphaherpesvirus 2 strain","NGS_1T",10116512
"NC_007653.1",156487,616,0,0.024248898,0,"Papiine herpesvirus 2, complete genome",340907,"Viruses","Peploviricota","Herviviricetes","Herpesvirales","Herpesviridae","Simplexvirus","Papiine alphaherpesvirus 2","unclassified Papiine alphaherpesvirus 2 subspecies/strain","unclassified Papiine alphaherpesvirus 2 strain","NGS_1T",10116512
"NC_012783.2",226205,169,0,0.0069452124,0,"Cercopithecine herpesvirus 5 strain 2715, complete genome",50292,"Viruses","Peploviricota","Herviviricetes","Herpesvirales","Herpesviridae","Cytomegalovirus","Cercopithecine betaherpesvirus 5","unclassified Cercopithecine betaherpesvirus 5 subspecies/strain","unclassified Cercopithecine betaherpesvirus 5 strain","NGS_1T",10116512
"NC_014567.1",156742,993,42,0.11738786,0.026487,"Saimiriine herpesvirus 1, complete genome",10353,"Viruses","Peploviricota","Herviviricetes","Herpesvirales","Herpesviridae","Simplexvirus","Saimiriine alphaherpesvirus 1","unclassified Saimiriine alphaherpesvirus 1 subspecies/strain","unclassified Saimiriine alphaherpesvirus 1 strain","NGS_1T",10116512
"NC_015960.1",175699,313,0,0.0049217027,0,"Yoka poxvirus, complete genome",1076255,"Viruses","Nucleocytoviricota","Pokkesviricetes","Chitovirales","Poxviridae","Centapoxvirus","Yokapox virus","unclassified Yokapox virus subspecies/strain","unclassified Yokapox virus strain","NGS_1T",10116512
"NC_016447.1",219474,160,0,0.030972444,0,"Aotine herpesvirus 1 strain S34E, complete genome",50290,"Viruses","Peploviricota","Herviviricetes","Herpesvirales","Herpesviridae","Cytomegalovirus","Aotine betaherpesvirus 1","unclassified Aotine betaherpesvirus 1 subspecies/strain","unclassified Aotine betaherpesvirus 1 strain","NGS_1T",10116512
"NC_016448.1",196691,181,0,0.0019385269,0,"Saimiriine herpesvirus 4 strain SqSHV, complete genome",1535247,"Viruses","Peploviricota","Herviviricetes","Herpesvirales","Herpesviridae","Cytomegalovirus","Saimiriine betaherpesvirus 4","unclassified Saimiriine betaherpesvirus 4 subspecies/strain","unclassified Saimiriine betaherpesvirus 4 strain","NGS_1T",10116512
"NC_023677.1",153158,100,0,0.3618373,0,"Chimpanzee alpha-1 herpesvirus strain 105640, complete genome",332937,"Viruses","Peploviricota","Herviviricetes","Herpesvirales","Herpesviridae","Simplexvirus","Panine alphaherpesvirus 3","Chimpanzee herpesvirus strain 105640","Chimpanzee herpesvirus strain 105640","NGS_1T",10116512
"NC_024771.1",151601,243,21,0.017391764,0.0136926,"Equid herpesvirus 3 strain AR/2007/C3A, complete genome",80341,"Viruses","Peploviricota","Herviviricetes","Herpesvirales","Herpesviridae","Varicellovirus","Equid alphaherpesvirus 3","unclassified Equid alphaherpesvirus 3 subspecies/strain","unclassified Equid alphaherpesvirus 3 strain","NGS_1T",10116512
"U48704.1",4726,195,2,0.042613637,0.0418317,"Adeno-associated virus 3 nonstructural protein and capsid protein genes, complete cds, and complete genome",46350,"Viruses","Cossaviricota","Quintoviricetes","Piccovirales","Parvoviridae","Dependoparvovirus","Adeno-associated dependoparvovirus A","Adeno-associated virus - 3","Adeno-associated virus - 3","NGS_1T",10116512
"V01108.1",5153,741,5,0.14991005,0.0959134,"Human BK virus (strain Dunlop) genome. (Closely related to SV40.)",1891762,"Viruses","Cossaviricota","Papovaviricetes","Sepolyvirales","Polyomaviridae","Betapolyomavirus","Betapolyomavirus hominis","unclassified Betapolyomavirus hominis subspecies/strain","unclassified Betapolyomavirus hominis strain","NGS_1T",10116512
"V01201.1",5779,228,13,0.4457275,0.222362,"Simian sarcoma virus proviral sequence with genes coding for envelope protein (env) and polymerase (pol)",11970,"Viruses","Artverviricota","Revtraviricetes","Ortervirales","Retroviridae","Gammaretrovirus","Woolly monkey sarcoma virus","unclassified Woolly monkey sarcoma virus subspecies/strain","unclassified Woolly monkey sarcoma virus strain","NGS_1T",10116512
"Z25771.1",6813,284,42,0.8641753,0.609369,"Human astrovirus type 1 genes for capsid protein and nonstructural protein",12456,"Viruses","Pisuviricota","Stelpaviricetes","Stellavirales","Astroviridae","Mamastrovirus","Mamastrovirus 1","Human astrovirus 1","Human astrovirus 1","NGS_1T",10116512
"AF408629.1",9192,640,271,3.7073655,2.91426,"HIV-1 isolate A32879 from Argentina, complete genome",11676,"Viruses","Artverviricota","Revtraviricetes","Ortervirales","Retroviridae","Lentivirus","Human immunodeficiency virus 1","unclassified Human immunodeficiency virus 1 subspecies/strain","unclassified Human immunodeficiency virus 1 strain","NGS_1T",10116512
"AF450097.1",8983,387,40,0.6617231,0.440157,"HIV-1 isolate X623 from Spain, complete genome",11676,"Viruses","Artverviricota","Revtraviricetes","Ortervirales","Retroviridae","Lentivirus","Human immunodeficiency virus 1","unclassified Human immunodeficiency virus 1 subspecies/strain","unclassified Human immunodeficiency virus 1 strain","NGS_1T",10116512
"AF530576.1",9017,640,63,1.1028533,0.690634,"HIV-1 isolate 99TH.R2399 subtype CRF15_01B from Thailand, complete genome",11676,"Viruses","Artverviricota","Revtraviricetes","Ortervirales","Retroviridae","Lentivirus","Human immunodeficiency virus 1","unclassified Human immunodeficiency virus 1 subspecies/strain","unclassified Human immunodeficiency virus 1 strain","NGS_1T",10116512
"AY900571.2",8964,280,28,0.46562287,0.308763,"HIV-1 isolate CB118 from Cuba, complete genome",11676,"Viruses","Artverviricota","Revtraviricetes","Ortervirales","Retroviridae","Lentivirus","Human immunodeficiency virus 1","unclassified Human immunodeficiency virus 1 subspecies/strain","unclassified Human immunodeficiency virus 1 strain","NGS_1T",10116512
"AY945734.1",8395,157,2,0.03577926,0.0235493,"HIV-1 isolate 00TH.R1741 from Thailand gag protein (gag) and pol protein (pol) genes, partial cds; vif protein (vif), vpr protein (vpr), tat protein (tat), rev protein (rev), vpu protein (vpu), and envelope glycoprotein (env) genes, complete cds; and nef protein (nef) gene, partial cds",11676,"Viruses","Artverviricota","Revtraviricetes","Ortervirales","Retroviridae","Lentivirus","Human immunodeficiency virus 1","unclassified Human immunodeficiency virus 1 subspecies/strain","unclassified Human immunodeficiency virus 1 strain","NGS_1T",10116512
"DQ085873.1",8886,2280,823,13.694941,9.15509,"HIV-1 isolate BREPM12609 from Brazil, complete genome",11676,"Viruses","Artverviricota","Revtraviricetes","Ortervirales","Retroviridae","Lentivirus","Human immunodeficiency virus 1","unclassified Human immunodeficiency virus 1 subspecies/strain","unclassified Human immunodeficiency virus 1 strain","NGS_1T",10116512
"DQ354113.1",8796,478,34,0.587208,0.382088,"HIV-1 isolate M043 subtype CRF01_AE/B from Thailand gag protein (gag) and pol protein (pol) genes, partial cds; and vif protein (vif), vpr protein (vpr), tat protein (tat), rev protein (rev), vpu protein (vpu), envelope glycoprotein (env), and nef protein (nef) genes, complete cds",11676,"Viruses","Artverviricota","Revtraviricetes","Ortervirales","Retroviridae","Lentivirus","Human immunodeficiency virus 1","unclassified Human immunodeficiency virus 1 subspecies/strain","unclassified Human immunodeficiency virus 1 strain","NGS_1T",10116512
"DQ366663.1",8899,149,2,0.032575153,0.0222156,"HIV-1 isolate 04MYKL016.1 from Malaysia, complete genome",11676,"Viruses","Artverviricota","Revtraviricetes","Ortervirales","Retroviridae","Lentivirus","Human immunodeficiency virus 1","unclassified Human immunodeficiency virus 1 subspecies/strain","unclassified Human immunodeficiency virus 1 strain","NGS_1T",10116512
"EU581825.1",8775,398,12,0.24892753,0.135177,"HIV-1 isolate AR02.ARG1139 from Argentina gag protein (gag) and pol protein (pol) genes, partial cds; and vif protein (vif), vpr protein (vpr), tat protein (tat), mutant rev protein (rev), vpu protein (vpu), mutant envelope glycoprotein (env), and nef protein (nef) genes, complete cds",11676,"Viruses","Artverviricota","Revtraviricetes","Ortervirales","Retroviridae","Lentivirus","Human immunodeficiency virus 1","unclassified Human immunodeficiency virus 1 subspecies/strain","unclassified Human immunodeficiency virus 1 strain","NGS_1T",10116512
"EU735539.1",9105,1184,272,4.523283,2.95296,"HIV-1 isolate 05BRRJ200 from Brazil, complete genome",11676,"Viruses","Artverviricota","Revtraviricetes","Ortervirales","Retroviridae","Lentivirus","Human immunodeficiency virus 1","unclassified Human immunodeficiency virus 1 subspecies/strain","unclassified Human immunodeficiency virus 1 strain","NGS_1T",10116512
"FJ213783.1",8935,393,3,0.061809905,0.0331891,"HIV-1 isolate UY03_3389 from Uruguay, complete genome",11676,"Viruses","Artverviricota","Revtraviricetes","Ortervirales","Retroviridae","Lentivirus","Human immunodeficiency virus 1","unclassified Human immunodeficiency virus 1 subspecies/strain","unclassified Human immunodeficiency virus 1 strain","NGS_1T",10116512
"FJ670529.1",8997,429,5,0.07968803,0.054934,"HIV-1 isolate X2457-2 from Spain, complete genome",11676,"Viruses","Artverviricota","Revtraviricetes","Ortervirales","Retroviridae","Lentivirus","Human immunodeficiency virus 1","unclassified Human immunodeficiency virus 1 subspecies/strain","unclassified Human immunodeficiency virus 1 strain","NGS_1T",10116512
"JN029803.1",8819,504,199,3.4561079,2.2305,"HIV-1 isolate 11SG.HM091 from Singapore gag protein (gag) and pol protein (pol) genes, partial cds; and vif protein (vif), vpr protein (vpr), tat protein (tat), rev protein (rev), vpu protein (vpu), envelope glycoprotein (env), and nef protein (nef) genes, complete cds",11676,"Viruses","Artverviricota","Revtraviricetes","Ortervirales","Retroviridae","Lentivirus","Human immunodeficiency virus 1","unclassified Human immunodeficiency virus 1 subspecies/strain","unclassified Human immunodeficiency virus 1 strain","NGS_1T",10116512
"K03454.1",9176,1334,54,0.7602482,0.581714,"Human immunodeficiency virus type 1, isolate ELI, complete genome",11676,"Viruses","Artverviricota","Revtraviricetes","Ortervirales","Retroviridae","Lentivirus","Human immunodeficiency virus 1","unclassified Human immunodeficiency virus 1 subspecies/strain","unclassified Human immunodeficiency virus 1 strain","NGS_1T",10116512
"KJ671533.1",9075,1016,133,2.0416806,1.44869,"HIV-1 isolate 10BR_MG003 from Brazil, partial genome",11676,"Viruses","Artverviricota","Revtraviricetes","Ortervirales","Retroviridae","Lentivirus","Human immunodeficiency virus 1","unclassified Human immunodeficiency virus 1 subspecies/strain","unclassified Human immunodeficiency virus 1 strain","NGS_1T",10116512
"KJ849758.1",8524,672,213,3.9011226,2.47005,"HIV-1 isolate 10BR_PE004 from Brazil gag protein (gag), pol protein (pol), vif protein (vif), vpr protein (vpr), tat protein (tat), rev protein (rev), vpu protein (vpu), and envelope glycoprotein (env) genes, complete cds; and nef protein (nef) gene, partial cds",11676,"Viruses","Artverviricota","Revtraviricetes","Ortervirales","Retroviridae","Lentivirus","Human immunodeficiency virus 1","unclassified Human immunodeficiency virus 1 subspecies/strain","unclassified Human immunodeficiency virus 1 strain","NGS_1T",10116512
"KJ849759.1",9236,700,140,1.7565485,1.49835,"HIV-1 isolate 10BR_PE008 from Brazil gag protein (gag), pol protein (pol), vif protein (vif), vpr protein (vpr), tat protein (tat), rev protein (rev), vpu protein (vpu), envelope glycoprotein (env), and nef protein (nef) genes, complete cds",11676,"Viruses","Artverviricota","Revtraviricetes","Ortervirales","Retroviridae","Lentivirus","Human immunodeficiency virus 1","unclassified Human immunodeficiency virus 1 subspecies/strain","unclassified Human immunodeficiency virus 1 strain","NGS_1T",10116512
"KJ849760.1",8314,107,7,0.091744244,0.0832257,"HIV-1 isolate 10BR_PE009 from Brazil gag protein (gag), pol protein (pol), vif protein (vif), vpr protein (vpr), tat protein (tat), rev protein (rev), vpu protein (vpu), and envelope glycoprotein (env) genes, complete cds; and nef protein (nef) gene, partial cds",11676,"Viruses","Artverviricota","Revtraviricetes","Ortervirales","Retroviridae","Lentivirus","Human immunodeficiency virus 1","unclassified Human immunodeficiency virus 1 subspecies/strain","unclassified Human immunodeficiency virus 1 strain","NGS_1T",10116512
"KJ849761.1",9064,275,886,9.02984,9.66236,"HIV-1 isolate 10BR_PE016 from Brazil gag protein (gag), pol protein (pol), vif protein (vif), vpr protein (vpr), tat protein (tat), rev protein (rev), vpu protein (vpu), envelope glycoprotein (env), and nef protein (nef) genes, complete cds",11676,"Viruses","Artverviricota","Revtraviricetes","Ortervirales","Retroviridae","Lentivirus","Human immunodeficiency virus 1","unclassified Human immunodeficiency virus 1 subspecies/strain","unclassified Human immunodeficiency virus 1 strain","NGS_1T",10116512
"KJ849762.1",8541,346,3,0.05255631,0.0347202,"HIV-1 isolate 10BR_PE025 from Brazil gag protein (gag), pol protein (pol), vif protein (vif), vpr protein (vpr), tat protein (tat), rev protein (rev), vpu protein (vpu), and envelope glycoprotein (env) genes, complete cds; and nef protein (nef) gene, partial cds",11676,"Viruses","Artverviricota","Revtraviricetes","Ortervirales","Retroviridae","Lentivirus","Human immunodeficiency virus 1","unclassified Human immunodeficiency virus 1 subspecies/strain","unclassified Human immunodeficiency virus 1 strain","NGS_1T",10116512
"KJ849771.1",9104,364,63,1.0596381,0.684034,"HIV-1 isolate 10BR_PE071 from Brazil gag protein (gag), pol protein (pol), vif protein (vif), vpr protein (vpr), tat protein (tat), rev protein (rev), vpu protein (vpu), envelope glycoprotein (env), and nef protein (nef) genes, complete cds",11676,"Viruses","Artverviricota","Revtraviricetes","Ortervirales","Retroviridae","Lentivirus","Human immunodeficiency virus 1","unclassified Human immunodeficiency virus 1 subspecies/strain","unclassified Human immunodeficiency virus 1 strain","NGS_1T",10116512
"KJ849777.1",8526,488,363,6.0052533,4.20853,"HIV-1 isolate 10BR_PE090 from Brazil gag protein (gag), pol protein (pol), vif protein (vif), vpr protein (vpr), tat protein (tat), rev protein (rev), vpu protein (vpu), and envelope glycoprotein (env) genes, complete cds; and nef protein (nef) gene, partial cds",11676,"Viruses","Artverviricota","Revtraviricetes","Ortervirales","Retroviridae","Lentivirus","Human immunodeficiency virus 1","unclassified Human immunodeficiency virus 1 subspecies/strain","unclassified Human immunodeficiency virus 1 strain","NGS_1T",10116512
"KT427816.1",8968,478,326,5.480154,3.59328,"UNVERIFIED: HIV-1 isolate 10BR_SP026 from Brazil genomic sequence",11676,"Viruses","Artverviricota","Revtraviricetes","Ortervirales","Retroviridae","Lentivirus","Human immunodeficiency virus 1","unclassified Human immunodeficiency virus 1 subspecies/strain","unclassified Human immunodeficiency virus 1 strain","NGS_1T",10116512
"KC797225.1",9221,1431,548,9.526182,5.87451,"HIV-1 isolate CHLSM2SI5082i0803101ppNFLG8 from Switzerland gag protein (gag) gene, complete cds; pol protein (pol) gene, partial cds; and vif protein (vif), vpr protein (vpr), vpu protein (vpu), envelope glycoprotein (env), and nef protein (nef) genes, complete cds",11676,"Viruses","Artverviricota","Revtraviricetes","Ortervirales","Retroviridae","Lentivirus","Human immunodeficiency virus 1","unclassified Human immunodeficiency virus 1 subspecies/strain","unclassified Human immunodeficiency virus 1 strain","NGS_1T",10116512
"KP109511.1",8998,1276,34,0.6530289,0.37351,"HIV-1 isolate DEMB12CN006 from China gag protein (gag) gene, complete cds; pol protein (pol) gene, partial cds; and vif protein (vif), vpr protein (vpr), tat protein (tat), rev protein (rev), vpu protein (vpu), envelope glycoprotein (env), and nef protein (nef) genes, complete cds",11676,"Viruses","Artverviricota","Revtraviricetes","Ortervirales","Retroviridae","Lentivirus","Human immunodeficiency virus 1","unclassified Human immunodeficiency virus 1 subspecies/strain","unclassified Human immunodeficiency virus 1 strain","NGS_1T",10116512
"KR914676.1",8318,643,22,0.39544564,0.261441,"HIV-1 isolate 14CU005 from Cuba, partial genome",11676,"Viruses","Artverviricota","Revtraviricetes","Ortervirales","Retroviridae","Lentivirus","Human immunodeficiency virus 1","unclassified Human immunodeficiency virus 1 subspecies/strain","unclassified Human immunodeficiency virus 1 strain","NGS_1T",10116512
"KT276255.1",8975,265,1,0.030028328,0.0110137,"HIV-1 isolate ARP1195 from Spain gag protein (gag) gene, complete cds; pol protein (pol) gene, partial cds; and vif protein (vif), vpr protein (vpr), tat protein (tat), rev protein (rev), vpu protein (vpu), envelope glycoprotein (env), and nef protein (nef) genes, complete cds",11676,"Viruses","Artverviricota","Revtraviricetes","Ortervirales","Retroviridae","Lentivirus","Human immunodeficiency virus 1","unclassified Human immunodeficiency virus 1 subspecies/strain","unclassified Human immunodeficiency virus 1 strain","NGS_1T",10116512
"EU839602.1",8398,1036,188,3.4184046,2.21285,"HIV-1 isolate 05HT.129389 from Haiti truncated gag protein (gag) and pol protein (pol) genes, partial cds; vif protein (vif), vpr protein (vpr), tat protein (tat), rev protein (rev), vpu protein (vpu), and envelope glycoprotein (env) genes, complete cds; and nef protein (nef) gene, partial cds",11676,"Viruses","Artverviricota","Revtraviricetes","Ortervirales","Retroviridae","Lentivirus","Human immunodeficiency virus 1","unclassified Human immunodeficiency virus 1 subspecies/strain","unclassified Human immunodeficiency virus 1 strain","NGS_1T",10116512
"KJ140263.2",9126,3313,1147,19.267157,12.4237,"HIV-1 isolate HP-18:07JHS10-3909 from South Korea, partial genome",11676,"Viruses","Artverviricota","Revtraviricetes","Ortervirales","Retroviridae","Lentivirus","Human immunodeficiency virus 1","unclassified Human immunodeficiency virus 1 subspecies/strain","unclassified Human immunodeficiency virus 1 strain","NGS_1T",10116512
"KP109514.1",8931,1376,215,3.6753218,2.37962,"HIV-1 isolate DEMB10TH002 from Thailand gag protein (gag) gene, complete cds; pol protein (pol) gene, partial cds; and vif protein (vif), vpr protein (vpr), tat protein (tat), rev protein (rev), vpu protein (vpu), envelope glycoprotein (env), and nef protein (nef) genes, complete cds",11676,"Viruses","Artverviricota","Revtraviricetes","Ortervirales","Retroviridae","Lentivirus","Human immunodeficiency virus 1","unclassified Human immunodeficiency virus 1 subspecies/strain","unclassified Human immunodeficiency virus 1 strain","NGS_1T",10116512
"D00835.1",11443,258,2,0.07544497,0.0172766,"Human immunodeficiency virus 2 proviral DNA, complete genome",11709,"Viruses","Artverviricota","Revtraviricetes","Ortervirales","Retroviridae","Lentivirus","Human immunodeficiency virus 2","unclassified Human immunodeficiency virus 2 subspecies/strain","unclassified Human immunodeficiency virus 2 strain","NGS_1T",10116512
"KU168274.1",9734,267,1,0.027858932,0.010155,"HIV-1 isolate LA20DuCl from Romania, complete genome",11676,"Viruses","Artverviricota","Revtraviricetes","Ortervirales","Retroviridae","Lentivirus","Human immunodeficiency virus 1","unclassified Human immunodeficiency virus 1 subspecies/strain","unclassified Human immunodeficiency virus 1 strain","NGS_1T",10116512
"KU168280.1",9692,246,112,1.7420876,1.14228,"HIV-1 isolate LA26DiAn from Democratic Republic of the Congo, complete genome",11676,"Viruses","Artverviricota","Revtraviricetes","Ortervirales","Retroviridae","Lentivirus","Human immunodeficiency virus 1","unclassified Human immunodeficiency virus 1 subspecies/strain","unclassified Human immunodeficiency virus 1 strain","NGS_1T",10116512
"EU170151.1",9126,2034,1466,24.529858,15.879,"HIV-1 isolate luBF_01.03 from Luxembourg, partial genome",11676,"Viruses","Artverviricota","Revtraviricetes","Ortervirales","Retroviridae","Lentivirus","Human immunodeficiency virus 1","unclassified Human immunodeficiency virus 1 subspecies/strain","unclassified Human immunodeficiency virus 1 strain","NGS_1T",10116512
"KY628221.1",9026,863,320,5.3666067,3.50448,"HIV-1 isolate BRGO6043 from Brazil gag protein (gag) gene, complete cds; pol protein (pol) gene, partial cds; vif protein (vif), vpr protein (vpr), tat protein (tat), rev protein (rev), and vpu protein (vpu) genes, complete cds; envelope glycoprotein-like (env) gene, complete sequence; and nef protein (nef) gene, complete cds",11676,"Viruses","Artverviricota","Revtraviricetes","Ortervirales","Retroviridae","Lentivirus","Human immunodeficiency virus 1","unclassified Human immunodeficiency virus 1 subspecies/strain","unclassified Human immunodeficiency virus 1 strain","NGS_1T",10116512
"MG012796.1",194711,67993,20301,22.244032,10.3061,"Vaccinia virus isolate CEyV2, complete genome",10245,"Viruses","Nucleocytoviricota","Pokkesviricetes","Chitovirales","Poxviridae","Orthopoxvirus","Vaccinia virus","unclassified Vaccinia virus subspecies/strain","unclassified Vaccinia virus strain","NGS_1T",10116512
"GQ329670.1",145289,182,0,0.1486575,0,"Pseudocowpox virus strain VR634, complete genome",129726,"Viruses","Nucleocytoviricota","Pokkesviricetes","Chitovirales","Poxviridae","Parapoxvirus","Pseudocowpox virus","unclassified Pseudocowpox virus subspecies/strain","unclassified Pseudocowpox virus strain","NGS_1T",10116512
"LT907991.1",12681,342,6,0.0687096,0.04677,"Bovine viral diarrhea virus 1 isolate VE_138cp_05 genome assembly, complete genome: monopartite",11099,"Viruses","Kitrinoviricota","Flasuviricetes","Amarillovirales","Flaviviridae","Pestivirus","Pestivirus A","Bovine viral diarrhea virus 1","Bovine viral diarrhea virus 1","NGS_1T",10116512
"MF351889.1",32399,231,0,0.09404943,0,"Morelia viridis nidovirus strain S14-1323_MVNV, complete genome",2016400,"Viruses","Pisuviricota","Pisoniviricetes","Nidovirales","Tobaniviridae","Pregotovirus","Pregotovirus heba","Morelia viridis nidovirus","Morelia viridis nidovirus","NGS_1T",10116512
"KX778615.1",2328,124,1,0.056932967,0.0424606,"Rotavirus A isolate Hu/DOM/2013840364/2013/G4P[6-8_R] VP4 (VP4) gene, complete cds",28875,"Viruses","Duplornaviricota","Resentoviricetes","Reovirales","Sedoreoviridae","Rotavirus","Rotavirus A","unclassified Rotavirus A subspecies/strain","unclassified Rotavirus A strain","NGS_1T",10116512
"KY055429.1",2585,292,2,0.12156057,0.0764784,"Rotavirus A strain RVA/Goat-wt/UGA/BUW-14-085/2014/G6P[1] VP3 (VP3) mRNA, complete cds",28875,"Viruses","Duplornaviricota","Resentoviricetes","Reovirales","Sedoreoviridae","Rotavirus","Rotavirus A","unclassified Rotavirus A subspecies/strain","unclassified Rotavirus A strain","NGS_1T",10116512
"GU827406.1",3302,150,1,0.047588833,0.0299359,"Rotavirus A strain RVA/Cat-wt/ITA/BA222/2005/G3P[9] VP1 gene, complete cds",28875,"Viruses","Duplornaviricota","Resentoviricetes","Reovirales","Sedoreoviridae","Rotavirus","Rotavirus A","unclassified Rotavirus A subspecies/strain","unclassified Rotavirus A strain","NGS_1T",10116512
"KT887535.1",1191,362,4,0.5725264,0.331984,"Rotavirus A strain RVA/alpaca-wt/PER/1115/2010/G8P[1] segment 6, partial sequence",28875,"Viruses","Duplornaviricota","Resentoviricetes","Reovirales","Sedoreoviridae","Rotavirus","Rotavirus A","unclassified Rotavirus A subspecies/strain","unclassified Rotavirus A strain","NGS_1T",10116512
"KX655509.1",2361,334,81,5.4880147,3.39124,"Rotavirus A strain RVA/Human-wt/UGA/MSK-13-048/2013/G9P[8] VP4 (VP4) mRNA, complete cds",28875,"Viruses","Duplornaviricota","Resentoviricetes","Reovirales","Sedoreoviridae","Rotavirus","Rotavirus A","unclassified Rotavirus A subspecies/strain","unclassified Rotavirus A strain","NGS_1T",10116512
"KC175185.1",1343,153,2,0.2514669,0.147205,"Rotavirus A strain RVA/Human-wt/IND/N198/2004/G10P[11] segment 6 inner capsid protein VP6 (VP6) gene, complete cds",28875,"Viruses","Duplornaviricota","Resentoviricetes","Reovirales","Sedoreoviridae","Rotavirus","Rotavirus A","unclassified Rotavirus A subspecies/strain","unclassified Rotavirus A strain","NGS_1T",10116512
"FJ347104.1",1356,150,3,0.37313432,0.218691,"Rotavirus A strain RVA/Guanaco-wt/ARG/Chubut/1999/G8P[14] VP6 gene, complete cds",28875,"Viruses","Duplornaviricota","Resentoviricetes","Reovirales","Sedoreoviridae","Rotavirus","Rotavirus A","unclassified Rotavirus A subspecies/strain","unclassified Rotavirus A strain","NGS_1T",10116512
"KU356637.1",1066,150,31,5.0578604,2.87458,"Human rotavirus A strain RVA/Human-wt/BGN/M310/2013/G2P[4] NSP3 gene, complete cds",10941,"Viruses","Duplornaviricota","Resentoviricetes","Reovirales","Sedoreoviridae","Rotavirus","Rotavirus A","Human rotavirus A","Human rotavirus A","NGS_1T",10116512
"KU356638.1",751,197,2,0.4808652,0.263244,"Human rotavirus A strain RVA/Human-wt/BGN/M310/2013/G2P[4] NSP4 gene, complete cds",10941,"Viruses","Duplornaviricota","Resentoviricetes","Reovirales","Sedoreoviridae","Rotavirus","Rotavirus A","Human rotavirus A","Human rotavirus A","NGS_1T",10116512
"MF184783.1",1014,135,1,0.11111111,0.0974835,"Rotavirus A strain RVA/Human-wt/USA/CNMC109/2011/G3P[6] segment 8 non-structural protein 2 (NSP2) gene, complete cds",28875,"Viruses","Duplornaviricota","Resentoviricetes","Reovirales","Sedoreoviridae","Rotavirus","Rotavirus A","unclassified Rotavirus A subspecies/strain","unclassified Rotavirus A strain","NGS_1T",10116512
"MG181659.1",2359,327,33,2.636487,1.38279,"Rotavirus A strain RVA/Human-wt/MWI/BID2BS/2013/G1P[8] structural protein 4 (VP4) gene, complete cds",28875,"Viruses","Duplornaviricota","Resentoviricetes","Reovirales","Sedoreoviridae","Rotavirus","Rotavirus A","unclassified Rotavirus A subspecies/strain","unclassified Rotavirus A strain","NGS_1T",10116512
"JX307625.1",1054,150,25,4.14823,2.3446,"Human rotavirus A strain RVA/Human-wt/IND/mcs72/2011/G8P[4] nonstructural protein NSP3 gene, complete cds",10941,"Viruses","Duplornaviricota","Resentoviricetes","Reovirales","Sedoreoviridae","Rotavirus","Rotavirus A","Human rotavirus A","Human rotavirus A","NGS_1T",10116512
"KX632343.1",2684,150,1,0.0394633,0.0368287,"Rotavirus A strain RVA/Human-wt/UGA/MUL-13-157/2013/G1P[8] segment 2, complete sequence",28875,"Viruses","Duplornaviricota","Resentoviricetes","Reovirales","Sedoreoviridae","Rotavirus","Rotavirus A","unclassified Rotavirus A subspecies/strain","unclassified Rotavirus A strain","NGS_1T",10116512
"KX655487.1",2359,175,34,2.308737,1.42469,"Rotavirus A strain RVA/Human-wt/UGA/KTV-13-023/2013/G12P[6] VP4 (VP4) mRNA, complete cds",28875,"Viruses","Duplornaviricota","Resentoviricetes","Reovirales","Sedoreoviridae","Rotavirus","Rotavirus A","unclassified Rotavirus A subspecies/strain","unclassified Rotavirus A strain","NGS_1T",10116512
"KU714445.1",2717,282,2,0.10985586,0.0727628,"Rotavirus A strain RVA/Human-wt/MWI/MW2-181_A/2000/G1P[8] segment 2, complete sequence",28875,"Viruses","Duplornaviricota","Resentoviricetes","Reovirales","Sedoreoviridae","Rotavirus","Rotavirus A","unclassified Rotavirus A subspecies/strain","unclassified Rotavirus A strain","NGS_1T",10116512
"MG181590.1",3303,230,64,3.0447192,1.91532,"Rotavirus A strain RVA/Human-wt/MWI/BID1LN/2013/G1P[8] structural protein 1 (VP1) gene, complete cds",28875,"Viruses","Duplornaviricota","Resentoviricetes","Reovirales","Sedoreoviridae","Rotavirus","Rotavirus A","unclassified Rotavirus A subspecies/strain","unclassified Rotavirus A strain","NGS_1T",10116512
"KP882477.1",2508,218,29,1.7735369,1.14298,"Rotavirus A strain RVA/Human-wt/GHA/Ghan-059/2008/G8P[1] segment 3 VP3 (VP3) gene, complete cds",28875,"Viruses","Duplornaviricota","Resentoviricetes","Reovirales","Sedoreoviridae","Rotavirus","Rotavirus A","unclassified Rotavirus A subspecies/strain","unclassified Rotavirus A strain","NGS_1T",10116512
"KY628968.1",157447,341,0,0.035086494,0,"Macacine alphaherpesvirus 1 isolate 8100812, complete genome",10325,"Viruses","Peploviricota","Herviviricetes","Herpesvirales","Herpesviridae","Simplexvirus","Macacine alphaherpesvirus 1","unclassified Macacine alphaherpesvirus 1 subspecies/strain","unclassified Macacine alphaherpesvirus 1 strain","NGS_1T",10116512
"KY628970.1",157321,189,0,0.002112349,0,"Macacine alphaherpesvirus 1 isolate KQ, complete genome",10325,"Viruses","Peploviricota","Herviviricetes","Herpesvirales","Herpesviridae","Simplexvirus","Macacine alphaherpesvirus 1","unclassified Macacine alphaherpesvirus 1 subspecies/strain","unclassified Macacine alphaherpesvirus 1 strain","NGS_1T",10116512
"MT862163.1",131245,271,1,0.2011137,0.000753159,"Bovine alphaherpesvirus 2 strain C1Z FZR",10295,"Viruses","Peploviricota","Herviviricetes","Herpesvirales","Herpesviridae","Simplexvirus","Bovine alphaherpesvirus 2","unclassified Bovine alphaherpesvirus 2 subspecies/strain","unclassified Bovine alphaherpesvirus 2 strain","NGS_1T",10116512
"LS480640.1",155503,2207,18,0.029886775,0.011442,"Human alphaherpesvirus 2 isolate 333 genome assembly, chromosome: I",10310,"Viruses","Peploviricota","Herviviricetes","Herpesvirales","Herpesviridae","Simplexvirus","Human alphaherpesvirus 2","unclassified Human alphaherpesvirus 2 subspecies/strain","unclassified Human alphaherpesvirus 2 strain","NGS_1T",10116512
"MF678601.1",144144,354,0,0.08421184,0,"Beluga whale alphaherpesvirus 1 strain LN3131-1",1434720,"Viruses","Peploviricota","Herviviricetes","Herpesvirales","Herpesviridae","Varicellovirus","Monodontid alphaherpesvirus 1","Beluga whale alphaherpesvirus 1","Beluga whale alphaherpesvirus 1","NGS_1T",10116512
"MG989243.1",134617,356,0,0.007176482,0,"Caprine alphaherpesvirus 1 strain JSHA1405",39944,"Viruses","Peploviricota","Herviviricetes","Herpesvirales","Herpesviridae","Varicellovirus","Caprine alphaherpesvirus 1","unclassified Caprine alphaherpesvirus 1 subspecies/strain","unclassified Caprine alphaherpesvirus 1 strain","NGS_1T",10116512
"KT280503.1",7332,7253,40453,855.8422,1442.56,"Enterovirus D68 isolate 2011-21186, complete genome",42789,"Viruses","Pisuviricota","Pisoniviricetes","Picornavirales","Picornaviridae","Enterovirus","Enterovirus D","enterovirus D68","enterovirus D68","NGS_4T",3824684
"AC_000007.1",35937,1616,1158,4.969961,8.42502,"Human adenovirus 2, complete genome",10515,"Viruses","Preplasmiviricota","Tectiliviricetes","Rowavirales","Adenoviridae","Mastadenovirus","Human mastadenovirus C","Human adenovirus 2","Human adenovirus 2","NGS_4T",3824684
"NC_003310.1",196858,106897,67210,54.472267,89.2658,"Monkeypox virus Zaire-96-I-16, complete genome",10244,"Viruses","Nucleocytoviricota","Pokkesviricetes","Chitovirales","Poxviridae","Orthopoxvirus","Monkeypox virus","unclassified Monkeypox virus subspecies/strain","unclassified Monkeypox virus strain","NGS_4T",3824684
"NC_012042.1",5196,147,1,0.029131986,0.0503194,"Human bocavirus 2c PK isolate PK-5510, complete genome",1511882,"Viruses","Cossaviricota","Quintoviricetes","Piccovirales","Parvoviridae","Bocaparvovirus","Primate bocaparvovirus 2","Human bocavirus 2c PK","Human bocavirus 2c PK","NGS_4T",3824684
"NC_026438.1",10878,388,625,8.594146,15.0223,"influenza A H1N1 all segments",641809,"Viruses","Negarnaviricota","Insthoviricetes","Articulavirales","Orthomyxoviridae","Alphainfluenzavirus","Influenza A virus","Influenza A virus (A/California/07/2009(H1N1))","Influenza A virus (A/California/07/2009(H1N1))","NGS_4T",3824684
"NC_007373.1",11286,142,1,0.012751437,0.0231667,"influenza A H3N2 all segments",335341,"Viruses","Negarnaviricota","Insthoviricetes","Articulavirales","Orthomyxoviridae","Alphainfluenzavirus","Influenza A virus","Influenza A virus (A/New York/392/2004(H3N2))","Influenza A virus (A/New York/392/2004(H3N2))","NGS_4T",3824684
"KY316160.1",34169,1923,109,0.4697963,0.834063,"Human adenovirus 41 isolate SH/2015/D16, complete genome",10524,"Viruses","Preplasmiviricota","Tectiliviricetes","Rowavirales","Adenoviridae","Mastadenovirus","Human mastadenovirus F","Human adenovirus 41","Human adenovirus 41","NGS_4T",3824684
"AB111966.1",9060,268,30,0.53299665,0.86576,"Bovine viral diarrhea virus 190cp gene for poryprotein, partai cds, strain: 190cp",233888,"Viruses","Kitrinoviricota","Flasuviricetes","Amarillovirales","Flaviviridae","Pestivirus","Pestivirus A","Bovine viral diarrhea virus 190cp","Bovine viral diarrhea virus 190cp","NGS_4T",3824684
"AC090446.27",170275,236,1,0.008364438,0.00153551,"Baboon cytomegalovirus OCOM4-37 clone bacmv, WORKING DRAFT SEQUENCE, 22 unordered pieces",153301,"Viruses","Peploviricota","Herviviricetes","Herpesvirales","Herpesviridae","Cytomegalovirus","Papiine betaherpesvirus 3","Baboon cytomegalovirus OCOM4-37","Baboon cytomegalovirus OCOM4-37","NGS_4T",3824684
"AF033812.1",5894,109,2,0.037952647,0.0887206,"Abelson murine leukemia virus, complete genome",11788,"Viruses","Artverviricota","Revtraviricetes","Ortervirales","Retroviridae","Gammaretrovirus","Abelson murine leukemia virus","unclassified Abelson murine leukemia virus subspecies/strain","unclassified Abelson murine leukemia virus strain","NGS_4T",3824684
"AF033818.1",8419,1112,184,3.4468496,5.71428,"Bovine leukemia virus complete genome",11901,"Viruses","Artverviricota","Revtraviricetes","Ortervirales","Retroviridae","Deltaretrovirus","Bovine leukemia virus","unclassified Bovine leukemia virus subspecies/strain","unclassified Bovine leukemia virus strain","NGS_4T",3824684
"AF043303.1",4679,145,1,0.032015897,0.0558794,"Adeno-associated virus 2, complete genome",10804,"Viruses","Cossaviricota","Quintoviricetes","Piccovirales","Parvoviridae","Dependoparvovirus","Adeno-associated dependoparvovirus A","adeno-associated virus 2","adeno-associated virus 2","NGS_4T",3824684
"AF052428.1",9396,150,1,0.016223231,0.0278267,"Rous sarcoma virus strain Schmidt-Ruppin B, complete genome",269447,"Viruses","Artverviricota","Revtraviricetes","Ortervirales","Retroviridae","Alpharetrovirus","Rous sarcoma virus","Rous sarcoma virus - Schmidt-Ruppin B","Rous sarcoma virus - Schmidt-Ruppin B","NGS_4T",3824684
"AF126467.1",8105,480,155,2.8434947,5.00015,"Simian retrovirus 2, complete genome",39068,"Viruses","Artverviricota","Revtraviricetes","Ortervirales","Retroviridae","Betaretrovirus","Mason-Pfizer monkey virus","Simian retrovirus 2","Simian retrovirus 2","NGS_4T",3824684
"AF356697.1",8072,253,29,0.4093663,0.939337,"Porcine endogenous retrovirus class E clone P14.1, complete genome",168238,"Viruses","Artverviricota","Revtraviricetes","Ortervirales","Retroviridae","Gammaretrovirus","Porcine type-C oncovirus","Porcine endogenous retrovirus E","Porcine endogenous retrovirus E","NGS_4T",3824684
"AF406966.1",5610,1765,718,17.71502,33.4631,"Bovine parvovirus 2 putative non-structural protein and putative capsid protein genes, complete cds",172296,"Viruses","Cossaviricota","Quintoviricetes","Piccovirales","Parvoviridae","Copiparvovirus","Ungulate copiparvovirus 1","Bovine parvovirus - 2","Bovine parvovirus - 2","NGS_4T",3824684
"AF457465.1",7841,447,33,0.74151605,1.10039,"Bos taurus papillomavirus 5, complete genome",2491661,"Viruses","Cossaviricota","Papovaviricetes","Zurhausenvirales","Papillomaviridae","Epsilonpapillomavirus","Epsilonpapillomavirus 1","Bos taurus papillomavirus 5","Bos taurus papillomavirus 5","NGS_4T",3824684
"AF513851.1",4721,150,17,0.5578648,0.941498,"Adeno-associated virus 7 nonstructural protein and capsid protein genes, complete cds",202812,"Viruses","Cossaviricota","Quintoviricetes","Piccovirales","Parvoviridae","Dependoparvovirus","Adeno-associated dependoparvovirus A","Adeno-associated virus - 7","Adeno-associated virus - 7","NGS_4T",3824684
"AY037928.1",9472,5252,107,1.6479297,2.95356,"Human endogenous retrovirus K113 complete genome",166122,"Viruses","Artverviricota","Revtraviricetes","Ortervirales","Retroviridae","unclassified Retroviridae genus","Human endogenous retrovirus K","Human endogenous retrovirus K113","Human endogenous retrovirus K113","NGS_4T",3824684
"CY107826.1",2220,150,1,0.05942029,0.117775,"Influenza A virus (A/swine/Korea/1130/2009(H1N2)) polymerase PA (PA) gene, complete cds",1141720,"Viruses","Negarnaviricota","Insthoviricetes","Articulavirales","Orthomyxoviridae","Alphainfluenzavirus","Influenza A virus","Influenza A virus (A/swine/Korea/1130/2009(H1N2))","Influenza A virus (A/swine/Korea/1130/2009(H1N2))","NGS_4T",3824684
"D10032.1",8507,4601,12004,213.94447,368.939,"Baboon endogenous virus strain M7 proviral DNA, complete genome",11764,"Viruses","Artverviricota","Revtraviricetes","Ortervirales","Retroviridae","Gammaretrovirus","Baboon endogenous virus","Baboon endogenous virus strain M7","Baboon endogenous virus strain M7","NGS_4T",3824684
"EF059923.1",2359,138,1,0.062471706,0.110835,"Human rotavirus G9 strain CAU 202 VP4 gene, complete cds",42567,"Viruses","Duplornaviricota","Resentoviricetes","Reovirales","Sedoreoviridae","Rotavirus","Rotavirus A","Rotavirus G9","Rotavirus G9","NGS_4T",3824684
"EU030001.1",8406,298,1,0.14656007,0.0311039,"RD114 retrovirus isolate SC3C, complete genome",11834,"Viruses","Artverviricota","Revtraviricetes","Ortervirales","Retroviridae","Gammaretrovirus","RD114 retrovirus","unclassified RD114 retrovirus subspecies/strain","unclassified RD114 retrovirus strain","NGS_4T",3824684
"FJ361201.1",3267,150,1,0.048123196,0.0800305,"Rotavirus A strain 116E/AG segment 1 viral protein 1 (VP1) gene, complete cds",638299,"Viruses","Duplornaviricota","Resentoviricetes","Reovirales","Sedoreoviridae","Rotavirus","Rotavirus A","Rotavirus A strain 116E/AG","Rotavirus A strain 116E/AG","NGS_4T",3824684
"FJ810126.1",5759,195,2,0.053485468,0.0908003,"Culex pipiens densovirus, complete genome",185638,"Viruses","Cossaviricota","Quintoviricetes","Piccovirales","Parvoviridae","Protoambidensovirus","Dipteran protoambidensovirus 1","Culex pipiens densovirus","Culex pipiens densovirus","NGS_4T",3824684
"FJ973560.1",4958,150,1,0.031198002,0.0527349,"Human bocavirus 2b NI strain HBoV2B-NI-213, complete genome",1511881,"Viruses","Cossaviricota","Quintoviricetes","Piccovirales","Parvoviridae","Bocaparvovirus","Primate bocaparvovirus 2","Human bocavirus 2b NI","Human bocavirus 2b NI","NGS_4T",3824684
"FN824512.2",45480,186,1,0.0435032,0.00574889,"Pigeon adenovirus 1 complete genome, strain IDA4",764030,"Viruses","Preplasmiviricota","Tectiliviricetes","Rowavirales","Adenoviridae","Aviadenovirus","Pigeon aviadenovirus A","Pigeon adenovirus 1","Pigeon adenovirus 1","NGS_4T",3824684
"GU452720.1",3893,525,13,0.45952445,0.873099,"Mosquito densovirus BR/07, complete genome",945962,"Viruses","Cossaviricota","Quintoviricetes","Piccovirales","Parvoviridae","Brevidensovirus","Mosquito densovirus BR/07","unclassified Mosquito densovirus BR/07 subspecies/strain","unclassified Mosquito densovirus BR/07 strain","NGS_4T",3824684
"GU937877.1",3302,150,1,0.047588833,0.0791822,"Caprine rotavirus A strain GO34 RNA-dependent RNA polymerase (VP1) gene, complete cds",204932,"Viruses","Duplornaviricota","Resentoviricetes","Reovirales","Sedoreoviridae","Rotavirus","Rotavirus A","Caprine rotavirus A","Caprine rotavirus A","NGS_4T",3824684
"GU937881.1",1356,231,2,0.2968491,0.385633,"Caprine rotavirus A strain GO34 VP6 protein (VP6) gene, complete cds",204932,"Viruses","Duplornaviricota","Resentoviricetes","Reovirales","Sedoreoviridae","Rotavirus","Rotavirus A","Caprine rotavirus A","Caprine rotavirus A","NGS_4T",3824684
"HM189303.1",2224,168,2,0.13259402,0.235125,"Influenza A virus (A/swine/Guangdong/1/2010(H1N1)) segment 3 polymerase PA (PA) gene, complete cds",762299,"Viruses","Negarnaviricota","Insthoviricetes","Articulavirales","Orthomyxoviridae","Alphainfluenzavirus","Influenza A virus","Influenza A virus (A/swine/Guangdong/1/2010(H1N1))","Influenza A virus (A/swine/Guangdong/1/2010(H1N1))","NGS_4T",3824684
"J02226.1",5130,1328,209,6.282329,10.6521,"JC virus complete genome",10632,"Viruses","Cossaviricota","Papovaviricetes","Sepolyvirales","Polyomaviridae","Betapolyomavirus","Betapolyomavirus secuhominis","JC polyomavirus","JC polyomavirus","NGS_4T",3824684
"JF304767.1",7664,117,16,2.4089699,0.545844,"Saimiri sciureus papillomavirus type 3 isolate Mac2167.2, complete genome",990306,"Viruses","Cossaviricota","Papovaviricetes","Zurhausenvirales","Papillomaviridae","Dyoomikronpapillomavirus","Dyoomikronpapillomavirus 1","Saimiri sciureus papillomavirus 3","Saimiri sciureus papillomavirus 3","NGS_4T",3824684
"JX195074.1",3302,150,1,0.047588833,0.0791822,"Rotavirus A RVA/Human-wt/ITA/AV28/2010/G9P8 segment 1, complete sequence",1307163,"Viruses","Duplornaviricota","Resentoviricetes","Reovirales","Sedoreoviridae","Rotavirus","Rotavirus A","Rotavirus A RVA/Human-wt/ITA/AV28/2010/G9P8","Rotavirus A RVA/Human-wt/ITA/AV28/2010/G9P8","NGS_4T",3824684
"JX195078.1",1356,136,1,0.112769485,0.192817,"Rotavirus A RVA/Human-wt/ITA/AV28/2010/G9P8 segment 6, complete sequence",1307163,"Viruses","Duplornaviricota","Resentoviricetes","Reovirales","Sedoreoviridae","Rotavirus","Rotavirus A","Rotavirus A RVA/Human-wt/ITA/AV28/2010/G9P8","Rotavirus A RVA/Human-wt/ITA/AV28/2010/G9P8","NGS_4T",3824684
"JX195081.1",1059,150,1,0.1650165,0.246893,"Rotavirus A RVA/Human-wt/ITA/AV28/2010/G9P8 segment 8, complete sequence",1307163,"Viruses","Duplornaviricota","Resentoviricetes","Reovirales","Sedoreoviridae","Rotavirus","Rotavirus A","Rotavirus A RVA/Human-wt/ITA/AV28/2010/G9P8","Rotavirus A RVA/Human-wt/ITA/AV28/2010/G9P8","NGS_4T",3824684
"JX195082.1",1074,150,1,0.16233766,0.243445,"Rotavirus A RVA/Human-wt/ITA/AV28/2010/G9P8 segment 7, complete sequence",1307163,"Viruses","Duplornaviricota","Resentoviricetes","Reovirales","Sedoreoviridae","Rotavirus","Rotavirus A","Rotavirus A RVA/Human-wt/ITA/AV28/2010/G9P8","Rotavirus A RVA/Human-wt/ITA/AV28/2010/G9P8","NGS_4T",3824684
"KC617868.1",3780,3780,14589,563.71765,1009.11,"Parvovirus NIH-CQV putative 15-kDa protein, putative replication associated protein (rep), and putative capsid protein (cap) genes, complete cds",1341019,"Viruses","Cossaviricota","Quintoviricetes","Piccovirales","Parvoviridae","unclassified Parvoviridae genus","Parvovirus NIH-CQV","unclassified Parvovirus NIH-CQV subspecies/strain","unclassified Parvovirus NIH-CQV strain","NGS_4T",3824684
"KC782516.2",1066,300,22,3.6026201,5.39597,"Rotavirus A human-wt/USA/LB1562/2010/G9P4 NSP3 (NSP3) gene, complete cds",1349389,"Viruses","Duplornaviricota","Resentoviricetes","Reovirales","Sedoreoviridae","Rotavirus","Rotavirus A","Rotavirus A human-wt/USA/LB1562/2010/G9P4","Rotavirus A human-wt/USA/LB1562/2010/G9P4","NGS_4T",3824684
"KC782520.2",2687,450,3,0.17737485,0.291916,"Rotavirus A human-wt/USA/LB1562/2010/G9P4 VP2 (VP2) gene, complete cds",1349389,"Viruses","Duplornaviricota","Resentoviricetes","Reovirales","Sedoreoviridae","Rotavirus","Rotavirus A","Rotavirus A human-wt/USA/LB1562/2010/G9P4","Rotavirus A human-wt/USA/LB1562/2010/G9P4","NGS_4T",3824684
"KF703446.1",127320,193,0,0.010018086,0,"Retroperitoneal fibromatosis-associated herpesvirus isolate RFHVMnM78114, complete genome",111469,"Viruses","Peploviricota","Herviviricetes","Herpesvirales","Herpesviridae","Rhadinovirus","Macacine gammaherpesvirus 8","Retroperitoneal fibromatosis-associated herpesvirus","Retroperitoneal fibromatosis-associated herpesvirus","NGS_4T",3824684
"KJ541759.1",33452,213,32,0.16590595,0.250111,"Ball python nidovirus strain 07-53, complete genome",1986118,"Viruses","Pisuviricota","Pisoniviricetes","Nidovirales","Tobaniviridae","Pregotovirus","Ball python nidovirus 1","unclassified Ball python nidovirus 1 subspecies/strain","unclassified Ball python nidovirus 1 strain","NGS_4T",3824684
"KM269482.1",7875,186,5,0.18045308,0.166006,"Encephalomyocarditis virus strain ATCC VR-129B, complete genome",12104,"Viruses","Pisuviricota","Pisoniviricetes","Picornavirales","Picornaviridae","Cardiovirus","Cardiovirus A","Encephalomyocarditis virus","Encephalomyocarditis virus","NGS_4T",3824684
"KM496323.1",4746,300,64,2.0887728,3.52579,"Bovine polyomavirus 1 isolate 1S5, complete genome",1561702,"Viruses","Cossaviricota","Papovaviricetes","Sepolyvirales","Polyomaviridae","Epsilonpolyomavirus","Epsilonpolyomavirus bovis","Bovine polyomavirus 1","Bovine polyomavirus 1","NGS_4T",3824684
"KT149397.1",2985,2225,657,34.06843,57.5474,"Circovirus-like genome DCCV-4, complete genome",1788444,"Viruses","Cressdnaviricota","Arfiviricetes","Cirlivirales","Circoviridae","unclassified Circoviridae genus","Circovirus-like genome DCCV-4","unclassified Circovirus-like genome DCCV-4 subspecies/strain","unclassified Circovirus-like genome DCCV-4 strain","NGS_4T",3824684
"KT149406.1",2433,2385,1169,78.26369,125.625,"Circovirus-like genome DCCV-13, complete genome",1788441,"Viruses","Cressdnaviricota","Arfiviricetes","Cirlivirales","Circoviridae","unclassified Circoviridae genus","Circovirus-like genome DCCV-13","unclassified Circovirus-like genome DCCV-13 subspecies/strain","unclassified Circovirus-like genome DCCV-13 strain","NGS_4T",3824684
"KU172423.1",5254,1960,662,17.231388,32.9437,"Bovine hokovirus 2 strain bovine hokovirus 2 strain BS-S13 nonstructural protein (NS1), minor capsid protein (VP1), and major capsid protein (VP2) genes, complete cds",1096141,"Viruses","Cossaviricota","Quintoviricetes","Piccovirales","Parvoviridae","Tetraparvovirus","Ungulate tetraparvovirus 1","Bovine hokovirus 2","Bovine hokovirus 2","NGS_4T",3824684
"KU351741.1",137448,201,0,0.021347726,0,"Macaca nemestrina herpesvirus 7, complete genome",1846169,"Viruses","Peploviricota","Herviviricetes","Herpesvirales","Herpesviridae","Roseolovirus","Macacine betaherpesvirus 9","Macaca nemestrina herpesvirus 7","Macaca nemestrina herpesvirus 7","NGS_4T",3824684
"KU605777.1",8126,171,36,0.6552156,1.15832,"Simian retrovirus 8 strain SRV8/SUZ/2012, complete genome",1904439,"Viruses","Artverviricota","Revtraviricetes","Ortervirales","Retroviridae","Betaretrovirus","Simian retrovirus 8","unclassified Simian retrovirus 8 subspecies/strain","unclassified Simian retrovirus 8 strain","NGS_4T",3824684
"KU727766.1",5166,300,2,0.059808612,0.101223,"Parus major densovirus isolate PmDNV-JL, complete genome",1907771,"Viruses","Cossaviricota","Quintoviricetes","Piccovirales","Parvoviridae","unclassified Parvoviridae genus","Parus major densovirus","unclassified Parus major densovirus subspecies/strain","unclassified Parus major densovirus strain","NGS_4T",3824684
"KU749309.1",203453,158,0,0.012469073,0,"Raccoonpox virus strain 85A, complete genome",10256,"Viruses","Nucleocytoviricota","Pokkesviricetes","Chitovirales","Poxviridae","Orthopoxvirus","Raccoonpox virus","unclassified Raccoonpox virus subspecies/strain","unclassified Raccoonpox virus strain","NGS_4T",3824684
"KU749311.1",217124,308,11,0.16257247,0.0132461,"Volepox virus strain CA, complete genome",28874,"Viruses","Nucleocytoviricota","Pokkesviricetes","Chitovirales","Poxviridae","Orthopoxvirus","Volepox virus","unclassified Volepox virus subspecies/strain","unclassified Volepox virus strain","NGS_4T",3824684
"KU936049.1",137452,1737,315,0.57028306,0.599189,"Bubaline alphaherpesvirus 1 strain b6, complete genome",202910,"Viruses","Peploviricota","Herviviricetes","Herpesvirales","Herpesviridae","Varicellovirus","Bubaline alphaherpesvirus 1","unclassified Bubaline alphaherpesvirus 1 subspecies/strain","unclassified Bubaline alphaherpesvirus 1 strain","NGS_4T",3824684
"KY040274.1",192183,274,0,0.0050043482,0,"Molluscum contagiosum virus subtype 2 isolate Madrid 2016_1, complete genome",10281,"Viruses","Nucleocytoviricota","Pokkesviricetes","Chitovirales","Poxviridae","Molluscipoxvirus","Molluscum contagiosum virus","Molluscum contagiosum virus subtype 2","Molluscum contagiosum virus subtype 2","NGS_4T",3824684
"KY040275.1",188253,594,1,0.052072536,0.00138887,"Molluscum contagiosum virus subtype 1 isolate Madrid 2016_3, complete genome",10280,"Viruses","Nucleocytoviricota","Pokkesviricetes","Chitovirales","Poxviridae","Molluscipoxvirus","Molluscum contagiosum virus","Molluscum contagiosum virus subtype 1","Molluscum contagiosum virus subtype 1","NGS_4T",3824684
"KY215944.1",135301,314,0,0.032082632,0,"Bovine alphaherpesvirus 1 isolate 216 II, complete genome",10320,"Viruses","Peploviricota","Herviviricetes","Herpesvirales","Herpesviridae","Varicellovirus","Bovine alphaherpesvirus 1","unclassified Bovine alphaherpesvirus 1 subspecies/strain","unclassified Bovine alphaherpesvirus 1 strain","NGS_4T",3824684
"KY385637.1",147346,195,1,0.003974293,0.00177446,"Ateline alphaherpesvirus 1 isolate Lennette, complete genome",35243,"Viruses","Peploviricota","Herviviricetes","Herpesvirales","Herpesviridae","Simplexvirus","Ateline alphaherpesvirus 1","unclassified Ateline alphaherpesvirus 1 subspecies/strain","unclassified Ateline alphaherpesvirus 1 strain","NGS_4T",3824684
"KY484771.1",8673,556,82,1.4417459,2.472,"Porcine endogenous retrovirus A gag-pol polyprotein and env protein genes, complete cds",194958,"Viruses","Artverviricota","Revtraviricetes","Ortervirales","Retroviridae","Gammaretrovirus","Porcine type-C oncovirus","Porcine endogenous retrovirus A","Porcine endogenous retrovirus A","NGS_4T",3824684
"KY490071.1",235397,150,1,0.0006376277,0.00111072,"Human betaherpesvirus 5 strain HANChild1, complete genome",10359,"Viruses","Peploviricota","Herviviricetes","Herpesvirales","Herpesviridae","Cytomegalovirus","Human betaherpesvirus 5","unclassified Human betaherpesvirus 5 subspecies/strain","unclassified Human betaherpesvirus 5 strain","NGS_4T",3824684
"KY549446.1",137712,560,0,0.052085605,0,"Bovine alphaherpesvirus 5 strain ISO 97/45, complete genome",35244,"Viruses","Peploviricota","Herviviricetes","Herpesvirales","Herpesviridae","Varicellovirus","Bovine alphaherpesvirus 5","unclassified Bovine alphaherpesvirus 5 subspecies/strain","unclassified Bovine alphaherpesvirus 5 strain","NGS_4T",3824684
"LT594108.1",151216,78762,83098,83.13615,143.68,"Human herpesvirus 1 isolate 1319_2005 genome assembly, complete genome: monopartite",10298,"Viruses","Peploviricota","Herviviricetes","Herpesvirales","Herpesviridae","Simplexvirus","Human alphaherpesvirus 1","unclassified Human alphaherpesvirus 1 subspecies/strain","unclassified Human alphaherpesvirus 1 strain","NGS_4T",3824684
"M20219.1",7937,643,121,2.257609,3.98596,"Bovine papillomavirus type 2, complete genome",2758382,"Viruses","Cossaviricota","Papovaviricetes","Zurhausenvirales","Papillomaviridae","Deltapapillomavirus","Deltapapillomavirus 4","Bos taurus papillomavirus 2","Bos taurus papillomavirus 2","NGS_4T",3824684
"M32690.1",8482,148,10,0.17594816,0.308252,"Bovine immunodeficiency-like virus, complete proviral genome",11657,"Viruses","Artverviricota","Revtraviricetes","Ortervirales","Retroviridae","Lentivirus","Bovine immunodeficiency virus","unclassified Bovine immunodeficiency virus subspecies/strain","unclassified Bovine immunodeficiency virus strain","NGS_4T",3824684
"MF118167.1",3925,671,11,0.4368212,0.732753,"Human fecal virus Jorvi2, complete genome",2017081,"Viruses","Cressdnaviricota","Arfiviricetes","Cirlivirales","Circoviridae","unclassified Circoviridae genus","Human fecal virus Jorvi2","unclassified Human fecal virus Jorvi2 subspecies/strain","unclassified Human fecal virus Jorvi2 strain","NGS_4T",3824684
"MF694106.1",2233,150,3,0.21603456,0.351267,"Influenza A virus (A/black-headed gull/Netherlands/1/2016(H16N3)) segment 3 polymerase PA (PA) and PA-X protein (PA-X) genes, complete cds",2028508,"Viruses","Negarnaviricota","Insthoviricetes","Articulavirales","Orthomyxoviridae","Alphainfluenzavirus","Influenza A virus","Influenza A virus (A/black-headed gull/Netherlands/1/2016(H16N3))","Influenza A virus (A/black-headed gull/Netherlands/1/2016(H16N3))","NGS_4T",3824684
"MF898328.1",125095,137,0,0.007395254,0,"Human alphaherpesvirus 3 strain Baike, complete genome",10335,"Viruses","Peploviricota","Herviviricetes","Herpesvirales","Herpesviridae","Varicellovirus","Human alphaherpesvirus 3","unclassified Human alphaherpesvirus 3 subspecies/strain","unclassified Human alphaherpesvirus 3 strain","NGS_4T",3824684
"MG712775.1",44454,103,0,0.094980136,0,"Fowl adenovirus 8b isolate SD1356, complete genome",586029,"Viruses","Preplasmiviricota","Tectiliviricetes","Rowavirales","Adenoviridae","Aviadenovirus","Fowl aviadenovirus E","Fowl adenovirus 8b","Fowl adenovirus 8b","NGS_4T",3824684
"MG972981.1",5759,516,711,16.58531,32.2795,"Ungulate copiparvovirus 1 strain QQHE16, complete genome",1511889,"Viruses","Cossaviricota","Quintoviricetes","Piccovirales","Parvoviridae","Copiparvovirus","Ungulate copiparvovirus 1","unclassified Ungulate copiparvovirus 1 subspecies/strain","unclassified Ungulate copiparvovirus 1 strain","NGS_4T",3824684
"MH036942.1",138199,411,0,0.02863476,0,"Cervid alphaherpesvirus 1 strain Anlier, complete genome",79891,"Viruses","Peploviricota","Herviviricetes","Herpesvirales","Herpesviridae","Varicellovirus","Cervid alphaherpesvirus 1","unclassified Cervid alphaherpesvirus 1 subspecies/strain","unclassified Cervid alphaherpesvirus 1 strain","NGS_4T",3824684
"MH036943.1",142633,558,2,0.1123713,0.00366619,"Cervid alphaherpesvirus 2 strain Norway, complete genome",365327,"Viruses","Peploviricota","Herviviricetes","Herpesvirales","Herpesviridae","Varicellovirus","Cervid alphaherpesvirus 2","unclassified Cervid alphaherpesvirus 2 subspecies/strain","unclassified Cervid alphaherpesvirus 2 strain","NGS_4T",3824684
"MH698402.1",162076,1150,141,0.11271198,0.22746,"Human betaherpesvirus 6B strain GTEX-OXRO_icihv6b, complete genome",32604,"Viruses","Peploviricota","Herviviricetes","Herpesvirales","Herpesviridae","Roseolovirus","Human betaherpesvirus 6B","unclassified Human betaherpesvirus 6B subspecies/strain","unclassified Human betaherpesvirus 6B strain","NGS_4T",3824684
"MN205539.1",137429,119,61,0.02612927,0.116053,"UNVERIFIED: Human gammaherpesvirus 8 strain BCBL-1, complete genome",37296,"Viruses","Peploviricota","Herviviricetes","Herpesvirales","Herpesviridae","Rhadinovirus","Human gammaherpesvirus 8","unclassified Human gammaherpesvirus 8 subspecies/strain","unclassified Human gammaherpesvirus 8 strain","NGS_4T",3824684
"MN240300.1",210797,1304,0,0.13204555,0,"Alaskapox virus isolate Alaska_2015, complete genome",2602439,"Viruses","Nucleocytoviricota","Pokkesviricetes","Chitovirales","Poxviridae","Orthopoxvirus","Alaskapox virus","unclassified Alaskapox virus subspecies/strain","unclassified Alaskapox virus strain","NGS_4T",3824684
"MN244297.1",221153,8702,821,0.8561739,0.970632,"Akhmeta virus strain A39, complete genome",2200830,"Viruses","Nucleocytoviricota","Pokkesviricetes","Chitovirales","Poxviridae","Orthopoxvirus","Akhmeta virus","unclassified Akhmeta virus subspecies/strain","unclassified Akhmeta virus strain","NGS_4T",3824684
"NC_001491.2",150224,186,15,0.0037448192,0.026107,"Equid herpesvirus 1, complete genome",10326,"Viruses","Peploviricota","Herviviricetes","Herpesvirales","Herpesviridae","Varicellovirus","Equid alphaherpesvirus 1","unclassified Equid alphaherpesvirus 1 subspecies/strain","unclassified Equid alphaherpesvirus 1 strain","NGS_4T",3824684
"NC_001664.4",159378,705,77,0.06081845,0.126318,"Human betaherpesvirus 6A, variant A DNA, complete virion genome, isolate U1102",32603,"Viruses","Peploviricota","Herviviricetes","Herpesvirales","Herpesviridae","Roseolovirus","Human betaherpesvirus 6A","unclassified Human betaherpesvirus 6A subspecies/strain","unclassified Human betaherpesvirus 6A strain","NGS_4T",3824684
"NC_001716.2",153080,562,10,0.0051461454,0.0170799,"Human herpesvirus 7, complete genome",10372,"Viruses","Peploviricota","Herviviricetes","Herpesvirales","Herpesviridae","Roseolovirus","Human betaherpesvirus 7","unclassified Human betaherpesvirus 7 subspecies/strain","unclassified Human betaherpesvirus 7 strain","NGS_4T",3824684
"NC_002665.1",108873,1149,120,0.17003761,0.288181,"Bovine herpesvirus 4 long unique region, complete sequence",10385,"Viruses","Peploviricota","Herviviricetes","Herpesvirales","Herpesviridae","Rhadinovirus","Bovine gammaherpesvirus 4","unclassified Bovine gammaherpesvirus 4 subspecies/strain","unclassified Bovine gammaherpesvirus 4 strain","NGS_4T",3824684
"NC_006151.1",143461,337,2,0.12827347,0.00364503,"Suid herpesvirus 1, complete genome",10345,"Viruses","Peploviricota","Herviviricetes","Herpesvirales","Herpesviridae","Varicellovirus","Suid alphaherpesvirus 1","unclassified Suid alphaherpesvirus 1 subspecies/strain","unclassified Suid alphaherpesvirus 1 strain","NGS_4T",3824684
"NC_006560.1",150715,471,3,0.029422509,0.00520438,"Cercopithecine herpesvirus 2, complete genome",10317,"Viruses","Peploviricota","Herviviricetes","Herpesvirales","Herpesviridae","Simplexvirus","Cercopithecine alphaherpesvirus 2","unclassified Cercopithecine alphaherpesvirus 2 subspecies/strain","unclassified Cercopithecine alphaherpesvirus 2 strain","NGS_4T",3824684
"NC_007653.1",156487,574,5,0.015530553,0.00835403,"Papiine herpesvirus 2, complete genome",340907,"Viruses","Peploviricota","Herviviricetes","Herpesvirales","Herpesviridae","Simplexvirus","Papiine alphaherpesvirus 2","unclassified Papiine alphaherpesvirus 2 subspecies/strain","unclassified Papiine alphaherpesvirus 2 strain","NGS_4T",3824684
"NC_009334.1",172764,501,0,0.014581668,0,"Human herpesvirus 4, complete genome",12509,"Viruses","Peploviricota","Herviviricetes","Herpesvirales","Herpesviridae","Lymphocryptovirus","Human gammaherpesvirus 4","Human herpesvirus 4 type 2","Human herpesvirus 4 type 2","NGS_4T",3824684
"NC_012783.2",226205,124,0,0.0076441574,0,"Cercopithecine herpesvirus 5 strain 2715, complete genome",50292,"Viruses","Peploviricota","Herviviricetes","Herpesvirales","Herpesviridae","Cytomegalovirus","Cercopithecine betaherpesvirus 5","unclassified Cercopithecine betaherpesvirus 5 subspecies/strain","unclassified Cercopithecine betaherpesvirus 5 strain","NGS_4T",3824684
"NC_014567.1",156742,311,1,0.0060986513,0.00166809,"Saimiriine herpesvirus 1, complete genome",10353,"Viruses","Peploviricota","Herviviricetes","Herpesvirales","Herpesviridae","Simplexvirus","Saimiriine alphaherpesvirus 1","unclassified Saimiriine alphaherpesvirus 1 subspecies/strain","unclassified Saimiriine alphaherpesvirus 1 strain","NGS_4T",3824684
"NC_016447.1",219474,129,0,0.020599661,0,"Aotine herpesvirus 1 strain S34E, complete genome",50290,"Viruses","Peploviricota","Herviviricetes","Herpesvirales","Herpesviridae","Cytomegalovirus","Aotine betaherpesvirus 1","unclassified Aotine betaherpesvirus 1 subspecies/strain","unclassified Aotine betaherpesvirus 1 strain","NGS_4T",3824684
"NC_023677.1",153158,2042,12,0.042252693,0.0204855,"Chimpanzee alpha-1 herpesvirus strain 105640, complete genome",332937,"Viruses","Peploviricota","Herviviricetes","Herpesvirales","Herpesviridae","Simplexvirus","Panine alphaherpesvirus 3","Chimpanzee herpesvirus strain 105640","Chimpanzee herpesvirus strain 105640","NGS_4T",3824684
"NC_024771.1",151601,246,27,0.02071297,0.0465657,"Equid herpesvirus 3 strain AR/2007/C3A, complete genome",80341,"Viruses","Peploviricota","Herviviricetes","Herpesvirales","Herpesviridae","Varicellovirus","Equid alphaherpesvirus 3","unclassified Equid alphaherpesvirus 3 subspecies/strain","unclassified Equid alphaherpesvirus 3 strain","NGS_4T",3824684
"U31778.1",7757,247,50,1.0575786,1.68531,"Human papillomavirus type 20, complete genome",31547,"Viruses","Cossaviricota","Papovaviricetes","Zurhausenvirales","Papillomaviridae","Betapapillomavirus","Betapapillomavirus 1","human papillomavirus 20","human papillomavirus 20","NGS_4T",3824684
"V01108.1",5153,1072,66,1.9788127,3.34879,"Human BK virus (strain Dunlop) genome. (Closely related to SV40.)",1891762,"Viruses","Cossaviricota","Papovaviricetes","Sepolyvirales","Polyomaviridae","Betapolyomavirus","Betapolyomavirus hominis","unclassified Betapolyomavirus hominis subspecies/strain","unclassified Betapolyomavirus hominis strain","NGS_4T",3824684
"X03711.1",2473,141,2,0.120533794,0.211451,"Hardy-Zuckermann 4 feline sarcoma virus (H24-FeSV) kit oncogene",11777,"Viruses","Artverviricota","Revtraviricetes","Ortervirales","Retroviridae","Gammaretrovirus","Hardy-Zuckerman feline sarcoma virus","Feline sarcoma virus (STRAIN HARDY-ZUCKERMAN 4)","Feline sarcoma virus (STRAIN HARDY-ZUCKERMAN 4)","NGS_4T",3824684
"X74466.1",7673,144,1,0.0191413,0.0340753,"Human papillomavirus type 12 genomic DNA",10604,"Viruses","Cossaviricota","Papovaviricetes","Zurhausenvirales","Papillomaviridae","Betapapillomavirus","Betapapillomavirus 1","human papillomavirus 12","human papillomavirus 12","NGS_4T",3824684
"Z25771.1",6813,150,1,0.022512382,0.0383766,"Human astrovirus type 1 genes for capsid protein and nonstructural protein",12456,"Viruses","Pisuviricota","Stelpaviricetes","Stellavirales","Astroviridae","Mamastrovirus","Mamastrovirus 1","Human astrovirus 1","Human astrovirus 1","NGS_4T",3824684
"AY426531.1",7367,908,6,0.30248025,0.212944,"Human enterovirus 68 strain Fermon, complete genome",42789,"Viruses","Pisuviricota","Pisoniviricetes","Picornavirales","Picornaviridae","Enterovirus","Enterovirus D","enterovirus D68","enterovirus D68","NGS_4T",3824684
"D00835.1",11443,267,2,0.03710263,0.0456977,"Human immunodeficiency virus 2 proviral DNA, complete genome",11709,"Viruses","Artverviricota","Revtraviricetes","Ortervirales","Retroviridae","Lentivirus","Human immunodeficiency virus 2","unclassified Human immunodeficiency virus 2 subspecies/strain","unclassified Human immunodeficiency virus 2 strain","NGS_4T",3824684
"GQ329670.1",145289,227,1,0.23276997,0.00179958,"Pseudocowpox virus strain VR634, complete genome",129726,"Viruses","Nucleocytoviricota","Pokkesviricetes","Chitovirales","Poxviridae","Parapoxvirus","Pseudocowpox virus","unclassified Pseudocowpox virus subspecies/strain","unclassified Pseudocowpox virus strain","NGS_4T",3824684
"MF351889.1",32399,212,0,0.17470309,0,"Morelia viridis nidovirus strain S14-1323_MVNV, complete genome",2016400,"Viruses","Pisuviricota","Pisoniviricetes","Nidovirales","Tobaniviridae","Pregotovirus","Pregotovirus heba","Morelia viridis nidovirus","Morelia viridis nidovirus","NGS_4T",3824684
"KY055429.1",2585,450,92,5.6673512,9.30533,"Rotavirus A strain RVA/Goat-wt/UGA/BUW-14-085/2014/G6P[1] VP3 (VP3) mRNA, complete cds",28875,"Viruses","Duplornaviricota","Resentoviricetes","Reovirales","Sedoreoviridae","Rotavirus","Rotavirus A","unclassified Rotavirus A subspecies/strain","unclassified Rotavirus A strain","NGS_4T",3824684
"KF371682.1",1062,150,1,0.16447368,0.246195,"Human rotavirus A strain RVA/Human-tc/CHN/L148/2004/G3P[8] segment 9, complete sequence",10941,"Viruses","Duplornaviricota","Resentoviricetes","Reovirales","Sedoreoviridae","Rotavirus","Rotavirus A","Human rotavirus A","Human rotavirus A","NGS_4T",3824684
"KU356614.1",1059,150,1,0.1650165,0.246893,"Human rotavirus A strain RVA/Human-wt/BGN/M313/2013/G2P[4] NSP2 gene, complete cds",10941,"Viruses","Duplornaviricota","Resentoviricetes","Reovirales","Sedoreoviridae","Rotavirus","Rotavirus A","Human rotavirus A","Human rotavirus A","NGS_4T",3824684
"KX655509.1",2361,146,1,0.06286748,0.110741,"Rotavirus A strain RVA/Human-wt/UGA/MSK-13-048/2013/G9P[8] VP4 (VP4) mRNA, complete cds",28875,"Viruses","Duplornaviricota","Resentoviricetes","Reovirales","Sedoreoviridae","Rotavirus","Rotavirus A","unclassified Rotavirus A subspecies/strain","unclassified Rotavirus A strain","NGS_4T",3824684
"FJ347104.1",1356,289,2,0.19651741,0.385633,"Rotavirus A strain RVA/Guanaco-wt/ARG/Chubut/1999/G8P[14] VP6 gene, complete cds",28875,"Viruses","Duplornaviricota","Resentoviricetes","Reovirales","Sedoreoviridae","Rotavirus","Rotavirus A","unclassified Rotavirus A subspecies/strain","unclassified Rotavirus A strain","NGS_4T",3824684
"MG181725.1",2359,300,2,0.13580805,0.22167,"Rotavirus A strain RVA/Human-wt/MWI/BID2MT/2014/G1P[8] structural protein 4 (VP4) gene, complete cds",28875,"Viruses","Duplornaviricota","Resentoviricetes","Reovirales","Sedoreoviridae","Rotavirus","Rotavirus A","unclassified Rotavirus A subspecies/strain","unclassified Rotavirus A strain","NGS_4T",3824684
"JX307625.1",1054,141,1,0.15597345,0.248064,"Human rotavirus A strain RVA/Human-wt/IND/mcs72/2011/G8P[4] nonstructural protein NSP3 gene, complete cds",10941,"Viruses","Duplornaviricota","Resentoviricetes","Reovirales","Sedoreoviridae","Rotavirus","Rotavirus A","Human rotavirus A","Human rotavirus A","NGS_4T",3824684
"LC086766.1",1075,150,1,0.16216215,0.243218,"Human rotavirus A NSP3 gene for non-structural protein NSP3, complete cds, strain: RVA/Human-wt/THA/SKT-98/2013/G1P[8]",10941,"Viruses","Duplornaviricota","Resentoviricetes","Reovirales","Sedoreoviridae","Rotavirus","Rotavirus A","Human rotavirus A","Human rotavirus A","NGS_4T",3824684
"KX632343.1",2684,150,1,0.036700867,0.0974141,"Rotavirus A strain RVA/Human-wt/UGA/MUL-13-157/2013/G1P[8] segment 2, complete sequence",28875,"Viruses","Duplornaviricota","Resentoviricetes","Reovirales","Sedoreoviridae","Rotavirus","Rotavirus A","unclassified Rotavirus A subspecies/strain","unclassified Rotavirus A strain","NGS_4T",3824684
"KC443588.1",2650,150,1,0.06,0.098664,"Rotavirus A strain RVA/Human-wt/AUS/CK20001/1977/G2P[4] segment 2 core capsid protein VP2 (VP2) gene, complete cds",28875,"Viruses","Duplornaviricota","Resentoviricetes","Reovirales","Sedoreoviridae","Rotavirus","Rotavirus A","unclassified Rotavirus A subspecies/strain","unclassified Rotavirus A strain","NGS_4T",3824684
"KY628968.1",157447,188,0,0.028398508,0,"Macacine alphaherpesvirus 1 isolate 8100812, complete genome",10325,"Viruses","Peploviricota","Herviviricetes","Herpesvirales","Herpesviridae","Simplexvirus","Macacine alphaherpesvirus 1","unclassified Macacine alphaherpesvirus 1 subspecies/strain","unclassified Macacine alphaherpesvirus 1 strain","NGS_4T",3824684
"KY628970.1",157321,126,0,0.0023095864,0,"Macacine alphaherpesvirus 1 isolate KQ, complete genome",10325,"Viruses","Peploviricota","Herviviricetes","Herpesvirales","Herpesviridae","Simplexvirus","Macacine alphaherpesvirus 1","unclassified Macacine alphaherpesvirus 1 subspecies/strain","unclassified Macacine alphaherpesvirus 1 strain","NGS_4T",3824684
"MT862163.1",131245,288,143,0.16461346,0.284877,"Bovine alphaherpesvirus 2 strain C1Z FZR",10295,"Viruses","Peploviricota","Herviviricetes","Herpesvirales","Herpesviridae","Simplexvirus","Bovine alphaherpesvirus 2","unclassified Bovine alphaherpesvirus 2 subspecies/strain","unclassified Bovine alphaherpesvirus 2 strain","NGS_4T",3824684
"MF678601.1",144144,162,0,0.0023403752,0,"Beluga whale alphaherpesvirus 1 strain LN3131-1",1434720,"Viruses","Peploviricota","Herviviricetes","Herpesvirales","Herpesviridae","Varicellovirus","Monodontid alphaherpesvirus 1","Beluga whale alphaherpesvirus 1","Beluga whale alphaherpesvirus 1","NGS_4T",3824684
"MG989243.1",134617,377,14,0.0139959995,0.0271915,"Caprine alphaherpesvirus 1 strain JSHA1405",39944,"Viruses","Peploviricota","Herviviricetes","Herpesvirales","Herpesviridae","Varicellovirus","Caprine alphaherpesvirus 1","unclassified Caprine alphaherpesvirus 1 subspecies/strain","unclassified Caprine alphaherpesvirus 1 strain","NGS_4T",3824684
"NC_039475.1",7556,150,1,0.020253848,0.0292661,"Norovirus GII.17, complete genome",552592,"Viruses","Pisuviricota","Pisoniviricetes","Picornavirales","Caliciviridae","Norovirus","Norwalk virus","Norovirus GII.17","Norovirus GII.17","NGS_3T",4522134
"KT280503.1",7332,1794,14,0.28933445,0.422243,"Enterovirus D68 isolate 2011-21186, complete genome",42789,"Viruses","Pisuviricota","Pisoniviricetes","Picornavirales","Picornaviridae","Enterovirus","Enterovirus D","enterovirus D68","enterovirus D68","NGS_3T",4522134
"GU191019.1",34177,150,1,0.004408264,0.00647027,"Human adenovirus 18 isolate D.C., complete genome",10528,"Viruses","Preplasmiviricota","Tectiliviricetes","Rowavirales","Adenoviridae","Mastadenovirus","Human mastadenovirus A","Human adenovirus 18","Human adenovirus 18","NGS_3T",4522134
"AM749299.1",33763,287,2,0.0085383635,0.0130992,"Human adenovirus type 31 complete genome, serotype 31",10529,"Viruses","Preplasmiviricota","Tectiliviricetes","Rowavirales","Adenoviridae","Mastadenovirus","Human mastadenovirus A","Human adenovirus 31","Human adenovirus 31","NGS_3T",4522134
"AC_000007.1",35937,2017,1896,7.8726354,11.6668,"Human adenovirus 2, complete genome",10515,"Viruses","Preplasmiviricota","Tectiliviricetes","Rowavirales","Adenoviridae","Mastadenovirus","Human mastadenovirus C","Human adenovirus 2","Human adenovirus 2","NGS_3T",4522134
"AC_000008.1",35938,652,25,0.10134682,0.153831,"Human adenovirus 5, complete genome",28285,"Viruses","Preplasmiviricota","Tectiliviricetes","Rowavirales","Adenoviridae","Mastadenovirus","Human mastadenovirus C","Human adenovirus 5","Human adenovirus 5","NGS_3T",4522134
"NC_003663.2",224499,1796,7,0.01570767,0.00689509,"Cowpox virus, complete genome",10243,"Viruses","Nucleocytoviricota","Pokkesviricetes","Chitovirales","Poxviridae","Orthopoxvirus","Cowpox virus","unclassified Cowpox virus subspecies/strain","unclassified Cowpox virus strain","NGS_3T",4522134
"NC_003310.1",196858,19510,192,0.17008968,0.215677,"Monkeypox virus Zaire-96-I-16, complete genome",10244,"Viruses","Nucleocytoviricota","Pokkesviricetes","Chitovirales","Poxviridae","Orthopoxvirus","Monkeypox virus","unclassified Monkeypox virus subspecies/strain","unclassified Monkeypox virus strain","NGS_3T",4522134
"NC_012564.1",5242,544,4,0.11704635,0.168741,"Human bocavirus 3, complete genome",638313,"Viruses","Cossaviricota","Quintoviricetes","Piccovirales","Parvoviridae","Bocaparvovirus","Primate bocaparvovirus 1","Human bocavirus 3","Human bocavirus 3","NGS_3T",4522134
"NC_007373.1",11286,703,7,0.09761135,0.137156,"influenza A H3N2 all segments",335341,"Viruses","Negarnaviricota","Insthoviricetes","Articulavirales","Orthomyxoviridae","Alphainfluenzavirus","Influenza A virus","Influenza A virus (A/New York/392/2004(H3N2))","Influenza A virus (A/New York/392/2004(H3N2))","NGS_3T",4522134
"KY316160.1",34169,1756,11,0.053176165,0.0711897,"Human adenovirus 41 isolate SH/2015/D16, complete genome",10524,"Viruses","Preplasmiviricota","Tectiliviricetes","Rowavirales","Adenoviridae","Mastadenovirus","Human mastadenovirus F","Human adenovirus 41","Human adenovirus 41","NGS_3T",4522134
"AB111966.1",9060,268,30,0.54904604,0.732234,"Bovine viral diarrhea virus 190cp gene for poryprotein, partai cds, strain: 190cp",233888,"Viruses","Kitrinoviricota","Flasuviricetes","Amarillovirales","Flaviviridae","Pestivirus","Pestivirus A","Bovine viral diarrhea virus 190cp","Bovine viral diarrhea virus 190cp","NGS_3T",4522134
"AC090446.27",170275,255,3,0.007488611,0.00389607,"Baboon cytomegalovirus OCOM4-37 clone bacmv, WORKING DRAFT SEQUENCE, 22 unordered pieces",153301,"Viruses","Peploviricota","Herviviricetes","Herpesvirales","Herpesviridae","Cytomegalovirus","Papiine betaherpesvirus 3","Baboon cytomegalovirus OCOM4-37","Baboon cytomegalovirus OCOM4-37","NGS_3T",4522134
"AF033809.1",3392,150,2,0.09253547,0.130386,"Avian myelocytomatosis virus 29, complete genome",11868,"Viruses","Artverviricota","Revtraviricetes","Ortervirales","Retroviridae","Alpharetrovirus","Avian myelocytomatosis virus 29","unclassified Avian myelocytomatosis virus 29 subspecies/strain","unclassified Avian myelocytomatosis virus 29 strain","NGS_3T",4522134
"AF033812.1",5894,150,1,0.026114207,0.0375186,"Abelson murine leukemia virus, complete genome",11788,"Viruses","Artverviricota","Revtraviricetes","Ortervirales","Retroviridae","Gammaretrovirus","Abelson murine leukemia virus","unclassified Abelson murine leukemia virus subspecies/strain","unclassified Abelson murine leukemia virus strain","NGS_3T",4522134
"AF033814.1",3811,141,1,0.038514066,0.0580253,"Murine osteosarcoma virus, complete genome",11830,"Viruses","Artverviricota","Revtraviricetes","Ortervirales","Retroviridae","Gammaretrovirus","Murine osteosarcoma virus","unclassified Murine osteosarcoma virus subspecies/strain","unclassified Murine osteosarcoma virus strain","NGS_3T",4522134
"AF033818.1",8419,491,185,3.1988149,4.85923,"Bovine leukemia virus complete genome",11901,"Viruses","Artverviricota","Revtraviricetes","Ortervirales","Retroviridae","Deltaretrovirus","Bovine leukemia virus","unclassified Bovine leukemia virus subspecies/strain","unclassified Bovine leukemia virus strain","NGS_3T",4522134
"AF043303.1",4679,1083,9,0.48862883,0.42535,"Adeno-associated virus 2, complete genome",10804,"Viruses","Cossaviricota","Quintoviricetes","Piccovirales","Parvoviridae","Dependoparvovirus","Adeno-associated dependoparvovirus A","adeno-associated virus 2","adeno-associated virus 2","NGS_3T",4522134
"AF052428.1",9396,150,1,0.016223231,0.023535,"Rous sarcoma virus strain Schmidt-Ruppin B, complete genome",269447,"Viruses","Artverviricota","Revtraviricetes","Ortervirales","Retroviridae","Alpharetrovirus","Rous sarcoma virus","Rous sarcoma virus - Schmidt-Ruppin B","Rous sarcoma virus - Schmidt-Ruppin B","NGS_3T",4522134
"AF108105.1",35100,205,1,0.005865522,0.00630013,"Human adenovirus type 17 complete genome",46922,"Viruses","Preplasmiviricota","Tectiliviricetes","Rowavirales","Adenoviridae","Mastadenovirus","Human mastadenovirus D","Human adenovirus 17","Human adenovirus 17","NGS_3T",4522134
"AF126467.1",8105,517,313,5.5870523,8.5398,"Simian retrovirus 2, complete genome",39068,"Viruses","Artverviricota","Revtraviricetes","Ortervirales","Retroviridae","Betaretrovirus","Mason-Pfizer monkey virus","Simian retrovirus 2","Simian retrovirus 2","NGS_3T",4522134
"AF406966.1",5610,1445,859,22.208426,33.86,"Bovine parvovirus 2 putative non-structural protein and putative capsid protein genes, complete cds",172296,"Viruses","Cossaviricota","Quintoviricetes","Piccovirales","Parvoviridae","Copiparvovirus","Ungulate copiparvovirus 1","Bovine parvovirus - 2","Bovine parvovirus - 2","NGS_3T",4522134
"AF457465.1",7841,151,0,0.12976205,0,"Bos taurus papillomavirus 5, complete genome",2491661,"Viruses","Cossaviricota","Papovaviricetes","Zurhausenvirales","Papillomaviridae","Epsilonpapillomavirus","Epsilonpapillomavirus 1","Bos taurus papillomavirus 5","Bos taurus papillomavirus 5","NGS_3T",4522134
"AY037928.1",9472,4137,95,1.492169,2.21788,"Human endogenous retrovirus K113 complete genome",166122,"Viruses","Artverviricota","Revtraviricetes","Ortervirales","Retroviridae","unclassified Retroviridae genus","Human endogenous retrovirus K","Human endogenous retrovirus K113","Human endogenous retrovirus K113","NGS_3T",4522134
"CY187631.1",2192,300,2,0.09696376,0.201765,"Influenza A virus (A/Houston/JMM_42/2012(H3N2)) polymerase PA (PA) gene, complete cds; and PA-X gene, complete sequence",1383502,"Viruses","Negarnaviricota","Insthoviricetes","Articulavirales","Orthomyxoviridae","Alphainfluenzavirus","Influenza A virus","Influenza A virus (A/Houston/JMM_42/2012(H3N2))","Influenza A virus (A/Houston/JMM_42/2012(H3N2))","NGS_3T",4522134
"D10032.1",8507,4376,15399,273.22723,400.288,"Baboon endogenous virus strain M7 proviral DNA, complete genome",11764,"Viruses","Artverviricota","Revtraviricetes","Ortervirales","Retroviridae","Gammaretrovirus","Baboon endogenous virus","Baboon endogenous virus strain M7","Baboon endogenous virus strain M7","NGS_3T",4522134
"DQ458789.2",20192,208,88,0.59744537,0.96374,"Nam Dinh virus isolate 02VN178, complete genome",325676,"Viruses","Pisuviricota","Pisoniviricetes","Nidovirales","Mesoniviridae","Alphamesonivirus","Alphamesonivirus 1","Nam Dinh virus","Nam Dinh virus","NGS_3T",4522134
"EU030001.1",8406,287,2,0.1567345,0.0526135,"RD114 retrovirus isolate SC3C, complete genome",11834,"Viruses","Artverviricota","Revtraviricetes","Ortervirales","Retroviridae","Gammaretrovirus","RD114 retrovirus","unclassified RD114 retrovirus subspecies/strain","unclassified RD114 retrovirus strain","NGS_3T",4522134
"FJ025900.1",37188,104,0,0.098358445,0,"Simian adenovirus 43, complete genome",585077,"Viruses","Preplasmiviricota","Tectiliviricetes","Rowavirales","Adenoviridae","Mastadenovirus","Human mastadenovirus C","Simian adenovirus 43","Simian adenovirus 43","NGS_3T",4522134
"FJ973560.1",4958,150,1,0.031198002,0.0446016,"Human bocavirus 2b NI strain HBoV2B-NI-213, complete genome",1511881,"Viruses","Cossaviricota","Quintoviricetes","Piccovirales","Parvoviridae","Bocaparvovirus","Primate bocaparvovirus 2","Human bocavirus 2b NI","Human bocavirus 2b NI","NGS_3T",4522134
"FN824512.2",45480,128,0,0.033840723,0,"Pigeon adenovirus 1 complete genome, strain IDA4",764030,"Viruses","Preplasmiviricota","Tectiliviricetes","Rowavirales","Adenoviridae","Aviadenovirus","Pigeon aviadenovirus A","Pigeon adenovirus 1","Pigeon adenovirus 1","NGS_3T",4522134
"GU452720.1",3893,1679,17,0.67085224,0.965653,"Mosquito densovirus BR/07, complete genome",945962,"Viruses","Cossaviricota","Quintoviricetes","Piccovirales","Parvoviridae","Brevidensovirus","Mosquito densovirus BR/07","unclassified Mosquito densovirus BR/07 subspecies/strain","unclassified Mosquito densovirus BR/07 strain","NGS_3T",4522134
"GU937877.1",3302,150,1,0.047588833,0.0669699,"Caprine rotavirus A strain GO34 RNA-dependent RNA polymerase (VP1) gene, complete cds",204932,"Viruses","Duplornaviricota","Resentoviricetes","Reovirales","Sedoreoviridae","Rotavirus","Rotavirus A","Caprine rotavirus A","Caprine rotavirus A","NGS_3T",4522134
"J02226.1",5130,357,2,0.071686745,0.0862123,"JC virus complete genome",10632,"Viruses","Cossaviricota","Papovaviricetes","Sepolyvirales","Polyomaviridae","Betapolyomavirus","Betapolyomavirus secuhominis","JC polyomavirus","JC polyomavirus","NGS_3T",4522134
"JF304767.1",7664,117,16,1.4507586,0.461659,"Saimiri sciureus papillomavirus type 3 isolate Mac2167.2, complete genome",990306,"Viruses","Cossaviricota","Papovaviricetes","Zurhausenvirales","Papillomaviridae","Dyoomikronpapillomavirus","Dyoomikronpapillomavirus 1","Saimiri sciureus papillomavirus 3","Saimiri sciureus papillomavirus 3","NGS_3T",4522134
"JX195080.1",1567,227,1,0.14608328,0.14112,"Rotavirus A RVA/Human-wt/ITA/AV28/2010/G9P8 segment 5, complete sequence",1307163,"Viruses","Duplornaviricota","Resentoviricetes","Reovirales","Sedoreoviridae","Rotavirus","Rotavirus A","Rotavirus A RVA/Human-wt/ITA/AV28/2010/G9P8","Rotavirus A RVA/Human-wt/ITA/AV28/2010/G9P8","NGS_3T",4522134
"JX503060.1",27263,148,1,0.005458636,0.00811116,"Human coronavirus 229E isolate 0349, complete genome",11137,"Viruses","Pisuviricota","Pisoniviricetes","Nidovirales","Coronaviridae","Alphacoronavirus","Human coronavirus 229E","unclassified Human coronavirus 229E subspecies/strain","unclassified Human coronavirus 229E strain","NGS_3T",4522134
"KC617868.1",3780,3780,4472,164.87604,261.617,"Parvovirus NIH-CQV putative 15-kDa protein, putative replication associated protein (rep), and putative capsid protein (cap) genes, complete cds",1341019,"Viruses","Cossaviricota","Quintoviricetes","Piccovirales","Parvoviridae","unclassified Parvoviridae genus","Parvovirus NIH-CQV","unclassified Parvovirus NIH-CQV subspecies/strain","unclassified Parvovirus NIH-CQV strain","NGS_3T",4522134
"KC782515.2",1059,300,2,0.330033,0.417629,"Rotavirus A human-wt/USA/LB1562/2010/G9P4 NSP2 (NSP2) gene, complete cds",1349389,"Viruses","Duplornaviricota","Resentoviricetes","Reovirales","Sedoreoviridae","Rotavirus","Rotavirus A","Rotavirus A human-wt/USA/LB1562/2010/G9P4","Rotavirus A human-wt/USA/LB1562/2010/G9P4","NGS_3T",4522134
"KF703446.1",127320,284,0,0.01570339,0,"Retroperitoneal fibromatosis-associated herpesvirus isolate RFHVMnM78114, complete genome",111469,"Viruses","Peploviricota","Herviviricetes","Herpesvirales","Herpesviridae","Rhadinovirus","Macacine gammaherpesvirus 8","Retroperitoneal fibromatosis-associated herpesvirus","Retroperitoneal fibromatosis-associated herpesvirus","NGS_3T",4522134
"KJ541759.1",33452,162,75,0.520239,0.495788,"Ball python nidovirus strain 07-53, complete genome",1986118,"Viruses","Pisuviricota","Pisoniviricetes","Nidovirales","Tobaniviridae","Pregotovirus","Ball python nidovirus 1","unclassified Ball python nidovirus 1 subspecies/strain","unclassified Ball python nidovirus 1 strain","NGS_3T",4522134
"KM269482.1",7875,146,6,0.29048544,0.168483,"Encephalomyocarditis virus strain ATCC VR-129B, complete genome",12104,"Viruses","Pisuviricota","Pisoniviricetes","Picornavirales","Picornaviridae","Cardiovirus","Cardiovirus A","Encephalomyocarditis virus","Encephalomyocarditis virus","NGS_3T",4522134
"KT149397.1",2985,2523,670,33.784126,49.6349,"Circovirus-like genome DCCV-4, complete genome",1788444,"Viruses","Cressdnaviricota","Arfiviricetes","Cirlivirales","Circoviridae","unclassified Circoviridae genus","Circovirus-like genome DCCV-4","unclassified Circovirus-like genome DCCV-4 subspecies/strain","unclassified Circovirus-like genome DCCV-4 strain","NGS_3T",4522134
"KT149406.1",2433,2433,1407,92.44678,127.882,"Circovirus-like genome DCCV-13, complete genome",1788441,"Viruses","Cressdnaviricota","Arfiviricetes","Cirlivirales","Circoviridae","unclassified Circoviridae genus","Circovirus-like genome DCCV-13","unclassified Circovirus-like genome DCCV-13 subspecies/strain","unclassified Circovirus-like genome DCCV-13 strain","NGS_3T",4522134
"KU172423.1",5254,1066,320,8.961011,13.4684,"Bovine hokovirus 2 strain bovine hokovirus 2 strain BS-S13 nonstructural protein (NS1), minor capsid protein (VP1), and major capsid protein (VP2) genes, complete cds",1096141,"Viruses","Cossaviricota","Quintoviricetes","Piccovirales","Parvoviridae","Tetraparvovirus","Ungulate tetraparvovirus 1","Bovine hokovirus 2","Bovine hokovirus 2","NGS_3T",4522134
"KU351741.1",137448,203,1,0.06624277,0.00160886,"Macaca nemestrina herpesvirus 7, complete genome",1846169,"Viruses","Peploviricota","Herviviricetes","Herpesvirales","Herpesviridae","Roseolovirus","Macacine betaherpesvirus 9","Macaca nemestrina herpesvirus 7","Macaca nemestrina herpesvirus 7","NGS_3T",4522134
"KU605777.1",8126,158,59,1.1095787,1.60558,"Simian retrovirus 8 strain SRV8/SUZ/2012, complete genome",1904439,"Viruses","Artverviricota","Revtraviricetes","Ortervirales","Retroviridae","Betaretrovirus","Simian retrovirus 8","unclassified Simian retrovirus 8 subspecies/strain","unclassified Simian retrovirus 8 strain","NGS_3T",4522134
"KU727766.1",5166,994,8,0.23564593,0.342446,"Parus major densovirus isolate PmDNV-JL, complete genome",1907771,"Viruses","Cossaviricota","Quintoviricetes","Piccovirales","Parvoviridae","unclassified Parvoviridae genus","Parus major densovirus","unclassified Parus major densovirus subspecies/strain","unclassified Parus major densovirus strain","NGS_3T",4522134
"KU936049.1",137452,1713,223,0.49215597,0.358765,"Bubaline alphaherpesvirus 1 strain b6, complete genome",202910,"Viruses","Peploviricota","Herviviricetes","Herpesvirales","Herpesviridae","Varicellovirus","Bubaline alphaherpesvirus 1","unclassified Bubaline alphaherpesvirus 1 subspecies/strain","unclassified Bubaline alphaherpesvirus 1 strain","NGS_3T",4522134
"KY040274.1",192183,279,0,0.024730124,0,"Molluscum contagiosum virus subtype 2 isolate Madrid 2016_1, complete genome",10281,"Viruses","Nucleocytoviricota","Pokkesviricetes","Chitovirales","Poxviridae","Molluscipoxvirus","Molluscum contagiosum virus","Molluscum contagiosum virus subtype 2","Molluscum contagiosum virus subtype 2","NGS_3T",4522134
"KY040275.1",188253,479,2,0.06906854,0.00234933,"Molluscum contagiosum virus subtype 1 isolate Madrid 2016_3, complete genome",10280,"Viruses","Nucleocytoviricota","Pokkesviricetes","Chitovirales","Poxviridae","Molluscipoxvirus","Molluscum contagiosum virus","Molluscum contagiosum virus subtype 1","Molluscum contagiosum virus subtype 1","NGS_3T",4522134
"KY215944.1",135301,416,0,0.09047658,0,"Bovine alphaherpesvirus 1 isolate 216 II, complete genome",10320,"Viruses","Peploviricota","Herviviricetes","Herpesvirales","Herpesviridae","Varicellovirus","Bovine alphaherpesvirus 1","unclassified Bovine alphaherpesvirus 1 subspecies/strain","unclassified Bovine alphaherpesvirus 1 strain","NGS_3T",4522134
"KY490071.1",235397,111605,116894,75.72653,109.812,"Human betaherpesvirus 5 strain HANChild1, complete genome",10359,"Viruses","Peploviricota","Herviviricetes","Herpesvirales","Herpesviridae","Cytomegalovirus","Human betaherpesvirus 5","unclassified Human betaherpesvirus 5 subspecies/strain","unclassified Human betaherpesvirus 5 strain","NGS_3T",4522134
"KY549446.1",137712,408,1,0.056832556,0.00160578,"Bovine alphaherpesvirus 5 strain ISO 97/45, complete genome",35244,"Viruses","Peploviricota","Herviviricetes","Herpesvirales","Herpesviridae","Varicellovirus","Bovine alphaherpesvirus 5","unclassified Bovine alphaherpesvirus 5 subspecies/strain","unclassified Bovine alphaherpesvirus 5 strain","NGS_3T",4522134
"KY628971.1",155462,114,0,0.003798805,0,"Macacine alphaherpesvirus 1 isolate 12930, complete genome",10325,"Viruses","Peploviricota","Herviviricetes","Herpesvirales","Herpesviridae","Simplexvirus","Macacine alphaherpesvirus 1","unclassified Macacine alphaherpesvirus 1 subspecies/strain","unclassified Macacine alphaherpesvirus 1 strain","NGS_3T",4522134
"L13745.1",6828,330,2,0.04492363,0.0647729,"Human astrovirus serotype 2, complete sequence of genomic RNA",1868658,"Viruses","Pisuviricota","Stelpaviricetes","Stellavirales","Astroviridae","unclassified Astroviridae genus","Human astrovirus","unclassified Human astrovirus subspecies/strain","unclassified Human astrovirus strain","NGS_3T",4522134
"LC075584.1",144636,135,0,0.0030937253,0,"Equid alphaherpesvirus 4 DNA, complete genome, strain: 01-10-1",10331,"Viruses","Peploviricota","Herviviricetes","Herpesvirales","Herpesviridae","Varicellovirus","Equid alphaherpesvirus 4","unclassified Equid alphaherpesvirus 4 subspecies/strain","unclassified Equid alphaherpesvirus 4 strain","NGS_3T",4522134
"LT594108.1",151216,200,1,0.0013239246,0.00146238,"Human herpesvirus 1 isolate 1319_2005 genome assembly, complete genome: monopartite",10298,"Viruses","Peploviricota","Herviviricetes","Herpesvirales","Herpesviridae","Simplexvirus","Human alphaherpesvirus 1","unclassified Human alphaherpesvirus 1 subspecies/strain","unclassified Human alphaherpesvirus 1 strain","NGS_3T",4522134
"LT797627.1",138912,2355,18,0.019255992,0.0286543,"Human herpesvirus 2 isolate 1 genome assembly, complete genome: monopartite",10310,"Viruses","Peploviricota","Herviviricetes","Herpesvirales","Herpesviridae","Simplexvirus","Human alphaherpesvirus 2","unclassified Human alphaherpesvirus 2 subspecies/strain","unclassified Human alphaherpesvirus 2 strain","NGS_3T",4522134
"MF118167.1",3925,1252,19,0.6770861,1.07046,"Human fecal virus Jorvi2, complete genome",2017081,"Viruses","Cressdnaviricota","Arfiviricetes","Cirlivirales","Circoviridae","unclassified Circoviridae genus","Human fecal virus Jorvi2","unclassified Human fecal virus Jorvi2 subspecies/strain","unclassified Human fecal virus Jorvi2 strain","NGS_3T",4522134
"MF898328.1",125095,137,0,0.046100285,0,"Human alphaherpesvirus 3 strain Baike, complete genome",10335,"Viruses","Peploviricota","Herviviricetes","Herpesvirales","Herpesviridae","Varicellovirus","Human alphaherpesvirus 3","unclassified Human alphaherpesvirus 3 subspecies/strain","unclassified Human alphaherpesvirus 3 strain","NGS_3T",4522134
"MF947441.1",8244,253,70,1.2972572,1.87766,"Kobuvirus sp. strain 16317x87 polyprotein gene, complete cds",2094719,"Viruses","Pisuviricota","Pisoniviricetes","Picornavirales","Picornaviridae","Kobuvirus","Kobuvirus sp.","unclassified Kobuvirus sp. subspecies/strain","unclassified Kobuvirus sp. strain","NGS_3T",4522134
"MG712775.1",44454,114,0,0.085545324,0,"Fowl adenovirus 8b isolate SD1356, complete genome",586029,"Viruses","Preplasmiviricota","Tectiliviricetes","Rowavirales","Adenoviridae","Aviadenovirus","Fowl aviadenovirus E","Fowl adenovirus 8b","Fowl adenovirus 8b","NGS_3T",4522134
"MG972981.1",5759,348,1535,35.432343,58.9411,"Ungulate copiparvovirus 1 strain QQHE16, complete genome",1511889,"Viruses","Cossaviricota","Quintoviricetes","Piccovirales","Parvoviridae","Copiparvovirus","Ungulate copiparvovirus 1","unclassified Ungulate copiparvovirus 1 subspecies/strain","unclassified Ungulate copiparvovirus 1 strain","NGS_3T",4522134
"MH036942.1",138199,517,3,0.019717636,0.00480035,"Cervid alphaherpesvirus 1 strain Anlier, complete genome",79891,"Viruses","Peploviricota","Herviviricetes","Herpesvirales","Herpesviridae","Varicellovirus","Cervid alphaherpesvirus 1","unclassified Cervid alphaherpesvirus 1 subspecies/strain","unclassified Cervid alphaherpesvirus 1 strain","NGS_3T",4522134
"MH036943.1",142633,965,79,0.12735555,0.12248,"Cervid alphaherpesvirus 2 strain Norway, complete genome",365327,"Viruses","Peploviricota","Herviviricetes","Herpesvirales","Herpesviridae","Varicellovirus","Cervid alphaherpesvirus 2","unclassified Cervid alphaherpesvirus 2 subspecies/strain","unclassified Cervid alphaherpesvirus 2 strain","NGS_3T",4522134
"MH698402.1",162076,1263,168,0.12741005,0.229217,"Human betaherpesvirus 6B strain GTEX-OXRO_icihv6b, complete genome",32604,"Viruses","Peploviricota","Herviviricetes","Herpesvirales","Herpesviridae","Roseolovirus","Human betaherpesvirus 6B","unclassified Human betaherpesvirus 6B subspecies/strain","unclassified Human betaherpesvirus 6B strain","NGS_3T",4522134
"MN205539.1",137429,285,14,0.048419643,0.0225271,"UNVERIFIED: Human gammaherpesvirus 8 strain BCBL-1, complete genome",37296,"Viruses","Peploviricota","Herviviricetes","Herpesvirales","Herpesviridae","Rhadinovirus","Human gammaherpesvirus 8","unclassified Human gammaherpesvirus 8 subspecies/strain","unclassified Human gammaherpesvirus 8 strain","NGS_3T",4522134
"MN240300.1",210797,114,0,0.028830223,0,"Alaskapox virus isolate Alaska_2015, complete genome",2602439,"Viruses","Nucleocytoviricota","Pokkesviricetes","Chitovirales","Poxviridae","Orthopoxvirus","Alaskapox virus","unclassified Alaskapox virus subspecies/strain","unclassified Alaskapox virus strain","NGS_3T",4522134
"NC_001664.4",159378,688,103,0.085832894,0.142911,"Human betaherpesvirus 6A, variant A DNA, complete virion genome, isolate U1102",32603,"Viruses","Peploviricota","Herviviricetes","Herpesvirales","Herpesviridae","Roseolovirus","Human betaherpesvirus 6A","unclassified Human betaherpesvirus 6A subspecies/strain","unclassified Human betaherpesvirus 6A strain","NGS_3T",4522134
"NC_001716.2",153080,638,7,0.004878049,0.010112,"Human herpesvirus 7, complete genome",10372,"Viruses","Peploviricota","Herviviricetes","Herpesvirales","Herpesviridae","Roseolovirus","Human betaherpesvirus 7","unclassified Human betaherpesvirus 7 subspecies/strain","unclassified Human betaherpesvirus 7 strain","NGS_3T",4522134
"NC_002665.1",108873,1461,243,0.33127305,0.493563,"Bovine herpesvirus 4 long unique region, complete sequence",10385,"Viruses","Peploviricota","Herviviricetes","Herpesvirales","Herpesviridae","Rhadinovirus","Bovine gammaherpesvirus 4","unclassified Bovine gammaherpesvirus 4 subspecies/strain","unclassified Bovine gammaherpesvirus 4 strain","NGS_3T",4522134
"NC_006151.1",143461,338,0,0.03541947,0,"Suid herpesvirus 1, complete genome",10345,"Viruses","Peploviricota","Herviviricetes","Herpesvirales","Herpesviridae","Varicellovirus","Suid alphaherpesvirus 1","unclassified Suid alphaherpesvirus 1 subspecies/strain","unclassified Suid alphaherpesvirus 1 strain","NGS_3T",4522134
"NC_006560.1",150715,562,3,0.1447614,0.00440171,"Cercopithecine herpesvirus 2, complete genome",10317,"Viruses","Peploviricota","Herviviricetes","Herpesvirales","Herpesviridae","Simplexvirus","Cercopithecine alphaherpesvirus 2","unclassified Cercopithecine alphaherpesvirus 2 subspecies/strain","unclassified Cercopithecine alphaherpesvirus 2 strain","NGS_3T",4522134
"NC_007653.1",156487,420,0,0.0073431116,0,"Papiine herpesvirus 2, complete genome",340907,"Viruses","Peploviricota","Herviviricetes","Herpesvirales","Herpesviridae","Simplexvirus","Papiine alphaherpesvirus 2","unclassified Papiine alphaherpesvirus 2 subspecies/strain","unclassified Papiine alphaherpesvirus 2 strain","NGS_3T",4522134
"NC_009334.1",172764,187,1,0.001083342,0.00127998,"Human herpesvirus 4, complete genome",12509,"Viruses","Peploviricota","Herviviricetes","Herpesvirales","Herpesviridae","Lymphocryptovirus","Human gammaherpesvirus 4","Human herpesvirus 4 type 2","Human herpesvirus 4 type 2","NGS_3T",4522134
"NC_012783.2",226205,156,1,0.01090885,0.000977585,"Cercopithecine herpesvirus 5 strain 2715, complete genome",50292,"Viruses","Peploviricota","Herviviricetes","Herpesvirales","Herpesviridae","Cytomegalovirus","Cercopithecine betaherpesvirus 5","unclassified Cercopithecine betaherpesvirus 5 subspecies/strain","unclassified Cercopithecine betaherpesvirus 5 strain","NGS_3T",4522134
"NC_014567.1",156742,363,0,0.054721825,0,"Saimiriine herpesvirus 1, complete genome",10353,"Viruses","Peploviricota","Herviviricetes","Herpesvirales","Herpesviridae","Simplexvirus","Saimiriine alphaherpesvirus 1","unclassified Saimiriine alphaherpesvirus 1 subspecies/strain","unclassified Saimiriine alphaherpesvirus 1 strain","NGS_3T",4522134
"NC_023677.1",153158,312,0,0.2838283,0,"Chimpanzee alpha-1 herpesvirus strain 105640, complete genome",332937,"Viruses","Peploviricota","Herviviricetes","Herpesvirales","Herpesviridae","Simplexvirus","Panine alphaherpesvirus 3","Chimpanzee herpesvirus strain 105640","Chimpanzee herpesvirus strain 105640","NGS_3T",4522134
"NC_024771.1",151601,246,28,0.024245465,0.0408425,"Equid herpesvirus 3 strain AR/2007/C3A, complete genome",80341,"Viruses","Peploviricota","Herviviricetes","Herpesvirales","Herpesviridae","Varicellovirus","Equid alphaherpesvirus 3","unclassified Equid alphaherpesvirus 3 subspecies/strain","unclassified Equid alphaherpesvirus 3 strain","NGS_3T",4522134
"U89790.1",4767,150,8,0.25990903,0.371109,"Adeno-associated virus 4, complete genome",57579,"Viruses","Cossaviricota","Quintoviricetes","Piccovirales","Parvoviridae","Dependoparvovirus","Adeno-associated dependoparvovirus A","Adeno-associated virus - 4","Adeno-associated virus - 4","NGS_3T",4522134
"V01108.1",5153,1147,9,0.26444134,0.386224,"Human BK virus (strain Dunlop) genome. (Closely related to SV40.)",1891762,"Viruses","Cossaviricota","Papovaviricetes","Sepolyvirales","Polyomaviridae","Betapolyomavirus","Betapolyomavirus hominis","unclassified Betapolyomavirus hominis subspecies/strain","unclassified Betapolyomavirus hominis strain","NGS_3T",4522134
"V01201.1",5779,228,17,0.57274824,0.650508,"Simian sarcoma virus proviral sequence with genes coding for envelope protein (env) and polymerase (pol)",11970,"Viruses","Artverviricota","Revtraviricetes","Ortervirales","Retroviridae","Gammaretrovirus","Woolly monkey sarcoma virus","unclassified Woolly monkey sarcoma virus subspecies/strain","unclassified Woolly monkey sarcoma virus strain","NGS_3T",4522134
"X03711.1",2473,100,2,0.086095564,0.178839,"Hardy-Zuckermann 4 feline sarcoma virus (H24-FeSV) kit oncogene",11777,"Viruses","Artverviricota","Revtraviricetes","Ortervirales","Retroviridae","Gammaretrovirus","Hardy-Zuckerman feline sarcoma virus","Feline sarcoma virus (STRAIN HARDY-ZUCKERMAN 4)","Feline sarcoma virus (STRAIN HARDY-ZUCKERMAN 4)","NGS_3T",4522134
"X74469.1",7427,210,28,0.5766112,0.833683,"Human papillomavirus type 17 genomic DNA",10607,"Viruses","Cossaviricota","Papovaviricetes","Zurhausenvirales","Papillomaviridae","Betapapillomavirus","Betapapillomavirus 2","Human papillomavirus 17","Human papillomavirus 17","NGS_3T",4522134
"Y15176.1",7427,300,28,0.5771609,0.833683,"Human papillomavirus type 80 E6, E7, E1, E2, E4, L2, and L1 genes",69987,"Viruses","Cossaviricota","Papovaviricetes","Zurhausenvirales","Papillomaviridae","Betapapillomavirus","Betapapillomavirus 2","Human papillomavirus 80","Human papillomavirus 80","NGS_3T",4522134
"D00835.1",11443,249,3,0.054547064,0.0579746,"Human immunodeficiency virus 2 proviral DNA, complete genome",11709,"Viruses","Artverviricota","Revtraviricetes","Ortervirales","Retroviridae","Lentivirus","Human immunodeficiency virus 2","unclassified Human immunodeficiency virus 2 subspecies/strain","unclassified Human immunodeficiency virus 2 strain","NGS_3T",4522134
"GQ329670.1",145289,239,0,0.25920668,0,"Pseudocowpox virus strain VR634, complete genome",129726,"Viruses","Nucleocytoviricota","Pokkesviricetes","Chitovirales","Poxviridae","Parapoxvirus","Pseudocowpox virus","unclassified Pseudocowpox virus subspecies/strain","unclassified Pseudocowpox virus strain","NGS_3T",4522134
"LT907991.1",12681,306,7,0.08482962,0.122068,"Bovine viral diarrhea virus 1 isolate VE_138cp_05 genome assembly, complete genome: monopartite",11099,"Viruses","Kitrinoviricota","Flasuviricetes","Amarillovirales","Flaviviridae","Pestivirus","Pestivirus A","Bovine viral diarrhea virus 1","Bovine viral diarrhea virus 1","NGS_3T",4522134
"MF351889.1",32399,179,0,0.22552638,0,"Morelia viridis nidovirus strain S14-1323_MVNV, complete genome",2016400,"Viruses","Pisuviricota","Pisoniviricetes","Nidovirales","Tobaniviridae","Pregotovirus","Pregotovirus heba","Morelia viridis nidovirus","Morelia viridis nidovirus","NGS_3T",4522134
"KU048554.1",2735,300,2,0.116054155,0.161707,"Rotavirus A isolate Hu-wt/ITA/PA525/14/2014/G12P8 VP2 gene, complete cds",28875,"Viruses","Duplornaviricota","Resentoviricetes","Reovirales","Sedoreoviridae","Rotavirus","Rotavirus A","unclassified Rotavirus A subspecies/strain","unclassified Rotavirus A strain","NGS_3T",4522134
"JX040418.1",750,150,1,0.25,0.294846,"Rotavirus A strain RVA/human-wt/IND/N-1/2009/G6P[14] structural protein VP3 gene, partial cds",28875,"Viruses","Duplornaviricota","Resentoviricetes","Reovirales","Sedoreoviridae","Rotavirus","Rotavirus A","unclassified Rotavirus A subspecies/strain","unclassified Rotavirus A strain","NGS_3T",4522134
"MG181725.1",2359,300,2,0.13580805,0.187482,"Rotavirus A strain RVA/Human-wt/MWI/BID2MT/2014/G1P[8] structural protein 4 (VP4) gene, complete cds",28875,"Viruses","Duplornaviricota","Resentoviricetes","Reovirales","Sedoreoviridae","Rotavirus","Rotavirus A","unclassified Rotavirus A subspecies/strain","unclassified Rotavirus A strain","NGS_3T",4522134
"MF184783.1",1014,150,1,0.09375,0.218081,"Rotavirus A strain RVA/Human-wt/USA/CNMC109/2011/G3P[6] segment 8 non-structural protein 2 (NSP2) gene, complete cds",28875,"Viruses","Duplornaviricota","Resentoviricetes","Reovirales","Sedoreoviridae","Rotavirus","Rotavirus A","unclassified Rotavirus A subspecies/strain","unclassified Rotavirus A strain","NGS_3T",4522134
"KY628968.1",157447,231,0,0.03549972,0,"Macacine alphaherpesvirus 1 isolate 8100812, complete genome",10325,"Viruses","Peploviricota","Herviviricetes","Herpesvirales","Herpesviridae","Simplexvirus","Macacine alphaherpesvirus 1","unclassified Macacine alphaherpesvirus 1 subspecies/strain","unclassified Macacine alphaherpesvirus 1 strain","NGS_3T",4522134
"KY628970.1",157321,208,0,0.0036075357,0,"Macacine alphaherpesvirus 1 isolate KQ, complete genome",10325,"Viruses","Peploviricota","Herviviricetes","Herpesvirales","Herpesviridae","Simplexvirus","Macacine alphaherpesvirus 1","unclassified Macacine alphaherpesvirus 1 subspecies/strain","unclassified Macacine alphaherpesvirus 1 strain","NGS_3T",4522134
"MT862163.1",131245,298,1,0.06626492,0.0016849,"Bovine alphaherpesvirus 2 strain C1Z FZR",10295,"Viruses","Peploviricota","Herviviricetes","Herpesvirales","Herpesviridae","Simplexvirus","Bovine alphaherpesvirus 2","unclassified Bovine alphaherpesvirus 2 subspecies/strain","unclassified Bovine alphaherpesvirus 2 strain","NGS_3T",4522134
"LS480640.1",155503,8153,54,0.06026276,0.0767912,"Human alphaherpesvirus 2 isolate 333 genome assembly, chromosome: I",10310,"Viruses","Peploviricota","Herviviricetes","Herpesvirales","Herpesviridae","Simplexvirus","Human alphaherpesvirus 2","unclassified Human alphaherpesvirus 2 subspecies/strain","unclassified Human alphaherpesvirus 2 strain","NGS_3T",4522134
"MF678601.1",144144,174,0,0.0015972888,0,"Beluga whale alphaherpesvirus 1 strain LN3131-1",1434720,"Viruses","Peploviricota","Herviviricetes","Herpesvirales","Herpesviridae","Varicellovirus","Monodontid alphaherpesvirus 1","Beluga whale alphaherpesvirus 1","Beluga whale alphaherpesvirus 1","NGS_3T",4522134
"MG989243.1",134617,243,0,0.032528426,0,"Caprine alphaherpesvirus 1 strain JSHA1405",39944,"Viruses","Peploviricota","Herviviricetes","Herpesvirales","Herpesviridae","Varicellovirus","Caprine alphaherpesvirus 1","unclassified Caprine alphaherpesvirus 1 subspecies/strain","unclassified Caprine alphaherpesvirus 1 strain","NGS_3T",4522134
"NC_040876.1",7521,142,1,0.019264687,0.0314788,"Norovirus GII.P7_GII.6, complete genome",122929,"Viruses","Pisuviricota","Pisoniviricetes","Picornavirales","Caliciviridae","Norovirus","Norwalk virus","Norovirus GII","Norovirus GII","NGS_6T",4223834
"NC_039475.1",7556,150,1,0.020253848,0.0313329,"Norovirus GII.17, complete genome",552592,"Viruses","Pisuviricota","Pisoniviricetes","Picornavirales","Caliciviridae","Norovirus","Norwalk virus","Norovirus GII.17","Norovirus GII.17","NGS_6T",4223834
"KT280503.1",7332,7238,57071,1189.2249,1842.83,"Enterovirus D68 isolate 2011-21186, complete genome",42789,"Viruses","Pisuviricota","Pisoniviricetes","Picornavirales","Picornaviridae","Enterovirus","Enterovirus D","enterovirus D68","enterovirus D68","NGS_6T",4223834
"AM749299.1",33763,150,1,0.0044625592,0.00701217,"Human adenovirus type 31 complete genome, serotype 31",10529,"Viruses","Preplasmiviricota","Tectiliviricetes","Rowavirales","Adenoviridae","Mastadenovirus","Human mastadenovirus A","Human adenovirus 31","Human adenovirus 31","NGS_6T",4223834
"AC_000007.1",35937,2260,3168,12.944924,20.8707,"Human adenovirus 2, complete genome",10515,"Viruses","Preplasmiviricota","Tectiliviricetes","Rowavirales","Adenoviridae","Mastadenovirus","Human mastadenovirus C","Human adenovirus 2","Human adenovirus 2","NGS_6T",4223834
"NC_001611.1",185578,1069,6,0.015714994,0.00765452,"Variola virus, complete genome",10255,"Viruses","Nucleocytoviricota","Pokkesviricetes","Chitovirales","Poxviridae","Orthopoxvirus","Variola virus","unclassified Variola virus subspecies/strain","unclassified Variola virus strain","NGS_6T",4223834
"NC_006998.1",194711,1301,8,0.006866741,0.00972731,"Vaccinia virus, complete genome",10245,"Viruses","Nucleocytoviricota","Pokkesviricetes","Chitovirales","Poxviridae","Orthopoxvirus","Vaccinia virus","unclassified Vaccinia virus subspecies/strain","unclassified Vaccinia virus strain","NGS_6T",4223834
"NC_003663.2",224499,997,5,0.009748205,0.00527289,"Cowpox virus, complete genome",10243,"Viruses","Nucleocytoviricota","Pokkesviricetes","Chitovirales","Poxviridae","Orthopoxvirus","Cowpox virus","unclassified Cowpox virus subspecies/strain","unclassified Cowpox virus strain","NGS_6T",4223834
"NC_003310.1",196858,34503,250,0.20756146,0.300663,"Monkeypox virus Zaire-96-I-16, complete genome",10244,"Viruses","Nucleocytoviricota","Pokkesviricetes","Chitovirales","Poxviridae","Orthopoxvirus","Monkeypox virus","unclassified Monkeypox virus subspecies/strain","unclassified Monkeypox virus strain","NGS_6T",4223834
"AY484669.1",197731,2401,14,0.012151978,0.0167628,"Rabbitpox virus, complete genome",32606,"Viruses","Nucleocytoviricota","Pokkesviricetes","Chitovirales","Poxviridae","Orthopoxvirus","Vaccinia virus","Rabbitpox virus","Rabbitpox virus","NGS_6T",4223834
"NC_012564.1",5242,441,3,0.08660644,0.135493,"Human bocavirus 3, complete genome",638313,"Viruses","Cossaviricota","Quintoviricetes","Piccovirales","Parvoviridae","Bocaparvovirus","Primate bocaparvovirus 1","Human bocavirus 3","Human bocavirus 3","NGS_6T",4223834
"NC_012042.1",5196,150,1,0.029726516,0.0455642,"Human bocavirus 2c PK isolate PK-5510, complete genome",1511882,"Viruses","Cossaviricota","Quintoviricetes","Piccovirales","Parvoviridae","Bocaparvovirus","Primate bocaparvovirus 2","Human bocavirus 2c PK","Human bocavirus 2c PK","NGS_6T",4223834
"KY316160.1",34169,1523,78,0.34457216,0.54045,"Human adenovirus 41 isolate SH/2015/D16, complete genome",10524,"Viruses","Preplasmiviricota","Tectiliviricetes","Rowavirales","Adenoviridae","Mastadenovirus","Human mastadenovirus F","Human adenovirus 41","Human adenovirus 41","NGS_6T",4223834
"L19443.1",34214,150,1,0.0044034757,0.00691973,"Human adenovirus F, complete genome",130309,"Viruses","Preplasmiviricota","Tectiliviricetes","Rowavirales","Adenoviridae","Mastadenovirus","Human mastadenovirus F","unclassified Human mastadenovirus F subspecies/strain","unclassified Human mastadenovirus F strain","NGS_6T",4223834
"AB111966.1",9060,268,26,0.41066217,0.67942,"Bovine viral diarrhea virus 190cp gene for poryprotein, partai cds, strain: 190cp",233888,"Viruses","Kitrinoviricota","Flasuviricetes","Amarillovirales","Flaviviridae","Pestivirus","Pestivirus A","Bovine viral diarrhea virus 190cp","Bovine viral diarrhea virus 190cp","NGS_6T",4223834
"AC090446.27",170275,184,0,0.00456723,0,"Baboon cytomegalovirus OCOM4-37 clone bacmv, WORKING DRAFT SEQUENCE, 22 unordered pieces",153301,"Viruses","Peploviricota","Herviviricetes","Herpesvirales","Herpesviridae","Cytomegalovirus","Papiine betaherpesvirus 3","Baboon cytomegalovirus OCOM4-37","Baboon cytomegalovirus OCOM4-37","NGS_6T",4223834
"AF033808.1",9392,139,16,0.24064055,0.403325,"Rous sarcoma virus, complete genome",11886,"Viruses","Artverviricota","Revtraviricetes","Ortervirales","Retroviridae","Alpharetrovirus","Rous sarcoma virus","unclassified Rous sarcoma virus subspecies/strain","unclassified Rous sarcoma virus strain","NGS_6T",4223834
"AF033818.1",8419,632,110,2.1335106,3.09332,"Bovine leukemia virus complete genome",11901,"Viruses","Artverviricota","Revtraviricetes","Ortervirales","Retroviridae","Deltaretrovirus","Bovine leukemia virus","unclassified Bovine leukemia virus subspecies/strain","unclassified Bovine leukemia virus strain","NGS_6T",4223834
"AF043303.1",4679,900,7,0.23073526,0.354192,"Adeno-associated virus 2, complete genome",10804,"Viruses","Cossaviricota","Quintoviricetes","Piccovirales","Parvoviridae","Dependoparvovirus","Adeno-associated dependoparvovirus A","adeno-associated virus 2","adeno-associated virus 2","NGS_6T",4223834
"AF126467.1",8105,424,211,3.7796354,6.16343,"Simian retrovirus 2, complete genome",39068,"Viruses","Artverviricota","Revtraviricetes","Ortervirales","Retroviridae","Betaretrovirus","Mason-Pfizer monkey virus","Simian retrovirus 2","Simian retrovirus 2","NGS_6T",4223834
"AF406966.1",5610,418,315,7.786264,13.2935,"Bovine parvovirus 2 putative non-structural protein and putative capsid protein genes, complete cds",172296,"Viruses","Cossaviricota","Quintoviricetes","Piccovirales","Parvoviridae","Copiparvovirus","Ungulate copiparvovirus 1","Bovine parvovirus - 2","Bovine parvovirus - 2","NGS_6T",4223834
"AF406967.1",5276,114,113,2.5120952,5.07069,"Bovine parvovirus 3 putative non-structural protein and putative capsid protein genes, complete cds",172297,"Viruses","Cossaviricota","Quintoviricetes","Piccovirales","Parvoviridae","Erythroparvovirus","Ungulate erythroparvovirus 1","Bovine parvovirus 3","Bovine parvovirus 3","NGS_6T",4223834
"AY037928.1",9472,5537,153,2.3516412,3.82422,"Human endogenous retrovirus K113 complete genome",166122,"Viruses","Artverviricota","Revtraviricetes","Ortervirales","Retroviridae","unclassified Retroviridae genus","Human endogenous retrovirus K","Human endogenous retrovirus K113","Human endogenous retrovirus K113","NGS_6T",4223834
"D10032.1",8507,4988,17684,313.98013,492.15,"Baboon endogenous virus strain M7 proviral DNA, complete genome",11764,"Viruses","Artverviricota","Revtraviricetes","Ortervirales","Retroviridae","Gammaretrovirus","Baboon endogenous virus","Baboon endogenous virus strain M7","Baboon endogenous virus strain M7","NGS_6T",4223834
"EU030001.1",8406,420,9,0.40709788,0.253482,"RD114 retrovirus isolate SC3C, complete genome",11834,"Viruses","Artverviricota","Revtraviricetes","Ortervirales","Retroviridae","Gammaretrovirus","RD114 retrovirus","unclassified RD114 retrovirus subspecies/strain","unclassified RD114 retrovirus strain","NGS_6T",4223834
"FJ810126.1",5759,441,3,0.06079515,0.12333,"Culex pipiens densovirus, complete genome",185638,"Viruses","Cossaviricota","Quintoviricetes","Piccovirales","Parvoviridae","Protoambidensovirus","Dipteran protoambidensovirus 1","Culex pipiens densovirus","Culex pipiens densovirus","NGS_6T",4223834
"FJ947080.1",7476,137,1,0.01870052,0.0316682,"Human papillomavirus type 115 isolate GC02, complete genome",696746,"Viruses","Cossaviricota","Papovaviricetes","Zurhausenvirales","Papillomaviridae","Betapapillomavirus","Betapapillomavirus 3","human papillomavirus 115","human papillomavirus 115","NGS_6T",4223834
"FM955839.1",7380,282,53,1.098202,1.70025,"Human papillomavirus type 100, complete genome",587349,"Viruses","Cossaviricota","Papovaviricetes","Zurhausenvirales","Papillomaviridae","Betapapillomavirus","Betapapillomavirus 2","Human papillomavirus 100","Human papillomavirus 100","NGS_6T",4223834
"FN824512.2",45480,194,0,0.038958747,0,"Pigeon adenovirus 1 complete genome, strain IDA4",764030,"Viruses","Preplasmiviricota","Tectiliviricetes","Rowavirales","Adenoviridae","Aviadenovirus","Pigeon aviadenovirus A","Pigeon adenovirus 1","Pigeon adenovirus 1","NGS_6T",4223834
"GU452720.1",3893,150,1,0.040074807,0.0608147,"Mosquito densovirus BR/07, complete genome",945962,"Viruses","Cossaviricota","Quintoviricetes","Piccovirales","Parvoviridae","Brevidensovirus","Mosquito densovirus BR/07","unclassified Mosquito densovirus BR/07 subspecies/strain","unclassified Mosquito densovirus BR/07 strain","NGS_6T",4223834
"J02226.1",5130,678,141,4.2361445,6.50721,"JC virus complete genome",10632,"Viruses","Cossaviricota","Papovaviricetes","Sepolyvirales","Polyomaviridae","Betapolyomavirus","Betapolyomavirus secuhominis","JC polyomavirus","JC polyomavirus","NGS_6T",4223834
"JF304767.1",7664,116,6,0.61046046,0.185348,"Saimiri sciureus papillomavirus type 3 isolate Mac2167.2, complete genome",990306,"Viruses","Cossaviricota","Papovaviricetes","Zurhausenvirales","Papillomaviridae","Dyoomikronpapillomavirus","Dyoomikronpapillomavirus 1","Saimiri sciureus papillomavirus 3","Saimiri sciureus papillomavirus 3","NGS_6T",4223834
"JX195076.1",2591,150,1,0.061450224,0.0913747,"Rotavirus A RVA/Human-wt/ITA/AV28/2010/G9P8 segment 3, complete sequence",1307163,"Viruses","Duplornaviricota","Resentoviricetes","Reovirales","Sedoreoviridae","Rotavirus","Rotavirus A","Rotavirus A RVA/Human-wt/ITA/AV28/2010/G9P8","Rotavirus A RVA/Human-wt/ITA/AV28/2010/G9P8","NGS_6T",4223834
"JX195080.1",1567,150,1,0.10585745,0.151086,"Rotavirus A RVA/Human-wt/ITA/AV28/2010/G9P8 segment 5, complete sequence",1307163,"Viruses","Duplornaviricota","Resentoviricetes","Reovirales","Sedoreoviridae","Rotavirus","Rotavirus A","Rotavirus A RVA/Human-wt/ITA/AV28/2010/G9P8","Rotavirus A RVA/Human-wt/ITA/AV28/2010/G9P8","NGS_6T",4223834
"KC617868.1",3780,3780,11098,414.08347,695.098,"Parvovirus NIH-CQV putative 15-kDa protein, putative replication associated protein (rep), and putative capsid protein (cap) genes, complete cds",1341019,"Viruses","Cossaviricota","Quintoviricetes","Piccovirales","Parvoviridae","unclassified Parvoviridae genus","Parvovirus NIH-CQV","unclassified Parvovirus NIH-CQV subspecies/strain","unclassified Parvovirus NIH-CQV strain","NGS_6T",4223834
"KC782520.2",2687,353,2,0.13914071,0.17622,"Rotavirus A human-wt/USA/LB1562/2010/G9P4 VP2 (VP2) gene, complete cds",1349389,"Viruses","Duplornaviricota","Resentoviricetes","Reovirales","Sedoreoviridae","Rotavirus","Rotavirus A","Rotavirus A human-wt/USA/LB1562/2010/G9P4","Rotavirus A human-wt/USA/LB1562/2010/G9P4","NGS_6T",4223834
"KF703446.1",127320,206,0,0.006471652,0,"Retroperitoneal fibromatosis-associated herpesvirus isolate RFHVMnM78114, complete genome",111469,"Viruses","Peploviricota","Herviviricetes","Herpesvirales","Herpesviridae","Rhadinovirus","Macacine gammaherpesvirus 8","Retroperitoneal fibromatosis-associated herpesvirus","Retroperitoneal fibromatosis-associated herpesvirus","NGS_6T",4223834
"KJ541759.1",33452,179,50,0.27217585,0.353868,"Ball python nidovirus strain 07-53, complete genome",1986118,"Viruses","Pisuviricota","Pisoniviricetes","Nidovirales","Tobaniviridae","Pregotovirus","Ball python nidovirus 1","unclassified Ball python nidovirus 1 subspecies/strain","unclassified Ball python nidovirus 1 strain","NGS_6T",4223834
"KM269482.1",7875,179,4,0.29126215,0.120255,"Encephalomyocarditis virus strain ATCC VR-129B, complete genome",12104,"Viruses","Pisuviricota","Pisoniviricetes","Picornavirales","Picornaviridae","Cardiovirus","Cardiovirus A","Encephalomyocarditis virus","Encephalomyocarditis virus","NGS_6T",4223834
"KT149397.1",2985,1764,527,27.28783,41.7984,"Circovirus-like genome DCCV-4, complete genome",1788444,"Viruses","Cressdnaviricota","Arfiviricetes","Cirlivirales","Circoviridae","unclassified Circoviridae genus","Circovirus-like genome DCCV-4","unclassified Circovirus-like genome DCCV-4 subspecies/strain","unclassified Circovirus-like genome DCCV-4 strain","NGS_6T",4223834
"KT149406.1",2433,1981,948,60.637756,92.2485,"Circovirus-like genome DCCV-13, complete genome",1788441,"Viruses","Cressdnaviricota","Arfiviricetes","Cirlivirales","Circoviridae","unclassified Circoviridae genus","Circovirus-like genome DCCV-13","unclassified Circovirus-like genome DCCV-13 subspecies/strain","unclassified Circovirus-like genome DCCV-13 strain","NGS_6T",4223834
"KT945134.1",7707,150,1,0.019849146,0.0307191,"Rattus norvegicus papillomavirus 3 isolate Rat_60S, complete genome",1756445,"Viruses","Cossaviricota","Papovaviricetes","Zurhausenvirales","Papillomaviridae","Iotapapillomavirus","Iotapapillomavirus 1","Rattus norvegicus papillomavirus 3","Rattus norvegicus papillomavirus 3","NGS_6T",4223834
"KU172423.1",5254,2613,1191,35.01881,53.6679,"Bovine hokovirus 2 strain bovine hokovirus 2 strain BS-S13 nonstructural protein (NS1), minor capsid protein (VP1), and major capsid protein (VP2) genes, complete cds",1096141,"Viruses","Cossaviricota","Quintoviricetes","Piccovirales","Parvoviridae","Tetraparvovirus","Ungulate tetraparvovirus 1","Bovine hokovirus 2","Bovine hokovirus 2","NGS_6T",4223834
"KU351741.1",137448,203,1,0.06385381,0.00172248,"Macaca nemestrina herpesvirus 7, complete genome",1846169,"Viruses","Peploviricota","Herviviricetes","Herpesvirales","Herpesviridae","Roseolovirus","Macacine betaherpesvirus 9","Macaca nemestrina herpesvirus 7","Macaca nemestrina herpesvirus 7","NGS_6T",4223834
"KU605777.1",8126,168,77,1.3490472,2.2434,"Simian retrovirus 8 strain SRV8/SUZ/2012, complete genome",1904439,"Viruses","Artverviricota","Revtraviricetes","Ortervirales","Retroviridae","Betaretrovirus","Simian retrovirus 8","unclassified Simian retrovirus 8 subspecies/strain","unclassified Simian retrovirus 8 strain","NGS_6T",4223834
"KU727766.1",5166,175,23,0.68779904,1.05406,"Parus major densovirus isolate PmDNV-JL, complete genome",1907771,"Viruses","Cossaviricota","Quintoviricetes","Piccovirales","Parvoviridae","unclassified Parvoviridae genus","Parus major densovirus","unclassified Parus major densovirus subspecies/strain","unclassified Parus major densovirus strain","NGS_6T",4223834
"KU936049.1",137452,1932,394,0.73891133,0.678638,"Bubaline alphaherpesvirus 1 strain b6, complete genome",202910,"Viruses","Peploviricota","Herviviricetes","Herpesvirales","Herpesviridae","Varicellovirus","Bubaline alphaherpesvirus 1","unclassified Bubaline alphaherpesvirus 1 subspecies/strain","unclassified Bubaline alphaherpesvirus 1 strain","NGS_6T",4223834
"KY040274.1",192183,182,0,0.0050095557,0,"Molluscum contagiosum virus subtype 2 isolate Madrid 2016_1, complete genome",10281,"Viruses","Nucleocytoviricota","Pokkesviricetes","Chitovirales","Poxviridae","Molluscipoxvirus","Molluscum contagiosum virus","Molluscum contagiosum virus subtype 2","Molluscum contagiosum virus subtype 2","NGS_6T",4223834
"KY040275.1",188253,647,15,0.06997762,0.0188644,"Molluscum contagiosum virus subtype 1 isolate Madrid 2016_3, complete genome",10280,"Viruses","Nucleocytoviricota","Pokkesviricetes","Chitovirales","Poxviridae","Molluscipoxvirus","Molluscum contagiosum virus","Molluscum contagiosum virus subtype 1","Molluscum contagiosum virus subtype 1","NGS_6T",4223834
"KY215944.1",135301,808,2,0.14344695,0.00349963,"Bovine alphaherpesvirus 1 isolate 216 II, complete genome",10320,"Viruses","Peploviricota","Herviviricetes","Herpesvirales","Herpesviridae","Varicellovirus","Bovine alphaherpesvirus 1","unclassified Bovine alphaherpesvirus 1 subspecies/strain","unclassified Bovine alphaherpesvirus 1 strain","NGS_6T",4223834
"KY385637.1",147346,395,17,0.672627,0.0273152,"Ateline alphaherpesvirus 1 isolate Lennette, complete genome",35243,"Viruses","Peploviricota","Herviviricetes","Herpesvirales","Herpesviridae","Simplexvirus","Ateline alphaherpesvirus 1","unclassified Ateline alphaherpesvirus 1 subspecies/strain","unclassified Ateline alphaherpesvirus 1 strain","NGS_6T",4223834
"KY490071.1",235397,473,3,0.0020106526,0.00301727,"Human betaherpesvirus 5 strain HANChild1, complete genome",10359,"Viruses","Peploviricota","Herviviricetes","Herpesvirales","Herpesviridae","Cytomegalovirus","Human betaherpesvirus 5","unclassified Human betaherpesvirus 5 subspecies/strain","unclassified Human betaherpesvirus 5 strain","NGS_6T",4223834
"KY549446.1",137712,587,0,0.25895232,0,"Bovine alphaherpesvirus 5 strain ISO 97/45, complete genome",35244,"Viruses","Peploviricota","Herviviricetes","Herpesvirales","Herpesviridae","Varicellovirus","Bovine alphaherpesvirus 5","unclassified Bovine alphaherpesvirus 5 subspecies/strain","unclassified Bovine alphaherpesvirus 5 strain","NGS_6T",4223834
"KY628971.1",155462,215,0,0.0105658285,0,"Macacine alphaherpesvirus 1 isolate 12930, complete genome",10325,"Viruses","Peploviricota","Herviviricetes","Herpesvirales","Herpesviridae","Simplexvirus","Macacine alphaherpesvirus 1","unclassified Macacine alphaherpesvirus 1 subspecies/strain","unclassified Macacine alphaherpesvirus 1 strain","NGS_6T",4223834
"LT594108.1",151216,10661,10987,10.641905,17.2018,"Human herpesvirus 1 isolate 1319_2005 genome assembly, complete genome: monopartite",10298,"Viruses","Peploviricota","Herviviricetes","Herpesvirales","Herpesviridae","Simplexvirus","Human alphaherpesvirus 1","unclassified Human alphaherpesvirus 1 subspecies/strain","unclassified Human alphaherpesvirus 1 strain","NGS_6T",4223834
"M22820.1",4901,150,1,0.0315723,0.0483068,"Snyder-Theilen feline sarcoma virus genomic sequence, sequence",11780,"Viruses","Artverviricota","Revtraviricetes","Ortervirales","Retroviridae","Gammaretrovirus","Snyder-Theilen feline sarcoma virus","unclassified Snyder-Theilen feline sarcoma virus subspecies/strain","unclassified Snyder-Theilen feline sarcoma virus strain","NGS_6T",4223834
"MF118167.1",3925,566,19,0.7650331,1.14606,"Human fecal virus Jorvi2, complete genome",2017081,"Viruses","Cressdnaviricota","Arfiviricetes","Cirlivirales","Circoviridae","unclassified Circoviridae genus","Human fecal virus Jorvi2","unclassified Human fecal virus Jorvi2 subspecies/strain","unclassified Human fecal virus Jorvi2 strain","NGS_6T",4223834
"MF327535.1",7676,133,0,0.2322615,0,"Ailuropoda melanoleuca papillomavirus 1 strain gpam001, complete genome",2016454,"Viruses","Cossaviricota","Papovaviricetes","Zurhausenvirales","Papillomaviridae","Omegapapillomavirus","Omegapapillomavirus 1","Ailuropoda melanoleuca papillomavirus 1","Ailuropoda melanoleuca papillomavirus 1","NGS_6T",4223834
"MF327573.1",2745,150,8,0.46242774,0.689987,"Giant panda circovirus 1 strain gpci001, complete genome",2016456,"Viruses","Cressdnaviricota","Arfiviricetes","Cirlivirales","Circoviridae","Circovirus","Giant panda circovirus 1","unclassified Giant panda circovirus 1 subspecies/strain","unclassified Giant panda circovirus 1 strain","NGS_6T",4223834
"MF898328.1",125095,168,0,0.14344712,0,"Human alphaherpesvirus 3 strain Baike, complete genome",10335,"Viruses","Peploviricota","Herviviricetes","Herpesvirales","Herpesviridae","Varicellovirus","Human alphaherpesvirus 3","unclassified Human alphaherpesvirus 3 subspecies/strain","unclassified Human alphaherpesvirus 3 strain","NGS_6T",4223834
"MG712775.1",44454,103,1,0.09315186,0.00532577,"Fowl adenovirus 8b isolate SD1356, complete genome",586029,"Viruses","Preplasmiviricota","Tectiliviricetes","Rowavirales","Adenoviridae","Aviadenovirus","Fowl aviadenovirus E","Fowl adenovirus 8b","Fowl adenovirus 8b","NGS_6T",4223834
"MG972981.1",5759,346,914,20.860937,37.5744,"Ungulate copiparvovirus 1 strain QQHE16, complete genome",1511889,"Viruses","Cossaviricota","Quintoviricetes","Piccovirales","Parvoviridae","Copiparvovirus","Ungulate copiparvovirus 1","unclassified Ungulate copiparvovirus 1 subspecies/strain","unclassified Ungulate copiparvovirus 1 strain","NGS_6T",4223834
"MH036942.1",138199,489,0,0.074705355,0,"Cervid alphaherpesvirus 1 strain Anlier, complete genome",79891,"Viruses","Peploviricota","Herviviricetes","Herpesvirales","Herpesviridae","Varicellovirus","Cervid alphaherpesvirus 1","unclassified Cervid alphaherpesvirus 1 subspecies/strain","unclassified Cervid alphaherpesvirus 1 strain","NGS_6T",4223834
"MH036943.1",142633,762,0,0.13445814,0,"Cervid alphaherpesvirus 2 strain Norway, complete genome",365327,"Viruses","Peploviricota","Herviviricetes","Herpesvirales","Herpesviridae","Varicellovirus","Cervid alphaherpesvirus 2","unclassified Cervid alphaherpesvirus 2 subspecies/strain","unclassified Cervid alphaherpesvirus 2 strain","NGS_6T",4223834
"MH698402.1",162076,1206,148,0.12759532,0.21619,"Human betaherpesvirus 6B strain GTEX-OXRO_icihv6b, complete genome",32604,"Viruses","Peploviricota","Herviviricetes","Herpesvirales","Herpesviridae","Roseolovirus","Human betaherpesvirus 6B","unclassified Human betaherpesvirus 6B subspecies/strain","unclassified Human betaherpesvirus 6B strain","NGS_6T",4223834
"MN205539.1",137429,139,1,0.017533636,0.00172272,"UNVERIFIED: Human gammaherpesvirus 8 strain BCBL-1, complete genome",37296,"Viruses","Peploviricota","Herviviricetes","Herpesvirales","Herpesviridae","Rhadinovirus","Human gammaherpesvirus 8","unclassified Human gammaherpesvirus 8 subspecies/strain","unclassified Human gammaherpesvirus 8 strain","NGS_6T",4223834
"MN240300.1",210797,139,1,0.042867925,0.00112313,"Alaskapox virus isolate Alaska_2015, complete genome",2602439,"Viruses","Nucleocytoviricota","Pokkesviricetes","Chitovirales","Poxviridae","Orthopoxvirus","Alaskapox virus","unclassified Alaskapox virus subspecies/strain","unclassified Alaskapox virus strain","NGS_6T",4223834
"MN244297.1",221153,599,2,0.0028461153,0.00214107,"Akhmeta virus strain A39, complete genome",2200830,"Viruses","Nucleocytoviricota","Pokkesviricetes","Chitovirales","Poxviridae","Orthopoxvirus","Akhmeta virus","unclassified Akhmeta virus subspecies/strain","unclassified Akhmeta virus strain","NGS_6T",4223834
"NC_001664.4",159378,904,93,0.07455975,0.138149,"Human betaherpesvirus 6A, variant A DNA, complete virion genome, isolate U1102",32603,"Viruses","Peploviricota","Herviviricetes","Herpesvirales","Herpesviridae","Roseolovirus","Human betaherpesvirus 6A","unclassified Human betaherpesvirus 6A subspecies/strain","unclassified Human betaherpesvirus 6A strain","NGS_6T",4223834
"NC_001716.2",153080,741,8,0.0069639706,0.0123727,"Human herpesvirus 7, complete genome",10372,"Viruses","Peploviricota","Herviviricetes","Herpesvirales","Herpesviridae","Roseolovirus","Human betaherpesvirus 7","unclassified Human betaherpesvirus 7 subspecies/strain","unclassified Human betaherpesvirus 7 strain","NGS_6T",4223834
"NC_002665.1",108873,1306,256,0.33913708,0.556689,"Bovine herpesvirus 4 long unique region, complete sequence",10385,"Viruses","Peploviricota","Herviviricetes","Herpesvirales","Herpesviridae","Rhadinovirus","Bovine gammaherpesvirus 4","unclassified Bovine gammaherpesvirus 4 subspecies/strain","unclassified Bovine gammaherpesvirus 4 strain","NGS_6T",4223834
"NC_006151.1",143461,405,0,0.026173845,0,"Suid herpesvirus 1, complete genome",10345,"Viruses","Peploviricota","Herviviricetes","Herpesvirales","Herpesviridae","Varicellovirus","Suid alphaherpesvirus 1","unclassified Suid alphaherpesvirus 1 subspecies/strain","unclassified Suid alphaherpesvirus 1 strain","NGS_6T",4223834
"NC_006560.1",150715,608,4,0.066018,0.00628343,"Cercopithecine herpesvirus 2, complete genome",10317,"Viruses","Peploviricota","Herviviricetes","Herpesvirales","Herpesviridae","Simplexvirus","Cercopithecine alphaherpesvirus 2","unclassified Cercopithecine alphaherpesvirus 2 subspecies/strain","unclassified Cercopithecine alphaherpesvirus 2 strain","NGS_6T",4223834
"NC_007653.1",156487,741,0,0.011456021,0,"Papiine herpesvirus 2, complete genome",340907,"Viruses","Peploviricota","Herviviricetes","Herpesvirales","Herpesviridae","Simplexvirus","Papiine alphaherpesvirus 2","unclassified Papiine alphaherpesvirus 2 subspecies/strain","unclassified Papiine alphaherpesvirus 2 strain","NGS_6T",4223834
"NC_012783.2",226205,153,2,0.011395457,0.00209325,"Cercopithecine herpesvirus 5 strain 2715, complete genome",50292,"Viruses","Peploviricota","Herviviricetes","Herpesvirales","Herpesviridae","Cytomegalovirus","Cercopithecine betaherpesvirus 5","unclassified Cercopithecine betaherpesvirus 5 subspecies/strain","unclassified Cercopithecine betaherpesvirus 5 strain","NGS_6T",4223834
"NC_014567.1",156742,392,1,0.16228798,0.00151045,"Saimiriine herpesvirus 1, complete genome",10353,"Viruses","Peploviricota","Herviviricetes","Herpesvirales","Herpesviridae","Simplexvirus","Saimiriine alphaherpesvirus 1","unclassified Saimiriine alphaherpesvirus 1 subspecies/strain","unclassified Saimiriine alphaherpesvirus 1 strain","NGS_6T",4223834
"NC_016448.1",196691,167,0,0.021598548,0,"Saimiriine herpesvirus 4 strain SqSHV, complete genome",1535247,"Viruses","Peploviricota","Herviviricetes","Herpesvirales","Herpesviridae","Cytomegalovirus","Saimiriine betaherpesvirus 4","unclassified Saimiriine betaherpesvirus 4 subspecies/strain","unclassified Saimiriine betaherpesvirus 4 strain","NGS_6T",4223834
"NC_024771.1",151601,244,20,0.015972164,0.0312335,"Equid herpesvirus 3 strain AR/2007/C3A, complete genome",80341,"Viruses","Peploviricota","Herviviricetes","Herpesvirales","Herpesviridae","Varicellovirus","Equid alphaherpesvirus 3","unclassified Equid alphaherpesvirus 3 subspecies/strain","unclassified Equid alphaherpesvirus 3 strain","NGS_6T",4223834
"V01108.1",5153,856,6,0.17929243,0.275667,"Human BK virus (strain Dunlop) genome. (Closely related to SV40.)",1891762,"Viruses","Cossaviricota","Papovaviricetes","Sepolyvirales","Polyomaviridae","Betapolyomavirus","Betapolyomavirus hominis","unclassified Betapolyomavirus hominis subspecies/strain","unclassified Betapolyomavirus hominis strain","NGS_6T",4223834
"V01201.1",5779,350,5,0.25741693,0.204838,"Simian sarcoma virus proviral sequence with genes coding for envelope protein (env) and polymerase (pol)",11970,"Viruses","Artverviricota","Revtraviricetes","Ortervirales","Retroviridae","Gammaretrovirus","Woolly monkey sarcoma virus","unclassified Woolly monkey sarcoma virus subspecies/strain","unclassified Woolly monkey sarcoma virus strain","NGS_6T",4223834
"X74469.1",7427,172,105,2.1624296,3.3471,"Human papillomavirus type 17 genomic DNA",10607,"Viruses","Cossaviricota","Papovaviricetes","Zurhausenvirales","Papillomaviridae","Betapapillomavirus","Betapapillomavirus 2","Human papillomavirus 17","Human papillomavirus 17","NGS_6T",4223834
"Z25771.1",6813,300,2,0.045024764,0.0695,"Human astrovirus type 1 genes for capsid protein and nonstructural protein",12456,"Viruses","Pisuviricota","Stelpaviricetes","Stellavirales","Astroviridae","Mamastrovirus","Mamastrovirus 1","Human astrovirus 1","Human astrovirus 1","NGS_6T",4223834
"D00835.1",11443,257,1,0.058797486,0.0206897,"Human immunodeficiency virus 2 proviral DNA, complete genome",11709,"Viruses","Artverviricota","Revtraviricetes","Ortervirales","Retroviridae","Lentivirus","Human immunodeficiency virus 2","unclassified Human immunodeficiency virus 2 subspecies/strain","unclassified Human immunodeficiency virus 2 strain","NGS_6T",4223834
"OM460002.1",220276,1906,11,0.009003934,0.0118228,"Cowpox virus isolate No-H2, complete genome",10243,"Viruses","Nucleocytoviricota","Pokkesviricetes","Chitovirales","Poxviridae","Orthopoxvirus","Cowpox virus","unclassified Cowpox virus subspecies/strain","unclassified Cowpox virus strain","NGS_6T",4223834
"GQ329670.1",145289,182,0,0.14946362,0,"Pseudocowpox virus strain VR634, complete genome",129726,"Viruses","Nucleocytoviricota","Pokkesviricetes","Chitovirales","Poxviridae","Parapoxvirus","Pseudocowpox virus","unclassified Pseudocowpox virus subspecies/strain","unclassified Pseudocowpox virus strain","NGS_6T",4223834
"LT907991.1",12681,264,5,0.058255527,0.093349,"Bovine viral diarrhea virus 1 isolate VE_138cp_05 genome assembly, complete genome: monopartite",11099,"Viruses","Kitrinoviricota","Flasuviricetes","Amarillovirales","Flaviviridae","Pestivirus","Pestivirus A","Bovine viral diarrhea virus 1","Bovine viral diarrhea virus 1","NGS_6T",4223834
"MF351889.1",32399,204,0,0.112158515,0,"Morelia viridis nidovirus strain S14-1323_MVNV, complete genome",2016400,"Viruses","Pisuviricota","Pisoniviricetes","Nidovirales","Tobaniviridae","Pregotovirus","Pregotovirus heba","Morelia viridis nidovirus","Morelia viridis nidovirus","NGS_6T",4223834
"KY055429.1",2585,300,2,0.123203285,0.183173,"Rotavirus A strain RVA/Goat-wt/UGA/BUW-14-085/2014/G6P[1] VP3 (VP3) mRNA, complete cds",28875,"Viruses","Duplornaviricota","Resentoviricetes","Reovirales","Sedoreoviridae","Rotavirus","Rotavirus A","unclassified Rotavirus A subspecies/strain","unclassified Rotavirus A strain","NGS_6T",4223834
"GU827407.1",2693,150,1,0.05898545,0.0879137,"Rotavirus A strain RVA/Cat-wt/ITA/BA222/2005/G3P[9] VP2 gene, complete cds",28875,"Viruses","Duplornaviricota","Resentoviricetes","Reovirales","Sedoreoviridae","Rotavirus","Rotavirus A","unclassified Rotavirus A subspecies/strain","unclassified Rotavirus A strain","NGS_6T",4223834
"JX040433.1",906,150,1,0.1984127,0.261315,"Rotavirus A strain RVA/human-wt/IND/N-1/2009/G6P[14] non-structural protein NSP4 gene, complete cds",28875,"Viruses","Duplornaviricota","Resentoviricetes","Reovirales","Sedoreoviridae","Rotavirus","Rotavirus A","unclassified Rotavirus A subspecies/strain","unclassified Rotavirus A strain","NGS_6T",4223834
"KJ639017.1",1062,142,1,0.15570176,0.22293,"Rotavirus A isolate RVA/Human/JPN/S13-30/2013/G3P[4] segment 9 VP7 gene, complete cds",28875,"Viruses","Duplornaviricota","Resentoviricetes","Reovirales","Sedoreoviridae","Rotavirus","Rotavirus A","unclassified Rotavirus A subspecies/strain","unclassified Rotavirus A strain","NGS_6T",4223834
"KC686984.1",1914,150,1,0.08503401,0.123695,"Rotavirus A strain RVA/Human-wt/CMR/6778/1999/G9P[8] structural protein VP1 (VP1) gene, partial cds",28875,"Viruses","Duplornaviricota","Resentoviricetes","Reovirales","Sedoreoviridae","Rotavirus","Rotavirus A","unclassified Rotavirus A subspecies/strain","unclassified Rotavirus A strain","NGS_6T",4223834
"JF693042.1",1194,145,1,0.1388889,0.198285,"Bovine rotavirus A isolate bovine-tc/South Africa/'O' Agent/1965/G8P[1] segment 6 VP6 protein gene, complete cds",35333,"Viruses","Duplornaviricota","Resentoviricetes","Reovirales","Sedoreoviridae","Rotavirus","Rotavirus A","Bovine rotavirus A","Bovine rotavirus A","NGS_6T",4223834
"MG181725.1",2359,291,2,0.13173382,0.200722,"Rotavirus A strain RVA/Human-wt/MWI/BID2MT/2014/G1P[8] structural protein 4 (VP4) gene, complete cds",28875,"Viruses","Duplornaviricota","Resentoviricetes","Reovirales","Sedoreoviridae","Rotavirus","Rotavirus A","unclassified Rotavirus A subspecies/strain","unclassified Rotavirus A strain","NGS_6T",4223834
"MG181854.1",3303,150,1,0.047573738,0.0716778,"Rotavirus A strain RVA/Human-wt/MWI/BID14Z/2012/G2P[4] structural protein 1 (VP1) gene, complete cds",28875,"Viruses","Duplornaviricota","Resentoviricetes","Reovirales","Sedoreoviridae","Rotavirus","Rotavirus A","unclassified Rotavirus A subspecies/strain","unclassified Rotavirus A strain","NGS_6T",4223834
"MF184783.1",1014,141,1,0.16319445,0.233483,"Rotavirus A strain RVA/Human-wt/USA/CNMC109/2011/G3P[6] segment 8 non-structural protein 2 (NSP2) gene, complete cds",28875,"Viruses","Duplornaviricota","Resentoviricetes","Reovirales","Sedoreoviridae","Rotavirus","Rotavirus A","unclassified Rotavirus A subspecies/strain","unclassified Rotavirus A strain","NGS_6T",4223834
"KP258399.1",2687,150,1,0.05912495,0.0881101,"Rotavirus A strain RVA/Human-wt/BEL/BE5028/2012/G3P[14] segment 2, complete sequence",28875,"Viruses","Duplornaviricota","Resentoviricetes","Reovirales","Sedoreoviridae","Rotavirus","Rotavirus A","unclassified Rotavirus A subspecies/strain","unclassified Rotavirus A strain","NGS_6T",4223834
"KP882477.1",2508,159,2,0.12722646,0.188797,"Rotavirus A strain RVA/Human-wt/GHA/Ghan-059/2008/G8P[1] segment 3 VP3 (VP3) gene, complete cds",28875,"Viruses","Duplornaviricota","Resentoviricetes","Reovirales","Sedoreoviridae","Rotavirus","Rotavirus A","unclassified Rotavirus A subspecies/strain","unclassified Rotavirus A strain","NGS_6T",4223834
"KY628968.1",157447,246,0,0.014189717,0,"Macacine alphaherpesvirus 1 isolate 8100812, complete genome",10325,"Viruses","Peploviricota","Herviviricetes","Herpesvirales","Herpesviridae","Simplexvirus","Macacine alphaherpesvirus 1","unclassified Macacine alphaherpesvirus 1 subspecies/strain","unclassified Macacine alphaherpesvirus 1 strain","NGS_6T",4223834
"KY628970.1",157321,103,0,0.0020296364,0,"Macacine alphaherpesvirus 1 isolate KQ, complete genome",10325,"Viruses","Peploviricota","Herviviricetes","Herpesvirales","Herpesviridae","Simplexvirus","Macacine alphaherpesvirus 1","unclassified Macacine alphaherpesvirus 1 subspecies/strain","unclassified Macacine alphaherpesvirus 1 strain","NGS_6T",4223834
"MT862163.1",131245,278,0,0.09148327,0,"Bovine alphaherpesvirus 2 strain C1Z FZR",10295,"Viruses","Peploviricota","Herviviricetes","Herpesvirales","Herpesviridae","Simplexvirus","Bovine alphaherpesvirus 2","unclassified Bovine alphaherpesvirus 2 subspecies/strain","unclassified Bovine alphaherpesvirus 2 strain","NGS_6T",4223834
"LS480640.1",155503,10243,10286,10.042239,15.6603,"Human alphaherpesvirus 2 isolate 333 genome assembly, chromosome: I",10310,"Viruses","Peploviricota","Herviviricetes","Herpesvirales","Herpesviridae","Simplexvirus","Human alphaherpesvirus 2","unclassified Human alphaherpesvirus 2 subspecies/strain","unclassified Human alphaherpesvirus 2 strain","NGS_6T",4223834
"MF678601.1",144144,271,0,0.006444713,0,"Beluga whale alphaherpesvirus 1 strain LN3131-1",1434720,"Viruses","Peploviricota","Herviviricetes","Herpesvirales","Herpesviridae","Varicellovirus","Monodontid alphaherpesvirus 1","Beluga whale alphaherpesvirus 1","Beluga whale alphaherpesvirus 1","NGS_6T",4223834
"MG989243.1",134617,363,0,0.04537916,0,"Caprine alphaherpesvirus 1 strain JSHA1405",39944,"Viruses","Peploviricota","Herviviricetes","Herpesvirales","Herpesviridae","Varicellovirus","Caprine alphaherpesvirus 1","unclassified Caprine alphaherpesvirus 1 subspecies/strain","unclassified Caprine alphaherpesvirus 1 strain","NGS_6T",4223834
"AC_000007.1",35937,2278,1697,7.034957,134.703,"Human adenovirus 2, complete genome",10515,"Viruses","Preplasmiviricota","Tectiliviricetes","Rowavirales","Adenoviridae","Mastadenovirus","Human mastadenovirus C","Human adenovirus 2","Human adenovirus 2","NGS_NC_T",350560
"NC_003663.2",224499,631,4,0.007902865,0.0508257,"Cowpox virus, complete genome",10243,"Viruses","Nucleocytoviricota","Pokkesviricetes","Chitovirales","Poxviridae","Orthopoxvirus","Cowpox virus","unclassified Cowpox virus subspecies/strain","unclassified Cowpox virus strain","NGS_NC_T",350560
"NC_003310.1",196858,2678,17,0.013481912,0.246339,"Monkeypox virus Zaire-96-I-16, complete genome",10244,"Viruses","Nucleocytoviricota","Pokkesviricetes","Chitovirales","Poxviridae","Orthopoxvirus","Monkeypox virus","unclassified Monkeypox virus subspecies/strain","unclassified Monkeypox virus strain","NGS_NC_T",350560
"NC_012564.1",5242,150,1,0.029457973,0.544178,"Human bocavirus 3, complete genome",638313,"Viruses","Cossaviricota","Quintoviricetes","Piccovirales","Parvoviridae","Bocaparvovirus","Primate bocaparvovirus 1","Human bocavirus 3","Human bocavirus 3","NGS_NC_T",350560
"KY316160.1",34169,318,2,0.009347717,0.166969,"Human adenovirus 41 isolate SH/2015/D16, complete genome",10524,"Viruses","Preplasmiviricota","Tectiliviricetes","Rowavirales","Adenoviridae","Mastadenovirus","Human mastadenovirus F","Human adenovirus 41","Human adenovirus 41","NGS_NC_T",350560
"AF043303.1",4679,225,45,1.4886289,27.4345,"Adeno-associated virus 2, complete genome",10804,"Viruses","Cossaviricota","Quintoviricetes","Piccovirales","Parvoviridae","Dependoparvovirus","Adeno-associated dependoparvovirus A","adeno-associated virus 2","adeno-associated virus 2","NGS_NC_T",350560
"GU452720.1",3893,300,28,1.1199572,20.5169,"Mosquito densovirus BR/07, complete genome",945962,"Viruses","Cossaviricota","Quintoviricetes","Piccovirales","Parvoviridae","Brevidensovirus","Mosquito densovirus BR/07","unclassified Mosquito densovirus BR/07 subspecies/strain","unclassified Mosquito densovirus BR/07 strain","NGS_NC_T",350560
"GU937877.1",3302,150,1,0.047588833,0.863894,"Caprine rotavirus A strain GO34 RNA-dependent RNA polymerase (VP1) gene, complete cds",204932,"Viruses","Duplornaviricota","Resentoviricetes","Reovirales","Sedoreoviridae","Rotavirus","Rotavirus A","Caprine rotavirus A","Caprine rotavirus A","NGS_NC_T",350560
"GU937881.1",1356,206,130,14.57214,273.477,"Caprine rotavirus A strain GO34 VP6 protein (VP6) gene, complete cds",204932,"Viruses","Duplornaviricota","Resentoviricetes","Reovirales","Sedoreoviridae","Rotavirus","Rotavirus A","Caprine rotavirus A","Caprine rotavirus A","NGS_NC_T",350560
"JF304767.1",7664,119,21,2.9494278,7.8163,"Saimiri sciureus papillomavirus type 3 isolate Mac2167.2, complete genome",990306,"Viruses","Cossaviricota","Papovaviricetes","Zurhausenvirales","Papillomaviridae","Dyoomikronpapillomavirus","Dyoomikronpapillomavirus 1","Saimiri sciureus papillomavirus 3","Saimiri sciureus papillomavirus 3","NGS_NC_T",350560
"KC617868.1",3780,3780,15547,610.6141,11732.6,"Parvovirus NIH-CQV putative 15-kDa protein, putative replication associated protein (rep), and putative capsid protein (cap) genes, complete cds",1341019,"Viruses","Cossaviricota","Quintoviricetes","Piccovirales","Parvoviridae","unclassified Parvoviridae genus","Parvovirus NIH-CQV","unclassified Parvovirus NIH-CQV subspecies/strain","unclassified Parvovirus NIH-CQV strain","NGS_NC_T",350560
"KC782520.2",2687,150,1,0.05912495,1.06162,"Rotavirus A human-wt/USA/LB1562/2010/G9P4 VP2 (VP2) gene, complete cds",1349389,"Viruses","Duplornaviricota","Resentoviricetes","Reovirales","Sedoreoviridae","Rotavirus","Rotavirus A","Rotavirus A human-wt/USA/LB1562/2010/G9P4","Rotavirus A human-wt/USA/LB1562/2010/G9P4","NGS_NC_T",350560
"KF703446.1",127320,410,0,0.02512385,0,"Retroperitoneal fibromatosis-associated herpesvirus isolate RFHVMnM78114, complete genome",111469,"Viruses","Peploviricota","Herviviricetes","Herpesvirales","Herpesviridae","Rhadinovirus","Macacine gammaherpesvirus 8","Retroperitoneal fibromatosis-associated herpesvirus","Retroperitoneal fibromatosis-associated herpesvirus","NGS_NC_T",350560
"KJ417134.1",2980,191,32,1.6961131,30.6317,"Porcine stool-associated circular virus 4 isolate CP2, complete genome",1475062,"Viruses","Cressdnaviricota","Arfiviricetes","Cirlivirales","Circoviridae","unclassified Circoviridae genus","Porcine stool-associated circular virus 4","unclassified Porcine stool-associated circular virus 4 subspecies/strain","unclassified Porcine stool-associated circular virus 4 strain","NGS_NC_T",350560
"KJ541759.1",33452,207,46,0.37328088,3.92259,"Ball python nidovirus strain 07-53, complete genome",1986118,"Viruses","Pisuviricota","Pisoniviricetes","Nidovirales","Tobaniviridae","Pregotovirus","Ball python nidovirus 1","unclassified Ball python nidovirus 1 subspecies/strain","unclassified Ball python nidovirus 1 strain","NGS_NC_T",350560
"KM269482.1",7875,177,2,0.07171521,0.724464,"Encephalomyocarditis virus strain ATCC VR-129B, complete genome",12104,"Viruses","Pisuviricota","Pisoniviricetes","Picornavirales","Picornaviridae","Cardiovirus","Cardiovirus A","Encephalomyocarditis virus","Encephalomyocarditis virus","NGS_NC_T",350560
"KT149397.1",2985,2960,1714,88.59612,1637.96,"Circovirus-like genome DCCV-4, complete genome",1788444,"Viruses","Cressdnaviricota","Arfiviricetes","Cirlivirales","Circoviridae","unclassified Circoviridae genus","Circovirus-like genome DCCV-4","unclassified Circovirus-like genome DCCV-4 subspecies/strain","unclassified Circovirus-like genome DCCV-4 strain","NGS_NC_T",350560
"KT149406.1",2433,2433,2527,164.74638,2962.79,"Circovirus-like genome DCCV-13, complete genome",1788441,"Viruses","Cressdnaviricota","Arfiviricetes","Cirlivirales","Circoviridae","unclassified Circoviridae genus","Circovirus-like genome DCCV-13","unclassified Circovirus-like genome DCCV-13 subspecies/strain","unclassified Circovirus-like genome DCCV-13 strain","NGS_NC_T",350560
"KU351741.1",137448,227,1,0.07472797,0.0207539,"Macaca nemestrina herpesvirus 7, complete genome",1846169,"Viruses","Peploviricota","Herviviricetes","Herpesvirales","Herpesviridae","Roseolovirus","Macacine betaherpesvirus 9","Macaca nemestrina herpesvirus 7","Macaca nemestrina herpesvirus 7","NGS_NC_T",350560
"KU727766.1",5166,190,5,0.10267145,2.76092,"Parus major densovirus isolate PmDNV-JL, complete genome",1907771,"Viruses","Cossaviricota","Quintoviricetes","Piccovirales","Parvoviridae","unclassified Parvoviridae genus","Parus major densovirus","unclassified Parus major densovirus subspecies/strain","unclassified Parus major densovirus strain","NGS_NC_T",350560
"KU936049.1",137452,1419,136,0.2715911,2.82244,"Bubaline alphaherpesvirus 1 strain b6, complete genome",202910,"Viruses","Peploviricota","Herviviricetes","Herpesvirales","Herpesviridae","Varicellovirus","Bubaline alphaherpesvirus 1","unclassified Bubaline alphaherpesvirus 1 subspecies/strain","unclassified Bubaline alphaherpesvirus 1 strain","NGS_NC_T",350560
"KY040274.1",192183,229,0,0.0049470663,0,"Molluscum contagiosum virus subtype 2 isolate Madrid 2016_1, complete genome",10281,"Viruses","Nucleocytoviricota","Pokkesviricetes","Chitovirales","Poxviridae","Molluscipoxvirus","Molluscum contagiosum virus","Molluscum contagiosum virus subtype 2","Molluscum contagiosum virus subtype 2","NGS_NC_T",350560
"KY040275.1",188253,529,1,0.080291115,0.0151529,"Molluscum contagiosum virus subtype 1 isolate Madrid 2016_3, complete genome",10280,"Viruses","Nucleocytoviricota","Pokkesviricetes","Chitovirales","Poxviridae","Molluscipoxvirus","Molluscum contagiosum virus","Molluscum contagiosum virus subtype 1","Molluscum contagiosum virus subtype 1","NGS_NC_T",350560
"KY215944.1",135301,118,0,0.0043284916,0,"Bovine alphaherpesvirus 1 isolate 216 II, complete genome",10320,"Viruses","Peploviricota","Herviviricetes","Herpesvirales","Herpesviridae","Varicellovirus","Bovine alphaherpesvirus 1","unclassified Bovine alphaherpesvirus 1 subspecies/strain","unclassified Bovine alphaherpesvirus 1 strain","NGS_NC_T",350560
"KY385637.1",147346,220,0,0.020014131,0,"Ateline alphaherpesvirus 1 isolate Lennette, complete genome",35243,"Viruses","Peploviricota","Herviviricetes","Herpesvirales","Herpesviridae","Simplexvirus","Ateline alphaherpesvirus 1","unclassified Ateline alphaherpesvirus 1 subspecies/strain","unclassified Ateline alphaherpesvirus 1 strain","NGS_NC_T",350560
"KY549446.1",137712,336,0,0.15329088,0,"Bovine alphaherpesvirus 5 strain ISO 97/45, complete genome",35244,"Viruses","Peploviricota","Herviviricetes","Herpesvirales","Herpesviridae","Varicellovirus","Bovine alphaherpesvirus 5","unclassified Bovine alphaherpesvirus 5 subspecies/strain","unclassified Bovine alphaherpesvirus 5 strain","NGS_NC_T",350560
"MF118167.1",3925,660,37,1.415894,26.8906,"Human fecal virus Jorvi2, complete genome",2017081,"Viruses","Cressdnaviricota","Arfiviricetes","Cirlivirales","Circoviridae","unclassified Circoviridae genus","Human fecal virus Jorvi2","unclassified Human fecal virus Jorvi2 subspecies/strain","unclassified Human fecal virus Jorvi2 strain","NGS_NC_T",350560
"MH036942.1",138199,404,8,0.10328217,0.165129,"Cervid alphaherpesvirus 1 strain Anlier, complete genome",79891,"Viruses","Peploviricota","Herviviricetes","Herpesvirales","Herpesviridae","Varicellovirus","Cervid alphaherpesvirus 1","unclassified Cervid alphaherpesvirus 1 subspecies/strain","unclassified Cervid alphaherpesvirus 1 strain","NGS_NC_T",350560
"MH036943.1",142633,325,0,0.03168799,0,"Cervid alphaherpesvirus 2 strain Norway, complete genome",365327,"Viruses","Peploviricota","Herviviricetes","Herpesvirales","Herpesviridae","Varicellovirus","Cervid alphaherpesvirus 2","unclassified Cervid alphaherpesvirus 2 subspecies/strain","unclassified Cervid alphaherpesvirus 2 strain","NGS_NC_T",350560
"MH698402.1",162076,944,24,0.02201623,0.422406,"Human betaherpesvirus 6B strain GTEX-OXRO_icihv6b, complete genome",32604,"Viruses","Peploviricota","Herviviricetes","Herpesvirales","Herpesviridae","Roseolovirus","Human betaherpesvirus 6B","unclassified Human betaherpesvirus 6B subspecies/strain","unclassified Human betaherpesvirus 6B strain","NGS_NC_T",350560
"NC_001664.4",159378,871,18,0.01638531,0.322168,"Human betaherpesvirus 6A, variant A DNA, complete virion genome, isolate U1102",32603,"Viruses","Peploviricota","Herviviricetes","Herpesvirales","Herpesviridae","Roseolovirus","Human betaherpesvirus 6A","unclassified Human betaherpesvirus 6A subspecies/strain","unclassified Human betaherpesvirus 6A strain","NGS_NC_T",350560
"NC_001987.1",108409,276,82,0.103178486,2.15768,"Ateline herpesvirus 3 complete genome",85618,"Viruses","Peploviricota","Herviviricetes","Herpesvirales","Herpesviridae","Rhadinovirus","Ateline gammaherpesvirus 3","unclassified Ateline gammaherpesvirus 3 subspecies/strain","unclassified Ateline gammaherpesvirus 3 strain","NGS_NC_T",350560
"NC_006151.1",143461,211,0,0.009001402,0,"Suid herpesvirus 1, complete genome",10345,"Viruses","Peploviricota","Herviviricetes","Herpesvirales","Herpesviridae","Varicellovirus","Suid alphaherpesvirus 1","unclassified Suid alphaherpesvirus 1 subspecies/strain","unclassified Suid alphaherpesvirus 1 strain","NGS_NC_T",350560
"NC_006560.1",150715,473,12,0.13258725,0.227124,"Cercopithecine herpesvirus 2, complete genome",10317,"Viruses","Peploviricota","Herviviricetes","Herpesvirales","Herpesviridae","Simplexvirus","Cercopithecine alphaherpesvirus 2","unclassified Cercopithecine alphaherpesvirus 2 subspecies/strain","unclassified Cercopithecine alphaherpesvirus 2 strain","NGS_NC_T",350560
"NC_007653.1",156487,667,6,0.013227834,0.109373,"Papiine herpesvirus 2, complete genome",340907,"Viruses","Peploviricota","Herviviricetes","Herpesvirales","Herpesviridae","Simplexvirus","Papiine alphaherpesvirus 2","unclassified Papiine alphaherpesvirus 2 subspecies/strain","unclassified Papiine alphaherpesvirus 2 strain","NGS_NC_T",350560
"NC_012783.2",226205,122,1,0.017845215,0.0126106,"Cercopithecine herpesvirus 5 strain 2715, complete genome",50292,"Viruses","Peploviricota","Herviviricetes","Herpesvirales","Herpesviridae","Cytomegalovirus","Cercopithecine betaherpesvirus 5","unclassified Cercopithecine betaherpesvirus 5 subspecies/strain","unclassified Cercopithecine betaherpesvirus 5 strain","NGS_NC_T",350560
"NC_014567.1",156742,165,0,0.13173087,0,"Saimiriine herpesvirus 1, complete genome",10353,"Viruses","Peploviricota","Herviviricetes","Herpesvirales","Herpesviridae","Simplexvirus","Saimiriine alphaherpesvirus 1","unclassified Saimiriine alphaherpesvirus 1 subspecies/strain","unclassified Saimiriine alphaherpesvirus 1 strain","NGS_NC_T",350560
"NC_016447.1",219474,121,6,0.009547519,0.0779841,"Aotine herpesvirus 1 strain S34E, complete genome",50290,"Viruses","Peploviricota","Herviviricetes","Herpesvirales","Herpesviridae","Cytomegalovirus","Aotine betaherpesvirus 1","unclassified Aotine betaherpesvirus 1 subspecies/strain","unclassified Aotine betaherpesvirus 1 strain","NGS_NC_T",350560
"NC_016448.1",196691,231,0,0.005011677,0,"Saimiriine herpesvirus 4 strain SqSHV, complete genome",1535247,"Viruses","Peploviricota","Herviviricetes","Herpesvirales","Herpesviridae","Cytomegalovirus","Saimiriine betaherpesvirus 4","unclassified Saimiriine betaherpesvirus 4 subspecies/strain","unclassified Saimiriine betaherpesvirus 4 strain","NGS_NC_T",350560
"NC_023677.1",153158,123,1,0.68956524,0.0186251,"Chimpanzee alpha-1 herpesvirus strain 105640, complete genome",332937,"Viruses","Peploviricota","Herviviricetes","Herpesvirales","Herpesviridae","Simplexvirus","Panine alphaherpesvirus 3","Chimpanzee herpesvirus strain 105640","Chimpanzee herpesvirus strain 105640","NGS_NC_T",350560
"V01108.1",5153,150,1,0.02998201,0.553576,"Human BK virus (strain Dunlop) genome. (Closely related to SV40.)",1891762,"Viruses","Cossaviricota","Papovaviricetes","Sepolyvirales","Polyomaviridae","Betapolyomavirus","Betapolyomavirus hominis","unclassified Betapolyomavirus hominis subspecies/strain","unclassified Betapolyomavirus hominis strain","NGS_NC_T",350560
"X01457.1",5176,150,1,0.029844807,0.551116,"Parvovirus h-1, complete genome",10799,"Viruses","Cossaviricota","Quintoviricetes","Piccovirales","Parvoviridae","Protoparvovirus","Rodent protoparvovirus 1","H-1 parvovirus","H-1 parvovirus","NGS_NC_T",350560
"X74469.1",7427,290,18,0.5212313,6.91348,"Human papillomavirus type 17 genomic DNA",10607,"Viruses","Cossaviricota","Papovaviricetes","Zurhausenvirales","Papillomaviridae","Betapapillomavirus","Betapapillomavirus 2","Human papillomavirus 17","Human papillomavirus 17","NGS_NC_T",350560
"MF588739.1",7260,171,4,0.08438819,1.57167,"Gammapapillomavirus 22 isolate Gamma22_TVMBSWc141, complete genome",1961679,"Viruses","Cossaviricota","Papovaviricetes","Zurhausenvirales","Papillomaviridae","Gammapapillomavirus","Gammapapillomavirus 22","unclassified Gammapapillomavirus 22 subspecies/strain","unclassified Gammapapillomavirus 22 strain","NGS_NC_T",350560
"GQ329670.1",145289,243,0,0.3425544,0,"Pseudocowpox virus strain VR634, complete genome",129726,"Viruses","Nucleocytoviricota","Pokkesviricetes","Chitovirales","Poxviridae","Parapoxvirus","Pseudocowpox virus","unclassified Pseudocowpox virus subspecies/strain","unclassified Pseudocowpox virus strain","NGS_NC_T",350560
"MF351889.1",32399,138,0,0.030016435,0,"Morelia viridis nidovirus strain S14-1323_MVNV, complete genome",2016400,"Viruses","Pisuviricota","Pisoniviricetes","Nidovirales","Tobaniviridae","Pregotovirus","Pregotovirus heba","Morelia viridis nidovirus","Morelia viridis nidovirus","NGS_NC_T",350560
"KJ187603.1",1356,109,1,0.09038143,2.10367,"Human rotavirus A strain CAU12-2-51 segment 6, complete sequence",10941,"Viruses","Duplornaviricota","Resentoviricetes","Reovirales","Sedoreoviridae","Rotavirus","Rotavirus A","Human rotavirus A","Human rotavirus A","NGS_NC_T",350560
"JX040418.1",750,150,1,0.25,3.80344,"Rotavirus A strain RVA/human-wt/IND/N-1/2009/G6P[14] structural protein VP3 gene, partial cds",28875,"Viruses","Duplornaviricota","Resentoviricetes","Reovirales","Sedoreoviridae","Rotavirus","Rotavirus A","unclassified Rotavirus A subspecies/strain","unclassified Rotavirus A strain","NGS_NC_T",350560
"FJ347126.1",1356,157,2,1.4883914,4.20734,"Rotavirus A strain RVA/Guanaco-wt/ARG/Rio_Negro/1998/G8P[1] VP6 gene, complete cds",28875,"Viruses","Duplornaviricota","Resentoviricetes","Reovirales","Sedoreoviridae","Rotavirus","Rotavirus A","unclassified Rotavirus A subspecies/strain","unclassified Rotavirus A strain","NGS_NC_T",350560
"KX171542.1",2546,217,19,1.8330551,21.2879,"Human rotavirus A strain CAU14-09 RNA capping enzyme (VP3) gene, complete cds",10941,"Viruses","Duplornaviricota","Resentoviricetes","Reovirales","Sedoreoviridae","Rotavirus","Rotavirus A","Human rotavirus A","Human rotavirus A","NGS_NC_T",350560
"FJ425181.1",379,66,0,0.0043668123,0,"Rotavirus G8 isolate 6810/2004/ARN VP6 gene, partial cds",71031,"Viruses","Duplornaviricota","Resentoviricetes","Reovirales","Sedoreoviridae","Rotavirus","Rotavirus A","Rotavirus G8","Rotavirus G8","NGS_NC_T",350560
"KX171543.1",2546,150,9,0.5634391,10.0837,"Human rotavirus A strain CAU14-10 RNA capping enzyme (VP3) gene, complete cds",10941,"Viruses","Duplornaviricota","Resentoviricetes","Reovirales","Sedoreoviridae","Rotavirus","Rotavirus A","Human rotavirus A","Human rotavirus A","NGS_NC_T",350560
"KY628968.1",157447,164,0,0.044571735,0,"Macacine alphaherpesvirus 1 isolate 8100812, complete genome",10325,"Viruses","Peploviricota","Herviviricetes","Herpesvirales","Herpesviridae","Simplexvirus","Macacine alphaherpesvirus 1","unclassified Macacine alphaherpesvirus 1 subspecies/strain","unclassified Macacine alphaherpesvirus 1 strain","NGS_NC_T",350560
"KY628970.1",157321,150,0,0.002958561,0,"Macacine alphaherpesvirus 1 isolate KQ, complete genome",10325,"Viruses","Peploviricota","Herviviricetes","Herpesvirales","Herpesviridae","Simplexvirus","Macacine alphaherpesvirus 1","unclassified Macacine alphaherpesvirus 1 subspecies/strain","unclassified Macacine alphaherpesvirus 1 strain","NGS_NC_T",350560
"MT862163.1",131245,277,0,0.07808841,0,"Bovine alphaherpesvirus 2 strain C1Z FZR",10295,"Viruses","Peploviricota","Herviviricetes","Herpesvirales","Herpesviridae","Simplexvirus","Bovine alphaherpesvirus 2","unclassified Bovine alphaherpesvirus 2 subspecies/strain","unclassified Bovine alphaherpesvirus 2 strain","NGS_NC_T",350560
"LS480640.1",155503,638,3,0.004782656,0.0550326,"Human alphaherpesvirus 2 isolate 333 genome assembly, chromosome: I",10310,"Viruses","Peploviricota","Herviviricetes","Herpesvirales","Herpesviridae","Simplexvirus","Human alphaherpesvirus 2","unclassified Human alphaherpesvirus 2 subspecies/strain","unclassified Human alphaherpesvirus 2 strain","NGS_NC_T",350560
"MF678601.1",144144,276,1,0.06350265,0.0197898,"Beluga whale alphaherpesvirus 1 strain LN3131-1",1434720,"Viruses","Peploviricota","Herviviricetes","Herpesvirales","Herpesviridae","Varicellovirus","Monodontid alphaherpesvirus 1","Beluga whale alphaherpesvirus 1","Beluga whale alphaherpesvirus 1","NGS_NC_T",350560
"MG989243.1",134617,255,0,0.05953877,0,"Caprine alphaherpesvirus 1 strain JSHA1405",39944,"Viruses","Peploviricota","Herviviricetes","Herpesvirales","Herpesviridae","Varicellovirus","Caprine alphaherpesvirus 1","unclassified Caprine alphaherpesvirus 1 subspecies/strain","unclassified Caprine alphaherpesvirus 1 strain","NGS_NC_T",350560
