"accession","reference_length","covered_bases","reads_aligned","mean_coverage","RPKMF","sequence_name","taxid","kingdom","phylum","class","order","family","genus","species","subspecies","strain","sample_ID","total_filtered_reads_in_sample"
"JX017384.1",7412,150,1,0.020655466,0.369202,"Human enterovirus 71 isolate 01011Y, complete genome",39054,"Viruses","Pisuviricota","Pisoniviricetes","Picornavirales","Picornaviridae","Enterovirus","Enterovirus A","Enterovirus A71","Enterovirus A71","NC_QCMD",365427
"KT280503.1",7332,134,1,0.018657755,0.37323,"Enterovirus D68 isolate 2011-21186, complete genome",42789,"Viruses","Pisuviricota","Pisoniviricetes","Picornavirales","Picornaviridae","Enterovirus","Enterovirus D","enterovirus D68","enterovirus D68","NC_QCMD",365427
"GU191019.1",34177,489,3,0.014370941,0.240208,"Human adenovirus 18 isolate D.C., complete genome",10528,"Viruses","Preplasmiviricota","Tectiliviricetes","Rowavirales","Adenoviridae","Mastadenovirus","Human mastadenovirus A","Human adenovirus 18","Human adenovirus 18","NC_QCMD",365427
"AC_000007.1",35937,724,1053,4.4088354,80.1837,"Human adenovirus 2, complete genome",10515,"Viruses","Preplasmiviricota","Tectiliviricetes","Rowavirales","Adenoviridae","Mastadenovirus","Human mastadenovirus C","Human adenovirus 2","Human adenovirus 2","NC_QCMD",365427
"NC_001611.1",185578,3392,25,0.019419936,0.368649,"Variola virus, complete genome",10255,"Viruses","Nucleocytoviricota","Pokkesviricetes","Chitovirales","Poxviridae","Orthopoxvirus","Variola virus","unclassified Variola virus subspecies/strain","unclassified Variola virus strain","NC_QCMD",365427
"NC_003266.2",35994,538,4,0.015009485,0.304109,"Human adenovirus E, complete genome",130308,"Viruses","Preplasmiviricota","Tectiliviricetes","Rowavirales","Adenoviridae","Mastadenovirus","Human mastadenovirus E","unclassified Human mastadenovirus E subspecies/strain","unclassified Human mastadenovirus E strain","NC_QCMD",365427
"NC_006998.1",194711,5472,37,0.028587434,0.520009,"Vaccinia virus, complete genome",10245,"Viruses","Nucleocytoviricota","Pokkesviricetes","Chitovirales","Poxviridae","Orthopoxvirus","Vaccinia virus","unclassified Vaccinia virus subspecies/strain","unclassified Vaccinia virus strain","NC_QCMD",365427
"NC_003663.2",224499,24634,184,0.1318838,2.24286,"Cowpox virus, complete genome",10243,"Viruses","Nucleocytoviricota","Pokkesviricetes","Chitovirales","Poxviridae","Orthopoxvirus","Cowpox virus","unclassified Cowpox virus subspecies/strain","unclassified Cowpox virus strain","NC_QCMD",365427
"NC_003310.1",196858,21477,165,0.1273817,2.29367,"Monkeypox virus Zaire-96-I-16, complete genome",10244,"Viruses","Nucleocytoviricota","Pokkesviricetes","Chitovirales","Poxviridae","Orthopoxvirus","Monkeypox virus","unclassified Monkeypox virus subspecies/strain","unclassified Monkeypox virus strain","NC_QCMD",365427
"AY484669.1",197731,4668,33,0.025058078,0.456708,"Rabbitpox virus, complete genome",32606,"Viruses","Nucleocytoviricota","Pokkesviricetes","Chitovirales","Poxviridae","Orthopoxvirus","Vaccinia virus","Rabbitpox virus","Rabbitpox virus","NC_QCMD",365427
"NC_012564.1",5242,150,1,0.029457973,0.522038,"Human bocavirus 3, complete genome",638313,"Viruses","Cossaviricota","Quintoviricetes","Piccovirales","Parvoviridae","Bocaparvovirus","Primate bocaparvovirus 1","Human bocavirus 3","Human bocavirus 3","NC_QCMD",365427
"NC_012042.1",5196,337,4,0.11078081,2.10664,"Human bocavirus 2c PK isolate PK-5510, complete genome",1511882,"Viruses","Cossaviricota","Quintoviricetes","Piccovirales","Parvoviridae","Bocaparvovirus","Primate bocaparvovirus 2","Human bocavirus 2c PK","Human bocavirus 2c PK","NC_QCMD",365427
"AC090446.27",170275,232,1,0.0033622338,0.0160712,"Baboon cytomegalovirus OCOM4-37 clone bacmv, WORKING DRAFT SEQUENCE, 22 unordered pieces",153301,"Viruses","Peploviricota","Herviviricetes","Herpesvirales","Herpesviridae","Cytomegalovirus","Papiine betaherpesvirus 3","Baboon cytomegalovirus OCOM4-37","Baboon cytomegalovirus OCOM4-37","NC_QCMD",365427
"AF043303.1",4679,1538,19,0.5725326,11.1122,"Adeno-associated virus 2, complete genome",10804,"Viruses","Cossaviricota","Quintoviricetes","Piccovirales","Parvoviridae","Dependoparvovirus","Adeno-associated dependoparvovirus A","adeno-associated virus 2","adeno-associated virus 2","NC_QCMD",365427
"AF063497.1",4718,150,1,0.032837126,0.580018,"Adeno-associated virus 1, complete genome",85106,"Viruses","Cossaviricota","Quintoviricetes","Piccovirales","Parvoviridae","Dependoparvovirus","Adeno-associated dependoparvovirus A","Adeno-associated virus - 1","Adeno-associated virus - 1","NC_QCMD",365427
"AF109397.1",1768,280,2,0.17305315,3.09562,"Bovine circovirus, complete genome",85542,"Viruses","Cressdnaviricota","Arfiviricetes","Cirlivirales","Circoviridae","Circovirus","Porcine circovirus 2","Bovine circovirus","Bovine circovirus","NC_QCMD",365427
"AF513851.1",4721,139,1,0.030409101,0.579649,"Adeno-associated virus 7 nonstructural protein and capsid protein genes, complete cds",202812,"Viruses","Cossaviricota","Quintoviricetes","Piccovirales","Parvoviridae","Dependoparvovirus","Adeno-associated dependoparvovirus A","Adeno-associated virus - 7","Adeno-associated virus - 7","NC_QCMD",365427
"AF513852.1",4393,222,4,0.13386755,2.49171,"Adeno-associated virus 8 nonstructural protein and capsid protein genes, complete cds",202813,"Viruses","Cossaviricota","Quintoviricetes","Piccovirales","Parvoviridae","Dependoparvovirus","Adeno-associated dependoparvovirus A","Adeno-associated virus - 8","Adeno-associated virus - 8","NC_QCMD",365427
"AF536531.1",9812,432,135,2.0867314,37.6509,"Aphid lethal paralysis virus, complete genome",209529,"Viruses","Pisuviricota","Pisoniviricetes","Picornavirales","Dicistroviridae","Cripavirus","Aphid lethal paralysis virus","unclassified Aphid lethal paralysis virus subspecies/strain","unclassified Aphid lethal paralysis virus strain","NC_QCMD",365427
"D10032.1",8507,150,1,0.017949024,0.321679,"Baboon endogenous virus strain M7 proviral DNA, complete genome",11764,"Viruses","Artverviricota","Revtraviricetes","Ortervirales","Retroviridae","Gammaretrovirus","Baboon endogenous virus","Baboon endogenous virus strain M7","Baboon endogenous virus strain M7","NC_QCMD",365427
"FJ025902.1",37820,2219,15,0.05834882,1.08535,"Simian adenovirus 42.2, complete genome",585098,"Viruses","Preplasmiviricota","Tectiliviricetes","Rowavirales","Adenoviridae","Mastadenovirus","Human mastadenovirus C","Simian adenovirus 42.2","Simian adenovirus 42.2","NC_QCMD",365427
"FJ025904.1",37860,351,2,0.009307876,0.14456,"Simian adenovirus 31.2, complete genome",585088,"Viruses","Preplasmiviricota","Tectiliviricetes","Rowavirales","Adenoviridae","Mastadenovirus","Human mastadenovirus C","Simian adenovirus 31.2","Simian adenovirus 31.2","NC_QCMD",365427
"FJ025921.1",36635,2252,17,0.06838427,1.26985,"Simian adenovirus 37.1, complete genome",585091,"Viruses","Preplasmiviricota","Tectiliviricetes","Rowavirales","Adenoviridae","Mastadenovirus","Human mastadenovirus E","Simian adenovirus 37.1","Simian adenovirus 37.1","NC_QCMD",365427
"FN824512.2",45480,137,0,0.07198323,0,"Pigeon adenovirus 1 complete genome, strain IDA4",764030,"Viruses","Preplasmiviricota","Tectiliviricetes","Rowavirales","Adenoviridae","Aviadenovirus","Pigeon aviadenovirus A","Pigeon adenovirus 1","Pigeon adenovirus 1","NC_QCMD",365427
"HM145750.1",4944,150,1,0.03128911,0.553504,"Bocavirus gorilla/GBoV1/2009, complete genome",864686,"Viruses","Cossaviricota","Quintoviricetes","Piccovirales","Parvoviridae","Bocaparvovirus","Primate bocaparvovirus 1","Bocavirus gorilla/GBoV1/2009","Bocavirus gorilla/GBoV1/2009","NC_QCMD",365427
"JF304767.1",7664,120,541,13.007586,193.171,"Saimiri sciureus papillomavirus type 3 isolate Mac2167.2, complete genome",990306,"Viruses","Cossaviricota","Papovaviricetes","Zurhausenvirales","Papillomaviridae","Dyoomikronpapillomavirus","Dyoomikronpapillomavirus 1","Saimiri sciureus papillomavirus 3","Saimiri sciureus papillomavirus 3","NC_QCMD",365427
"JN254802.1",36711,2024,15,0.06173245,1.11814,"Chimpanzee adenovirus Y25, complete genome",1123958,"Viruses","Preplasmiviricota","Tectiliviricetes","Rowavirales","Adenoviridae","Mastadenovirus","Human mastadenovirus E","Chimpanzee adenovirus Y25","Chimpanzee adenovirus Y25","NC_QCMD",365427
"KC617868.1",3780,403,257,8.769973,186.055,"Parvovirus NIH-CQV putative 15-kDa protein, putative replication associated protein (rep), and putative capsid protein (cap) genes, complete cds",1341019,"Viruses","Cossaviricota","Quintoviricetes","Piccovirales","Parvoviridae","unclassified Parvoviridae genus","Parvovirus NIH-CQV","unclassified Parvovirus NIH-CQV subspecies/strain","unclassified Parvovirus NIH-CQV strain","NC_QCMD",365427
"KC802221.1",15696,607,4,0.039045412,0.697381,"Phocine distemper virus strain PDV/Wadden_Sea.NLD/1988, complete genome",11240,"Viruses","Negarnaviricota","Monjiviricetes","Mononegavirales","Paramyxoviridae","Morbillivirus","Phocine morbillivirus","unclassified Phocine morbillivirus subspecies/strain","unclassified Phocine morbillivirus strain","NC_QCMD",365427
"KF360047.1",34163,7376,60,0.2631347,4.80612,"UNVERIFIED: Simian adenovirus ch1 isolate SAdV-ch1 genomic sequence",1509400,"Viruses","Preplasmiviricota","Tectiliviricetes","Rowavirales","Adenoviridae","Mastadenovirus","Human mastadenovirus A","Simian adenovirus ch1","Simian adenovirus ch1","NC_QCMD",365427
"KF703446.1",127320,621,5,0.014924903,0.107466,"Retroperitoneal fibromatosis-associated herpesvirus isolate RFHVMnM78114, complete genome",111469,"Viruses","Peploviricota","Herviviricetes","Herpesvirales","Herpesviridae","Rhadinovirus","Macacine gammaherpesvirus 8","Retroperitoneal fibromatosis-associated herpesvirus","Retroperitoneal fibromatosis-associated herpesvirus","NC_QCMD",365427
"KJ541759.1",33452,210,32,0.14329469,2.61774,"Ball python nidovirus strain 07-53, complete genome",1986118,"Viruses","Pisuviricota","Pisoniviricetes","Nidovirales","Tobaniviridae","Pregotovirus","Ball python nidovirus 1","unclassified Ball python nidovirus 1 subspecies/strain","unclassified Ball python nidovirus 1 strain","NC_QCMD",365427
"KM269482.1",7875,138,1,0.024336569,0.347495,"Encephalomyocarditis virus strain ATCC VR-129B, complete genome",12104,"Viruses","Pisuviricota","Pisoniviricetes","Picornavirales","Picornaviridae","Cardiovirus","Cardiovirus A","Encephalomyocarditis virus","Encephalomyocarditis virus","NC_QCMD",365427
"KM972720.1",4467,106,4,0.037989344,2.45044,"Tete virus strain SaAn 3518 glycoprotein precursor, gene, complete cds",35319,"Viruses","Negarnaviricota","Ellioviricetes","Bunyavirales","Peribunyaviridae","Orthobunyavirus","Tete orthobunyavirus","unclassified Tete orthobunyavirus subspecies/strain","unclassified Tete orthobunyavirus strain","NC_QCMD",365427
"KR135164.1",43842,119,1,0.0062482837,0.0624179,"Duck adenovirus 2 strain CH-GD-12-2014, complete genome",1520006,"Viruses","Preplasmiviricota","Tectiliviricetes","Rowavirales","Adenoviridae","Aviadenovirus","Duck aviadenovirus B","Duck adenovirus 2","Duck adenovirus 2","NC_QCMD",365427
"KT149397.1",2985,2364,3486,172.76155,3195.82,"Circovirus-like genome DCCV-4, complete genome",1788444,"Viruses","Cressdnaviricota","Arfiviricetes","Cirlivirales","Circoviridae","unclassified Circoviridae genus","Circovirus-like genome DCCV-4","unclassified Circovirus-like genome DCCV-4 subspecies/strain","unclassified Circovirus-like genome DCCV-4 strain","NC_QCMD",365427
"KT149406.1",2433,1825,849,58.483135,954.916,"Circovirus-like genome DCCV-13, complete genome",1788441,"Viruses","Cressdnaviricota","Arfiviricetes","Cirlivirales","Circoviridae","unclassified Circoviridae genus","Circovirus-like genome DCCV-13","unclassified Circovirus-like genome DCCV-13 subspecies/strain","unclassified Circovirus-like genome DCCV-13 strain","NC_QCMD",365427
"KU315178.1",5813,147,1,0.025957974,0.470759,"Pepo aphid-borne yellows virus isolate RSA BB Marrow, complete genome",1462681,"Viruses","Pisuviricota","Pisoniviricetes","Sobelivirales","Solemoviridae","Polerovirus","Pepo aphid-borne yellows virus","unclassified Pepo aphid-borne yellows virus subspecies/strain","unclassified Pepo aphid-borne yellows virus strain","NC_QCMD",365427
"KU351741.1",137448,194,2,0.11603228,0.0398191,"Macaca nemestrina herpesvirus 7, complete genome",1846169,"Viruses","Peploviricota","Herviviricetes","Herpesvirales","Herpesviridae","Roseolovirus","Macacine betaherpesvirus 9","Macaca nemestrina herpesvirus 7","Macaca nemestrina herpesvirus 7","NC_QCMD",365427
"KU727766.1",5166,215,9,0.24222489,4.76746,"Parus major densovirus isolate PmDNV-JL, complete genome",1907771,"Viruses","Cossaviricota","Quintoviricetes","Piccovirales","Parvoviridae","unclassified Parvoviridae genus","Parus major densovirus","unclassified Parus major densovirus subspecies/strain","unclassified Parus major densovirus strain","NC_QCMD",365427
"KU936049.1",137452,1501,25,0.33165577,0.497724,"Bubaline alphaherpesvirus 1 strain b6, complete genome",202910,"Viruses","Peploviricota","Herviviricetes","Herpesvirales","Herpesviridae","Varicellovirus","Bubaline alphaherpesvirus 1","unclassified Bubaline alphaherpesvirus 1 subspecies/strain","unclassified Bubaline alphaherpesvirus 1 strain","NC_QCMD",365427
"KY040274.1",192183,165,0,0.12056261,0,"Molluscum contagiosum virus subtype 2 isolate Madrid 2016_1, complete genome",10281,"Viruses","Nucleocytoviricota","Pokkesviricetes","Chitovirales","Poxviridae","Molluscipoxvirus","Molluscum contagiosum virus","Molluscum contagiosum virus subtype 2","Molluscum contagiosum virus subtype 2","NC_QCMD",365427
"KY040275.1",188253,521,1,0.07280586,0.0145364,"Molluscum contagiosum virus subtype 1 isolate Madrid 2016_3, complete genome",10280,"Viruses","Nucleocytoviricota","Pokkesviricetes","Chitovirales","Poxviridae","Molluscipoxvirus","Molluscum contagiosum virus","Molluscum contagiosum virus subtype 1","Molluscum contagiosum virus subtype 1","NC_QCMD",365427
"KY215944.1",135301,282,0,0.11057262,0,"Bovine alphaherpesvirus 1 isolate 216 II, complete genome",10320,"Viruses","Peploviricota","Herviviricetes","Herpesvirales","Herpesviridae","Varicellovirus","Bovine alphaherpesvirus 1","unclassified Bovine alphaherpesvirus 1 subspecies/strain","unclassified Bovine alphaherpesvirus 1 strain","NC_QCMD",365427
"KY385637.1",147346,282,4,1.1576605,0.0742884,"Ateline alphaherpesvirus 1 isolate Lennette, complete genome",35243,"Viruses","Peploviricota","Herviviricetes","Herpesvirales","Herpesviridae","Simplexvirus","Ateline alphaherpesvirus 1","unclassified Ateline alphaherpesvirus 1 subspecies/strain","unclassified Ateline alphaherpesvirus 1 strain","NC_QCMD",365427
"KY490071.1",235397,699,5,0.002971345,0.0581257,"Human betaherpesvirus 5 strain HANChild1, complete genome",10359,"Viruses","Peploviricota","Herviviricetes","Herpesvirales","Herpesviridae","Cytomegalovirus","Human betaherpesvirus 5","unclassified Human betaherpesvirus 5 subspecies/strain","unclassified Human betaherpesvirus 5 strain","NC_QCMD",365427
"KY549446.1",137712,352,67,1.0427953,1.33138,"Bovine alphaherpesvirus 5 strain ISO 97/45, complete genome",35244,"Viruses","Peploviricota","Herviviricetes","Herpesvirales","Herpesviridae","Varicellovirus","Bovine alphaherpesvirus 5","unclassified Bovine alphaherpesvirus 5 subspecies/strain","unclassified Bovine alphaherpesvirus 5 strain","NC_QCMD",365427
"KY581736.1",4872,131,1,0.027742483,0.561684,"Gorilla bocaparvovirus 2 isolate GBOV2/GAB1, partial genome",1986196,"Viruses","Cossaviricota","Quintoviricetes","Piccovirales","Parvoviridae","Bocaparvovirus","Primate bocaparvovirus 2","Gorilla bocaparvovirus 2","Gorilla bocaparvovirus 2","NC_QCMD",365427
"KY628971.1",155462,454,127,0.10679149,2.23552,"Macacine alphaherpesvirus 1 isolate 12930, complete genome",10325,"Viruses","Peploviricota","Herviviricetes","Herpesvirales","Herpesviridae","Simplexvirus","Macacine alphaherpesvirus 1","unclassified Macacine alphaherpesvirus 1 subspecies/strain","unclassified Macacine alphaherpesvirus 1 strain","NC_QCMD",365427
"L23427.1",5075,150,1,0.030456852,0.539217,"Porcine parvovirus (NADL-2) DNA fragment encoding PT4 and PT40",10796,"Viruses","Cossaviricota","Quintoviricetes","Piccovirales","Parvoviridae","Protoparvovirus","Ungulate protoparvovirus 1","Porcine parvovirus","Porcine parvovirus","NC_QCMD",365427
"LC075584.1",144636,106,0,0.000968952,0,"Equid alphaherpesvirus 4 DNA, complete genome, strain: 01-10-1",10331,"Viruses","Peploviricota","Herviviricetes","Herpesvirales","Herpesviridae","Varicellovirus","Equid alphaherpesvirus 4","unclassified Equid alphaherpesvirus 4 subspecies/strain","unclassified Equid alphaherpesvirus 4 strain","NC_QCMD",365427
"LR027540.1",7398,120,1,0.01655629,0.369901,"Coxsackievirus A7 isolate CV-A7|37183|TKM|2010 genome assembly, complete genome: monopartite",42787,"Viruses","Pisuviricota","Pisoniviricetes","Picornavirales","Picornaviridae","Enterovirus","Enterovirus A","Coxsackievirus A7","Coxsackievirus A7","NC_QCMD",365427
"LT797627.1",138912,326,2,0.0023493464,0.0393994,"Human herpesvirus 2 isolate 1 genome assembly, complete genome: monopartite",10310,"Viruses","Peploviricota","Herviviricetes","Herpesvirales","Herpesviridae","Simplexvirus","Human alphaherpesvirus 2","unclassified Human alphaherpesvirus 2 subspecies/strain","unclassified Human alphaherpesvirus 2 strain","NC_QCMD",365427
"MF327573.1",2745,142,33,1.8023121,32.8981,"Giant panda circovirus 1 strain gpci001, complete genome",2016456,"Viruses","Cressdnaviricota","Arfiviricetes","Cirlivirales","Circoviridae","Circovirus","Giant panda circovirus 1","unclassified Giant panda circovirus 1 subspecies/strain","unclassified Giant panda circovirus 1 strain","NC_QCMD",365427
"MH036942.1",138199,264,68,0.082528666,1.34649,"Cervid alphaherpesvirus 1 strain Anlier, complete genome",79891,"Viruses","Peploviricota","Herviviricetes","Herpesvirales","Herpesviridae","Varicellovirus","Cervid alphaherpesvirus 1","unclassified Cervid alphaherpesvirus 1 subspecies/strain","unclassified Cervid alphaherpesvirus 1 strain","NC_QCMD",365427
"MH036943.1",142633,654,3,0.028606921,0.0575573,"Cervid alphaherpesvirus 2 strain Norway, complete genome",365327,"Viruses","Peploviricota","Herviviricetes","Herpesvirales","Herpesviridae","Varicellovirus","Cervid alphaherpesvirus 2","unclassified Cervid alphaherpesvirus 2 subspecies/strain","unclassified Cervid alphaherpesvirus 2 strain","NC_QCMD",365427
"MH698402.1",162076,1522,114,0.09922434,1.9248,"Human betaherpesvirus 6B strain GTEX-OXRO_icihv6b, complete genome",32604,"Viruses","Peploviricota","Herviviricetes","Herpesvirales","Herpesviridae","Roseolovirus","Human betaherpesvirus 6B","unclassified Human betaherpesvirus 6B subspecies/strain","unclassified Human betaherpesvirus 6B strain","NC_QCMD",365427
"MN205539.1",137429,244,5,0.0062136236,0.0995614,"UNVERIFIED: Human gammaherpesvirus 8 strain BCBL-1, complete genome",37296,"Viruses","Peploviricota","Herviviricetes","Herpesvirales","Herpesviridae","Rhadinovirus","Human gammaherpesvirus 8","unclassified Human gammaherpesvirus 8 subspecies/strain","unclassified Human gammaherpesvirus 8 strain","NC_QCMD",365427
"MN240300.1",210797,349,2,0.011773251,0.0259636,"Alaskapox virus isolate Alaska_2015, complete genome",2602439,"Viruses","Nucleocytoviricota","Pokkesviricetes","Chitovirales","Poxviridae","Orthopoxvirus","Alaskapox virus","unclassified Alaskapox virus subspecies/strain","unclassified Alaskapox virus strain","NC_QCMD",365427
"MN244297.1",221153,1860,12,0.009194445,0.148487,"Akhmeta virus strain A39, complete genome",2200830,"Viruses","Nucleocytoviricota","Pokkesviricetes","Chitovirales","Poxviridae","Orthopoxvirus","Akhmeta virus","unclassified Akhmeta virus subspecies/strain","unclassified Akhmeta virus strain","NC_QCMD",365427
"NC_001491.2",150224,229,19,0.012873649,0.34611,"Equid herpesvirus 1, complete genome",10326,"Viruses","Peploviricota","Herviviricetes","Herpesvirales","Herpesviridae","Varicellovirus","Equid alphaherpesvirus 1","unclassified Equid alphaherpesvirus 1 subspecies/strain","unclassified Equid alphaherpesvirus 1 strain","NC_QCMD",365427
"NC_001664.4",159378,678,58,0.051423118,0.995862,"Human betaherpesvirus 6A, variant A DNA, complete virion genome, isolate U1102",32603,"Viruses","Peploviricota","Herviviricetes","Herpesvirales","Herpesviridae","Roseolovirus","Human betaherpesvirus 6A","unclassified Human betaherpesvirus 6A subspecies/strain","unclassified Human betaherpesvirus 6A strain","NC_QCMD",365427
"NC_001987.1",108409,168,10,0.012285353,0.252426,"Ateline herpesvirus 3 complete genome",85618,"Viruses","Peploviricota","Herviviricetes","Herpesvirales","Herpesviridae","Rhadinovirus","Ateline gammaherpesvirus 3","unclassified Ateline gammaherpesvirus 3 subspecies/strain","unclassified Ateline gammaherpesvirus 3 strain","NC_QCMD",365427
"NC_006151.1",143461,163,0,0.0013746328,0,"Suid herpesvirus 1, complete genome",10345,"Viruses","Peploviricota","Herviviricetes","Herpesvirales","Herpesviridae","Varicellovirus","Suid alphaherpesvirus 1","unclassified Suid alphaherpesvirus 1 subspecies/strain","unclassified Suid alphaherpesvirus 1 strain","NC_QCMD",365427
"NC_006560.1",150715,684,3,0.44822502,0.0544708,"Cercopithecine herpesvirus 2, complete genome",10317,"Viruses","Peploviricota","Herviviricetes","Herpesvirales","Herpesviridae","Simplexvirus","Cercopithecine alphaherpesvirus 2","unclassified Cercopithecine alphaherpesvirus 2 subspecies/strain","unclassified Cercopithecine alphaherpesvirus 2 strain","NC_QCMD",365427
"NC_007653.1",156487,911,33,0.027920455,0.577079,"Papiine herpesvirus 2, complete genome",340907,"Viruses","Peploviricota","Herviviricetes","Herpesvirales","Herpesviridae","Simplexvirus","Papiine alphaherpesvirus 2","unclassified Papiine alphaherpesvirus 2 subspecies/strain","unclassified Papiine alphaherpesvirus 2 strain","NC_QCMD",365427
"NC_012783.2",226205,154,0,0.014545132,0,"Cercopithecine herpesvirus 5 strain 2715, complete genome",50292,"Viruses","Peploviricota","Herviviricetes","Herpesvirales","Herpesviridae","Cytomegalovirus","Cercopithecine betaherpesvirus 5","unclassified Cercopithecine betaherpesvirus 5 subspecies/strain","unclassified Cercopithecine betaherpesvirus 5 strain","NC_QCMD",365427
"NC_014567.1",156742,431,2,0.14010294,0.0349176,"Saimiriine herpesvirus 1, complete genome",10353,"Viruses","Peploviricota","Herviviricetes","Herpesvirales","Herpesviridae","Simplexvirus","Saimiriine alphaherpesvirus 1","unclassified Saimiriine alphaherpesvirus 1 subspecies/strain","unclassified Saimiriine alphaherpesvirus 1 strain","NC_QCMD",365427
"NC_023677.1",153158,126,6,0.84432185,0.107204,"Chimpanzee alpha-1 herpesvirus strain 105640, complete genome",332937,"Viruses","Peploviricota","Herviviricetes","Herpesvirales","Herpesviridae","Simplexvirus","Panine alphaherpesvirus 3","Chimpanzee herpesvirus strain 105640","Chimpanzee herpesvirus strain 105640","NC_QCMD",365427
"U48704.1",4726,378,2,0.072770976,1.15807,"Adeno-associated virus 3 nonstructural protein and capsid protein genes, complete cds, and complete genome",46350,"Viruses","Cossaviricota","Quintoviricetes","Piccovirales","Parvoviridae","Dependoparvovirus","Adeno-associated dependoparvovirus A","Adeno-associated virus - 3","Adeno-associated virus - 3","NC_QCMD",365427
"U89790.1",4767,149,1,0.032272037,0.574056,"Adeno-associated virus 4, complete genome",57579,"Viruses","Cossaviricota","Quintoviricetes","Piccovirales","Parvoviridae","Dependoparvovirus","Adeno-associated dependoparvovirus A","Adeno-associated virus - 4","Adeno-associated virus - 4","NC_QCMD",365427
"X83110.1",5722,150,1,0.026920317,0.478246,"Beet mild yellowing virus genomic RNA",156690,"Viruses","Pisuviricota","Pisoniviricetes","Sobelivirales","Solemoviridae","Polerovirus","Beet mild yellowing virus","unclassified Beet mild yellowing virus subspecies/strain","unclassified Beet mild yellowing virus strain","NC_QCMD",365427
"MF588677.1",7550,127,1,0.017162163,0.362454,"Betapapillomavirus 1 isolate Beta01_HIVGc36, complete genome",337051,"Viruses","Cossaviricota","Papovaviricetes","Zurhausenvirales","Papillomaviridae","Betapapillomavirus","Betapapillomavirus 1","unclassified Betapapillomavirus 1 subspecies/strain","unclassified Betapapillomavirus 1 strain","NC_QCMD",365427
"AF530576.1",9017,121,1,0.013646103,0.303485,"HIV-1 isolate 99TH.R2399 subtype CRF15_01B from Thailand, complete genome",11676,"Viruses","Artverviricota","Revtraviricetes","Ortervirales","Retroviridae","Lentivirus","Human immunodeficiency virus 1","unclassified Human immunodeficiency virus 1 subspecies/strain","unclassified Human immunodeficiency virus 1 strain","NC_QCMD",365427
"M17451.1",9128,141,1,0.012474938,0.299795,"Human immunodeficiency virus type 1, isolate RF (HAT-3), complete genome",11676,"Viruses","Artverviricota","Revtraviricetes","Ortervirales","Retroviridae","Lentivirus","Human immunodeficiency virus 1","unclassified Human immunodeficiency virus 1 subspecies/strain","unclassified Human immunodeficiency virus 1 strain","NC_QCMD",365427
"OM460002.1",220276,7037,48,0.034293994,0.596312,"Cowpox virus isolate No-H2, complete genome",10243,"Viruses","Nucleocytoviricota","Pokkesviricetes","Chitovirales","Poxviridae","Orthopoxvirus","Cowpox virus","unclassified Cowpox virus subspecies/strain","unclassified Cowpox virus strain","NC_QCMD",365427
"GQ329670.1",145289,228,1,0.41002762,0.018835,"Pseudocowpox virus strain VR634, complete genome",129726,"Viruses","Nucleocytoviricota","Pokkesviricetes","Chitovirales","Poxviridae","Parapoxvirus","Pseudocowpox virus","unclassified Pseudocowpox virus subspecies/strain","unclassified Pseudocowpox virus strain","NC_QCMD",365427
"KM875470.1",136055,228,51,0.1897649,1.02578,"Bovine papular stomatitis virus strain BV-TX09c15, complete genome",129727,"Viruses","Nucleocytoviricota","Pokkesviricetes","Chitovirales","Poxviridae","Parapoxvirus","Bovine papular stomatitis virus","unclassified Bovine papular stomatitis virus subspecies/strain","unclassified Bovine papular stomatitis virus strain","NC_QCMD",365427
"KY628968.1",157447,287,0,0.03266432,0,"Macacine alphaherpesvirus 1 isolate 8100812, complete genome",10325,"Viruses","Peploviricota","Herviviricetes","Herpesvirales","Herpesviridae","Simplexvirus","Macacine alphaherpesvirus 1","unclassified Macacine alphaherpesvirus 1 subspecies/strain","unclassified Macacine alphaherpesvirus 1 strain","NC_QCMD",365427
"KY628970.1",157321,257,1,0.014112018,0.0173945,"Macacine alphaherpesvirus 1 isolate KQ, complete genome",10325,"Viruses","Peploviricota","Herviviricetes","Herpesvirales","Herpesviridae","Simplexvirus","Macacine alphaherpesvirus 1","unclassified Macacine alphaherpesvirus 1 subspecies/strain","unclassified Macacine alphaherpesvirus 1 strain","NC_QCMD",365427
"MT862163.1",131245,209,10,0.09461841,0.208505,"Bovine alphaherpesvirus 2 strain C1Z FZR",10295,"Viruses","Peploviricota","Herviviricetes","Herpesvirales","Herpesviridae","Simplexvirus","Bovine alphaherpesvirus 2","unclassified Bovine alphaherpesvirus 2 subspecies/strain","unclassified Bovine alphaherpesvirus 2 strain","NC_QCMD",365427
"MT900475.1",141859,119,20,0.34903923,0.385809,"Macropodid alphaherpesvirus 2 strain V3077/08",83440,"Viruses","Peploviricota","Herviviricetes","Herpesvirales","Herpesviridae","Simplexvirus","Macropodid alphaherpesvirus 2","unclassified Macropodid alphaherpesvirus 2 subspecies/strain","unclassified Macropodid alphaherpesvirus 2 strain","NC_QCMD",365427
"LS480640.1",155503,1744,11,0.011882615,0.193577,"Human alphaherpesvirus 2 isolate 333 genome assembly, chromosome: I",10310,"Viruses","Peploviricota","Herviviricetes","Herpesvirales","Herpesviridae","Simplexvirus","Human alphaherpesvirus 2","unclassified Human alphaherpesvirus 2 subspecies/strain","unclassified Human alphaherpesvirus 2 strain","NC_QCMD",365427
"MG989243.1",134617,221,0,0.10346033,0,"Caprine alphaherpesvirus 1 strain JSHA1405",39944,"Viruses","Peploviricota","Herviviricetes","Herpesvirales","Herpesviridae","Varicellovirus","Caprine alphaherpesvirus 1","unclassified Caprine alphaherpesvirus 1 subspecies/strain","unclassified Caprine alphaherpesvirus 1 strain","NC_QCMD",365427
"KT280503.1",7332,2876,37,0.7308549,0.57357,"Enterovirus D68 isolate 2011-21186, complete genome",42789,"Viruses","Pisuviricota","Pisoniviricetes","Picornavirales","Picornaviridae","Enterovirus","Enterovirus D","enterovirus D68","enterovirus D68","QCMD2_Q2",8798185
"NC_004102.1",9646,118,1,0.12278854,0.0117831,"Hepatitis C virus genotype 1, complete genome",41856,"Viruses","Kitrinoviricota","Flasuviricetes","Amarillovirales","Flaviviridae","Hepacivirus","Hepacivirus C","Hepatitis C virus genotype 1","Hepatitis C virus genotype 1","QCMD2_Q2",8798185
"GU191019.1",34177,7531,92,0.41954917,0.305957,"Human adenovirus 18 isolate D.C., complete genome",10528,"Viruses","Preplasmiviricota","Tectiliviricetes","Rowavirales","Adenoviridae","Mastadenovirus","Human mastadenovirus A","Human adenovirus 18","Human adenovirus 18","QCMD2_Q2",8798185
"JN860680.1",35384,300,2,0.008514503,0.00642436,"Human adenovirus 16 strain E26, complete genome",31544,"Viruses","Preplasmiviricota","Tectiliviricetes","Rowavirales","Adenoviridae","Mastadenovirus","Human mastadenovirus B","Human adenovirus 16","Human adenovirus 16","QCMD2_Q2",8798185
"MF502426.1",35341,444,3,0.0137251,0.00964827,"Human adenovirus 21 isolate OHT-006, complete genome",32608,"Viruses","Preplasmiviricota","Tectiliviricetes","Rowavirales","Adenoviridae","Mastadenovirus","Human mastadenovirus B","Human adenovirus 21","Human adenovirus 21","QCMD2_Q2",8798185
"NC_001611.1",185578,27335,272,0.24463943,0.16659,"Variola virus, complete genome",10255,"Viruses","Nucleocytoviricota","Pokkesviricetes","Chitovirales","Poxviridae","Orthopoxvirus","Variola virus","unclassified Variola virus subspecies/strain","unclassified Variola virus strain","QCMD2_Q2",8798185
"JQ326209.1",35153,888,8,0.030883066,0.0258663,"Human adenovirus 19, complete genome",28278,"Viruses","Preplasmiviricota","Tectiliviricetes","Rowavirales","Adenoviridae","Mastadenovirus","Human mastadenovirus D","Human adenovirus 19","Human adenovirus 19","QCMD2_Q2",8798185
"NC_003266.2",35994,4049,50,0.2039951,0.157887,"Human adenovirus E, complete genome",130308,"Viruses","Preplasmiviricota","Tectiliviricetes","Rowavirales","Adenoviridae","Mastadenovirus","Human mastadenovirus E","unclassified Human mastadenovirus E subspecies/strain","unclassified Human mastadenovirus E strain","QCMD2_Q2",8798185
"NC_006998.1",194711,50500,546,0.42516744,0.31872,"Vaccinia virus, complete genome",10245,"Viruses","Nucleocytoviricota","Pokkesviricetes","Chitovirales","Poxviridae","Orthopoxvirus","Vaccinia virus","unclassified Vaccinia virus subspecies/strain","unclassified Vaccinia virus strain","QCMD2_Q2",8798185
"NC_003663.2",224499,159416,3019,1.9918208,1.52847,"Cowpox virus, complete genome",10243,"Viruses","Nucleocytoviricota","Pokkesviricetes","Chitovirales","Poxviridae","Orthopoxvirus","Cowpox virus","unclassified Cowpox virus subspecies/strain","unclassified Cowpox virus strain","QCMD2_Q2",8798185
"NC_003310.1",196858,147282,2415,1.8419638,1.39435,"Monkeypox virus Zaire-96-I-16, complete genome",10244,"Viruses","Nucleocytoviricota","Pokkesviricetes","Chitovirales","Poxviridae","Orthopoxvirus","Monkeypox virus","unclassified Monkeypox virus subspecies/strain","unclassified Monkeypox virus strain","QCMD2_Q2",8798185
"AY484669.1",197731,52296,531,0.4065978,0.30523,"Rabbitpox virus, complete genome",32606,"Viruses","Nucleocytoviricota","Pokkesviricetes","Chitovirales","Poxviridae","Orthopoxvirus","Vaccinia virus","Rabbitpox virus","Rabbitpox virus","QCMD2_Q2",8798185
"NC_012564.1",5242,2547,81,2.3152003,1.75628,"Human bocavirus 3, complete genome",638313,"Viruses","Cossaviricota","Quintoviricetes","Piccovirales","Parvoviridae","Bocaparvovirus","Primate bocaparvovirus 1","Human bocavirus 3","Human bocavirus 3","QCMD2_Q2",8798185
"NC_012042.1",5196,332,6,0.1672612,0.131247,"Human bocavirus 2c PK isolate PK-5510, complete genome",1511882,"Viruses","Cossaviricota","Quintoviricetes","Piccovirales","Parvoviridae","Bocaparvovirus","Primate bocaparvovirus 2","Human bocavirus 2c PK","Human bocavirus 2c PK","QCMD2_Q2",8798185
"NC_001802.1",9181,646,7,0.099103086,0.0866593,"Human immunodeficiency virus 1, complete genome",11676,"Viruses","Artverviricota","Revtraviricetes","Ortervirales","Retroviridae","Lentivirus","Human immunodeficiency virus 1","unclassified Human immunodeficiency virus 1 subspecies/strain","unclassified Human immunodeficiency virus 1 strain","QCMD2_Q2",8798185
"NC_026438.1",10878,150,1,0.013982103,0.0104486,"influenza A H1N1 all segments",641809,"Viruses","Negarnaviricota","Insthoviricetes","Articulavirales","Orthomyxoviridae","Alphainfluenzavirus","Influenza A virus","Influenza A virus (A/California/07/2009(H1N1))","Influenza A virus (A/California/07/2009(H1N1))","QCMD2_Q2",8798185
"NC_007373.1",11286,855,7,0.08710489,0.0704961,"influenza A H3N2 all segments",335341,"Viruses","Negarnaviricota","Insthoviricetes","Articulavirales","Orthomyxoviridae","Alphainfluenzavirus","Influenza A virus","Influenza A virus (A/New York/392/2004(H3N2))","Influenza A virus (A/New York/392/2004(H3N2))","QCMD2_Q2",8798185
"AB038630.1",2897,125,1,0.040043686,0.0392336,"Torque teno mini virus 3 DNA, complete genome, isolate: TLMV-NLC026",687371,"Viruses","unclassified Viruses phylum","unclassified Viruses class","unclassified Viruses order","Anelloviridae","Betatorquevirus","Torque teno mini virus 3","unclassified Torque teno mini virus 3 subspecies/strain","unclassified Torque teno mini virus 3 strain","QCMD2_Q2",8798185
"AB111964.2",8978,150,17,0.28885365,0.215217,"Bovine viral diarrhea virus 839cp gene for poryprotein, partai cds, strain: 839cp",233886,"Viruses","Kitrinoviricota","Flasuviricetes","Amarillovirales","Flaviviridae","Pestivirus","Pestivirus A","Bovine viral diarrhea virus 839cp","Bovine viral diarrhea virus 839cp","QCMD2_Q2",8798185
"AC090446.27",170275,346,547,0.43190008,0.365126,"Baboon cytomegalovirus OCOM4-37 clone bacmv, WORKING DRAFT SEQUENCE, 22 unordered pieces",153301,"Viruses","Peploviricota","Herviviricetes","Herpesvirales","Herpesviridae","Cytomegalovirus","Papiine betaherpesvirus 3","Baboon cytomegalovirus OCOM4-37","Baboon cytomegalovirus OCOM4-37","QCMD2_Q2",8798185
"AF033808.1",9392,407,53,0.74615884,0.641394,"Rous sarcoma virus, complete genome",11886,"Viruses","Artverviricota","Revtraviricetes","Ortervirales","Retroviridae","Alpharetrovirus","Rous sarcoma virus","unclassified Rous sarcoma virus subspecies/strain","unclassified Rous sarcoma virus strain","QCMD2_Q2",8798185
"AF033812.1",5894,369,8,0.2009053,0.154272,"Abelson murine leukemia virus, complete genome",11788,"Viruses","Artverviricota","Revtraviricetes","Ortervirales","Retroviridae","Gammaretrovirus","Abelson murine leukemia virus","unclassified Abelson murine leukemia virus subspecies/strain","unclassified Abelson murine leukemia virus strain","QCMD2_Q2",8798185
"AF033813.1",5833,130,4,0.09150097,0.0779426,"Moloney murine sarcoma virus, complete genome",11809,"Viruses","Artverviricota","Revtraviricetes","Ortervirales","Retroviridae","Gammaretrovirus","Moloney murine sarcoma virus","unclassified Moloney murine sarcoma virus subspecies/strain","unclassified Moloney murine sarcoma virus strain","QCMD2_Q2",8798185
"AF033814.1",3811,130,8,0.28407538,0.238593,"Murine osteosarcoma virus, complete genome",11830,"Viruses","Artverviricota","Revtraviricetes","Ortervirales","Retroviridae","Gammaretrovirus","Murine osteosarcoma virus","unclassified Murine osteosarcoma virus subspecies/strain","unclassified Murine osteosarcoma virus strain","QCMD2_Q2",8798185
"AF033815.1",8557,875,260,3.9041276,3.45349,"Mason-Pfizer monkey virus, complete genome",11855,"Viruses","Artverviricota","Revtraviricetes","Ortervirales","Retroviridae","Betaretrovirus","Mason-Pfizer monkey virus","unclassified Mason-Pfizer monkey virus subspecies/strain","unclassified Mason-Pfizer monkey virus strain","QCMD2_Q2",8798185
"AF033818.1",8419,380,62,1.5940259,0.837024,"Bovine leukemia virus complete genome",11901,"Viruses","Artverviricota","Revtraviricetes","Ortervirales","Retroviridae","Deltaretrovirus","Bovine leukemia virus","unclassified Bovine leukemia virus subspecies/strain","unclassified Bovine leukemia virus strain","QCMD2_Q2",8798185
"AF043303.1",4679,3193,248,7.8145285,6.02429,"Adeno-associated virus 2, complete genome",10804,"Viruses","Cossaviricota","Quintoviricetes","Piccovirales","Parvoviridae","Dependoparvovirus","Adeno-associated dependoparvovirus A","adeno-associated virus 2","adeno-associated virus 2","QCMD2_Q2",8798185
"AF063497.1",4718,1202,49,1.5641419,1.18044,"Adeno-associated virus 1, complete genome",85106,"Viruses","Cossaviricota","Quintoviricetes","Piccovirales","Parvoviridae","Dependoparvovirus","Adeno-associated dependoparvovirus A","Adeno-associated virus - 1","Adeno-associated virus - 1","QCMD2_Q2",8798185
"AF071879.1",1758,150,1,0.09328358,0.0646529,"Porcine circovirus 1, complete genome",133704,"Viruses","Cressdnaviricota","Arfiviricetes","Cirlivirales","Circoviridae","Circovirus","Porcine circovirus 1","unclassified Porcine circovirus 1 subspecies/strain","unclassified Porcine circovirus 1 strain","QCMD2_Q2",8798185
"AF109397.1",1768,997,19,1.7775031,1.22146,"Bovine circovirus, complete genome",85542,"Viruses","Cressdnaviricota","Arfiviricetes","Cirlivirales","Circoviridae","Circovirus","Porcine circovirus 2","Bovine circovirus","Bovine circovirus","QCMD2_Q2",8798185
"AF126467.1",8105,1508,2778,49.842613,38.9571,"Simian retrovirus 2, complete genome",39068,"Viruses","Artverviricota","Revtraviricetes","Ortervirales","Retroviridae","Betaretrovirus","Mason-Pfizer monkey virus","Simian retrovirus 2","Simian retrovirus 2","QCMD2_Q2",8798185
"AF144617.2",12602,169,12,0.13660456,0.10823,"Pestivirus giraffe-1 H138 complete genome",119222,"Viruses","Kitrinoviricota","Flasuviricetes","Amarillovirales","Flaviviridae","Pestivirus","Pestivirus G","Pestivirus giraffe-1 H138","Pestivirus giraffe-1 H138","QCMD2_Q2",8798185
"AF352024.1",5776,226,1,0.040170636,0.0196779,"Beet chlorosis virus isolate BChV-2a, complete genome",131082,"Viruses","Pisuviricota","Pisoniviricetes","Sobelivirales","Solemoviridae","Polerovirus","Beet chlorosis virus","unclassified Beet chlorosis virus subspecies/strain","unclassified Beet chlorosis virus strain","QCMD2_Q2",8798185
"AF406966.1",5610,1175,1543,45.02784,31.2615,"Bovine parvovirus 2 putative non-structural protein and putative capsid protein genes, complete cds",172296,"Viruses","Cossaviricota","Quintoviricetes","Piccovirales","Parvoviridae","Copiparvovirus","Ungulate copiparvovirus 1","Bovine parvovirus - 2","Bovine parvovirus - 2","QCMD2_Q2",8798185
"AF513851.1",4721,600,15,0.50339097,0.36113,"Adeno-associated virus 7 nonstructural protein and capsid protein genes, complete cds",202812,"Viruses","Cossaviricota","Quintoviricetes","Piccovirales","Parvoviridae","Dependoparvovirus","Adeno-associated dependoparvovirus A","Adeno-associated virus - 7","Adeno-associated virus - 7","QCMD2_Q2",8798185
"AY037928.1",9472,6984,362,5.443789,4.34384,"Human endogenous retrovirus K113 complete genome",166122,"Viruses","Artverviricota","Revtraviricetes","Ortervirales","Retroviridae","unclassified Retroviridae genus","Human endogenous retrovirus K","Human endogenous retrovirus K113","Human endogenous retrovirus K113","QCMD2_Q2",8798185
"AY695933.1",5723,433,3,0.080208145,0.0595805,"Carrot red leaf virus strain UK-1, complete genome",66200,"Viruses","Pisuviricota","Pisoniviricetes","Sobelivirales","Solemoviridae","Polerovirus","Carrot red leaf virus","unclassified Carrot red leaf virus subspecies/strain","unclassified Carrot red leaf virus strain","QCMD2_Q2",8798185
"CY086890.1",1410,150,1,0.11904762,0.0806098,"Influenza A virus (A/swine/North Carolina/226124/2010(H1N2)) neuraminidase (NA) gene, complete cds",991771,"Viruses","Negarnaviricota","Insthoviricetes","Articulavirales","Orthomyxoviridae","Alphainfluenzavirus","Influenza A virus","Influenza A virus (A/swine/North Carolina/226124/2010(H1N2))","Influenza A virus (A/swine/North Carolina/226124/2010(H1N2))","QCMD2_Q2",8798185
"CY187633.1",2311,129,2,0.05367885,0.0983642,"Influenza A virus (A/Houston/JMM_42/2012(H3N2)) polymerase PB2 (PB2) gene, complete cds",1383502,"Viruses","Negarnaviricota","Insthoviricetes","Articulavirales","Orthomyxoviridae","Alphainfluenzavirus","Influenza A virus","Influenza A virus (A/Houston/JMM_42/2012(H3N2))","Influenza A virus (A/Houston/JMM_42/2012(H3N2))","QCMD2_Q2",8798185
"D10032.1",8507,6923,73653,1300.7631,984.059,"Baboon endogenous virus strain M7 proviral DNA, complete genome",11764,"Viruses","Artverviricota","Revtraviricetes","Ortervirales","Retroviridae","Gammaretrovirus","Baboon endogenous virus","Baboon endogenous virus strain M7","Baboon endogenous virus strain M7","QCMD2_Q2",8798185
"EF538876.1",2454,133,1,0.043836806,0.0463161,"Torque teno midi virus 4 isolate 6PoSMA ORF2, ORF1, and ORF3 genes, complete cds",2065045,"Viruses","unclassified Viruses phylum","unclassified Viruses class","unclassified Viruses order","Anelloviridae","Gammatorquevirus","Torque teno midi virus 4","unclassified Torque teno midi virus 4 subspecies/strain","unclassified Torque teno midi virus 4 strain","QCMD2_Q2",8798185
"EU030001.1",8406,3063,439,8.819646,5.93584,"RD114 retrovirus isolate SC3C, complete genome",11834,"Viruses","Artverviricota","Revtraviricetes","Ortervirales","Retroviridae","Gammaretrovirus","RD114 retrovirus","unclassified RD114 retrovirus subspecies/strain","unclassified RD114 retrovirus strain","QCMD2_Q2",8798185
"FJ025900.1",37188,230,1,0.1772234,0.00305636,"Simian adenovirus 43, complete genome",585077,"Viruses","Preplasmiviricota","Tectiliviricetes","Rowavirales","Adenoviridae","Mastadenovirus","Human mastadenovirus C","Simian adenovirus 43","Simian adenovirus 43","QCMD2_Q2",8798185
"FJ025902.1",37820,16500,170,0.6764003,0.510898,"Simian adenovirus 42.2, complete genome",585098,"Viruses","Preplasmiviricota","Tectiliviricetes","Rowavirales","Adenoviridae","Mastadenovirus","Human mastadenovirus C","Simian adenovirus 42.2","Simian adenovirus 42.2","QCMD2_Q2",8798185
"FJ025908.1",35694,336,2,0.009453072,0.00636857,"Simian adenovirus 33, complete genome",585067,"Viruses","Preplasmiviricota","Tectiliviricetes","Rowavirales","Adenoviridae","Mastadenovirus","Human mastadenovirus B","Simian adenovirus 33","Simian adenovirus 33","QCMD2_Q2",8798185
"FJ025909.1",35592,435,2,0.012273573,0.00638682,"Simian adenovirus 27.1, complete genome",585083,"Viruses","Preplasmiviricota","Tectiliviricetes","Rowavirales","Adenoviridae","Mastadenovirus","Human mastadenovirus B","Simian adenovirus 27.1","Simian adenovirus 27.1","QCMD2_Q2",8798185
"FJ025910.1",35620,570,5,0.019650409,0.0159545,"Simian adenovirus 35.2, complete genome",585090,"Viruses","Preplasmiviricota","Tectiliviricetes","Rowavirales","Adenoviridae","Mastadenovirus","Human mastadenovirus B","Simian adenovirus 35.2","Simian adenovirus 35.2","QCMD2_Q2",8798185
"FJ025921.1",36635,11433,235,0.9195012,0.729086,"Simian adenovirus 37.1, complete genome",585091,"Viruses","Preplasmiviricota","Tectiliviricetes","Rowavirales","Adenoviridae","Mastadenovirus","Human mastadenovirus E","Simian adenovirus 37.1","Simian adenovirus 37.1","QCMD2_Q2",8798185
"FJ025927.1",35767,494,3,0.013869781,0.00953335,"Simian adenovirus 41.2, complete genome",585096,"Viruses","Preplasmiviricota","Tectiliviricetes","Rowavirales","Adenoviridae","Mastadenovirus","Human mastadenovirus B","Simian adenovirus 41.2","Simian adenovirus 41.2","QCMD2_Q2",8798185
"FJ655418.1",1767,562,6,0.51886207,0.385942,"Porcine circovirus type 1/2a isolate FMV08-1114252, complete genome",720569,"Viruses","Cressdnaviricota","Arfiviricetes","Cirlivirales","Circoviridae","Circovirus","Porcine circovirus type 1/2a","unclassified Porcine circovirus type 1/2a subspecies/strain","unclassified Porcine circovirus type 1/2a strain","QCMD2_Q2",8798185
"FJ971077.1",8126,808,290,6.51329,4.05628,"Simian retrovirus 4 strain SRV4/TEX/2009/V1, complete genome",723802,"Viruses","Artverviricota","Revtraviricetes","Ortervirales","Retroviridae","Betaretrovirus","Simian retrovirus 4","unclassified Simian retrovirus 4 subspecies/strain","unclassified Simian retrovirus 4 strain","QCMD2_Q2",8798185
"FN824512.2",45480,114,3,0.12669314,0.00749735,"Pigeon adenovirus 1 complete genome, strain IDA4",764030,"Viruses","Preplasmiviricota","Tectiliviricetes","Rowavirales","Adenoviridae","Aviadenovirus","Pigeon aviadenovirus A","Pigeon adenovirus 1","Pigeon adenovirus 1","QCMD2_Q2",8798185
"GQ387499.1",5905,1956,17,0.41407472,0.327217,"Porcine parvovirus 4 clone 17 replicase, ORF3, and capsid genes, complete cds",707546,"Viruses","Cossaviricota","Quintoviricetes","Piccovirales","Parvoviridae","Copiparvovirus","Ungulate copiparvovirus 2","Porcine parvovirus 4","Porcine parvovirus 4","QCMD2_Q2",8798185
"HM011560.1",4926,426,3,0.0741206,0.0692203,"Polyomavirus HPyV6 isolate 607a, complete genome",746830,"Viruses","Cossaviricota","Papovaviricetes","Sepolyvirales","Polyomaviridae","Deltapolyomavirus","Deltapolyomavirus sextihominis","Human polyomavirus 6","Human polyomavirus 6","QCMD2_Q2",8798185
"HM145750.1",4944,782,10,0.27930745,0.229894,"Bocavirus gorilla/GBoV1/2009, complete genome",864686,"Viruses","Cossaviricota","Quintoviricetes","Piccovirales","Parvoviridae","Bocaparvovirus","Primate bocaparvovirus 1","Bocavirus gorilla/GBoV1/2009","Bocavirus gorilla/GBoV1/2009","QCMD2_Q2",8798185
"HQ388348.2",5666,835,9,0.22570704,0.18054,"Brassica yellows virus isolate BrYV-ABJ, complete genome",1046403,"Viruses","Pisuviricota","Pisoniviricetes","Sobelivirales","Solemoviridae","Polerovirus","Turnip yellows virus","Brassica yellows virus","Brassica yellows virus","QCMD2_Q2",8798185
"JF304767.1",7664,120,162,11.955949,2.40252,"Saimiri sciureus papillomavirus type 3 isolate Mac2167.2, complete genome",990306,"Viruses","Cossaviricota","Papovaviricetes","Zurhausenvirales","Papillomaviridae","Dyoomikronpapillomavirus","Dyoomikronpapillomavirus 1","Saimiri sciureus papillomavirus 3","Saimiri sciureus papillomavirus 3","QCMD2_Q2",8798185
"JN254802.1",36711,13041,274,1.0739586,0.848323,"Chimpanzee adenovirus Y25, complete genome",1123958,"Viruses","Preplasmiviricota","Tectiliviricetes","Rowavirales","Adenoviridae","Mastadenovirus","Human mastadenovirus E","Chimpanzee adenovirus Y25","Chimpanzee adenovirus Y25","QCMD2_Q2",8798185
"JN880450.1",35726,109,0,0.0038790195,0,"Simian adenovirus A1173, complete genome",1159188,"Viruses","Preplasmiviricota","Tectiliviricetes","Rowavirales","Adenoviridae","Mastadenovirus","Simian adenovirus B","Simian adenovirus A1173","Simian adenovirus A1173","QCMD2_Q2",8798185
"JX027296.1",4822,450,3,0.09631849,0.0707133,"Primate protoparvovirus 1 strain BF.86 NS1, putative VP1, hypothetical protein, and VP2 genes, complete cds",1511907,"Viruses","Cossaviricota","Quintoviricetes","Piccovirales","Parvoviridae","Protoparvovirus","Primate protoparvovirus 1","unclassified Primate protoparvovirus 1 subspecies/strain","unclassified Primate protoparvovirus 1 strain","QCMD2_Q2",8798185
"JX297512.1",11640,300,2,0.02610966,0.0195292,"Bovine viral diarrhea virus type 1b isolate 10270 polyprotein gene, complete cds",981676,"Viruses","Kitrinoviricota","Flasuviricetes","Amarillovirales","Flaviviridae","Pestivirus","Pestivirus A","Bovine viral diarrhea virus 1b","Bovine viral diarrhea virus 1b","QCMD2_Q2",8798185
"JX896321.1",5805,300,2,0.0530504,0.0391593,"Porcine parvovirus 5 isolate IA469 clone 1, complete genome",1241957,"Viruses","Cossaviricota","Quintoviricetes","Piccovirales","Parvoviridae","Protoparvovirus","Porcine parvovirus 5","unclassified Porcine parvovirus 5 subspecies/strain","unclassified Porcine parvovirus 5 strain","QCMD2_Q2",8798185
"KC617868.1",3780,462,367,16.113773,11.0352,"Parvovirus NIH-CQV putative 15-kDa protein, putative replication associated protein (rep), and putative capsid protein (cap) genes, complete cds",1341019,"Viruses","Cossaviricota","Quintoviricetes","Piccovirales","Parvoviridae","unclassified Parvoviridae genus","Parvovirus NIH-CQV","unclassified Parvovirus NIH-CQV subspecies/strain","unclassified Parvovirus NIH-CQV strain","QCMD2_Q2",8798185
"KC802221.1",15696,5851,51,0.48707062,0.369307,"Phocine distemper virus strain PDV/Wadden_Sea.NLD/1988, complete genome",11240,"Viruses","Negarnaviricota","Monjiviricetes","Mononegavirales","Paramyxoviridae","Morbillivirus","Phocine morbillivirus","unclassified Phocine morbillivirus subspecies/strain","unclassified Phocine morbillivirus strain","QCMD2_Q2",8798185
"KF360047.1",34163,31423,920,4.0112605,3.06083,"UNVERIFIED: Simian adenovirus ch1 isolate SAdV-ch1 genomic sequence",1509400,"Viruses","Preplasmiviricota","Tectiliviricetes","Rowavirales","Adenoviridae","Mastadenovirus","Human mastadenovirus A","Simian adenovirus ch1","Simian adenovirus ch1","QCMD2_Q2",8798185
"KF703446.1",127320,933,128,0.18492569,0.114267,"Retroperitoneal fibromatosis-associated herpesvirus isolate RFHVMnM78114, complete genome",111469,"Viruses","Peploviricota","Herviviricetes","Herpesvirales","Herpesviridae","Rhadinovirus","Macacine gammaherpesvirus 8","Retroperitoneal fibromatosis-associated herpesvirus","Retroperitoneal fibromatosis-associated herpesvirus","QCMD2_Q2",8798185
"KJ541167.1",7371,393,4,0.074227944,0.0616794,"Coxsackievirus A6 isolate 1232/SH/CHN/2010, complete genome",86107,"Viruses","Pisuviricota","Pisoniviricetes","Picornavirales","Picornaviridae","Enterovirus","Enterovirus A","Coxsackievirus A6","Coxsackievirus A6","QCMD2_Q2",8798185
"KJ541759.1",33452,188,121,0.7608552,0.411122,"Ball python nidovirus strain 07-53, complete genome",1986118,"Viruses","Pisuviricota","Pisoniviricetes","Nidovirales","Tobaniviridae","Pregotovirus","Ball python nidovirus 1","unclassified Ball python nidovirus 1 subspecies/strain","unclassified Ball python nidovirus 1 strain","QCMD2_Q2",8798185
"KM269482.1",7875,146,1,0.103300974,0.014433,"Encephalomyocarditis virus strain ATCC VR-129B, complete genome",12104,"Viruses","Pisuviricota","Pisoniviricetes","Picornavirales","Picornaviridae","Cardiovirus","Cardiovirus A","Encephalomyocarditis virus","Encephalomyocarditis virus","QCMD2_Q2",8798185
"KP175580.1",10485,170,51,0.7114659,0.552852,"Desmodus rotundus endogenous retrovirus isolate 824, complete genome",1622024,"Viruses","Artverviricota","Revtraviricetes","Ortervirales","Retroviridae","Betaretrovirus","Desmodus rotundus endogenous retrovirus","unclassified Desmodus rotundus endogenous retrovirus subspecies/strain","unclassified Desmodus rotundus endogenous retrovirus strain","QCMD2_Q2",8798185
"KP289357.1",7398,187,4,0.07795254,0.0614543,"Coxsackievirus A2 isolate CV-A2/P14/2013/China, complete genome",33757,"Viruses","Pisuviricota","Pisoniviricetes","Picornavirales","Picornaviridae","Enterovirus","Enterovirus A","Coxsackievirus A2","Coxsackievirus A2","QCMD2_Q2",8798185
"KR135164.1",43842,177,5,0.032637555,0.0129624,"Duck adenovirus 2 strain CH-GD-12-2014, complete genome",1520006,"Viruses","Preplasmiviricota","Tectiliviricetes","Rowavirales","Adenoviridae","Aviadenovirus","Duck aviadenovirus B","Duck adenovirus 2","Duck adenovirus 2","QCMD2_Q2",8798185
"KT149397.1",2985,1846,1073,55.56649,40.8566,"Circovirus-like genome DCCV-4, complete genome",1788444,"Viruses","Cressdnaviricota","Arfiviricetes","Cirlivirales","Circoviridae","unclassified Circoviridae genus","Circovirus-like genome DCCV-4","unclassified Circovirus-like genome DCCV-4 subspecies/strain","unclassified Circovirus-like genome DCCV-4 strain","QCMD2_Q2",8798185
"KT149406.1",2433,1331,981,62.045994,45.8283,"Circovirus-like genome DCCV-13, complete genome",1788441,"Viruses","Cressdnaviricota","Arfiviricetes","Cirlivirales","Circoviridae","unclassified Circoviridae genus","Circovirus-like genome DCCV-13","unclassified Circovirus-like genome DCCV-13 subspecies/strain","unclassified Circovirus-like genome DCCV-13 strain","QCMD2_Q2",8798185
"KT225725.1",5111,187,1,0.02499496,0.0222383,"Ungulate tetraparvovirus 1 isolate Yak hokovirus GS1, complete genome",1511914,"Viruses","Cossaviricota","Quintoviricetes","Piccovirales","Parvoviridae","Tetraparvovirus","Ungulate tetraparvovirus 1","unclassified Ungulate tetraparvovirus 1 subspecies/strain","unclassified Ungulate tetraparvovirus 1 strain","QCMD2_Q2",8798185
"KU172423.1",5254,1347,1183,34.28174,25.5918,"Bovine hokovirus 2 strain bovine hokovirus 2 strain BS-S13 nonstructural protein (NS1), minor capsid protein (VP1), and major capsid protein (VP2) genes, complete cds",1096141,"Viruses","Cossaviricota","Quintoviricetes","Piccovirales","Parvoviridae","Tetraparvovirus","Ungulate tetraparvovirus 1","Bovine hokovirus 2","Bovine hokovirus 2","QCMD2_Q2",8798185
"KU315178.1",5813,330,3,0.07875684,0.0586581,"Pepo aphid-borne yellows virus isolate RSA BB Marrow, complete genome",1462681,"Viruses","Pisuviricota","Pisoniviricetes","Sobelivirales","Solemoviridae","Polerovirus","Pepo aphid-borne yellows virus","unclassified Pepo aphid-borne yellows virus subspecies/strain","unclassified Pepo aphid-borne yellows virus strain","QCMD2_Q2",8798185
"KU351741.1",137448,273,2,0.048361957,0.00165386,"Macaca nemestrina herpesvirus 7, complete genome",1846169,"Viruses","Peploviricota","Herviviricetes","Herpesvirales","Herpesviridae","Roseolovirus","Macacine betaherpesvirus 9","Macaca nemestrina herpesvirus 7","Macaca nemestrina herpesvirus 7","QCMD2_Q2",8798185
"KU605777.1",8126,554,560,9.60682,7.83282,"Simian retrovirus 8 strain SRV8/SUZ/2012, complete genome",1904439,"Viruses","Artverviricota","Revtraviricetes","Ortervirales","Retroviridae","Betaretrovirus","Simian retrovirus 8","unclassified Simian retrovirus 8 subspecies/strain","unclassified Simian retrovirus 8 strain","QCMD2_Q2",8798185
"KU727766.1",5166,131,19,0.49621212,0.418029,"Parus major densovirus isolate PmDNV-JL, complete genome",1907771,"Viruses","Cossaviricota","Quintoviricetes","Piccovirales","Parvoviridae","unclassified Parvoviridae genus","Parus major densovirus","unclassified Parus major densovirus subspecies/strain","unclassified Parus major densovirus strain","QCMD2_Q2",8798185
"KU749309.1",203453,505,2,0.002906991,0.00111731,"Raccoonpox virus strain 85A, complete genome",10256,"Viruses","Nucleocytoviricota","Pokkesviricetes","Chitovirales","Poxviridae","Orthopoxvirus","Raccoonpox virus","unclassified Raccoonpox virus subspecies/strain","unclassified Raccoonpox virus strain","QCMD2_Q2",8798185
"KU749310.1",222832,180,2,0.22807412,0.00102014,"Skunkpox virus strain WA, complete genome",160796,"Viruses","Nucleocytoviricota","Pokkesviricetes","Chitovirales","Poxviridae","Orthopoxvirus","Skunkpox virus","unclassified Skunkpox virus subspecies/strain","unclassified Skunkpox virus strain","QCMD2_Q2",8798185
"KU749311.1",217124,328,15,0.12922285,0.00785218,"Volepox virus strain CA, complete genome",28874,"Viruses","Nucleocytoviricota","Pokkesviricetes","Chitovirales","Poxviridae","Orthopoxvirus","Volepox virus","unclassified Volepox virus subspecies/strain","unclassified Volepox virus strain","QCMD2_Q2",8798185
"KU936049.1",137452,2085,57,1.0719727,0.0471336,"Bubaline alphaherpesvirus 1 strain b6, complete genome",202910,"Viruses","Peploviricota","Herviviricetes","Herpesvirales","Herpesviridae","Varicellovirus","Bubaline alphaherpesvirus 1","unclassified Bubaline alphaherpesvirus 1 subspecies/strain","unclassified Bubaline alphaherpesvirus 1 strain","QCMD2_Q2",8798185
"KY040274.1",192183,279,0,0.01902798,0,"Molluscum contagiosum virus subtype 2 isolate Madrid 2016_1, complete genome",10281,"Viruses","Nucleocytoviricota","Pokkesviricetes","Chitovirales","Poxviridae","Molluscipoxvirus","Molluscum contagiosum virus","Molluscum contagiosum virus subtype 2","Molluscum contagiosum virus subtype 2","QCMD2_Q2",8798185
"KY040275.1",188253,860,8,0.053034775,0.00483009,"Molluscum contagiosum virus subtype 1 isolate Madrid 2016_3, complete genome",10280,"Viruses","Nucleocytoviricota","Pokkesviricetes","Chitovirales","Poxviridae","Molluscipoxvirus","Molluscum contagiosum virus","Molluscum contagiosum virus subtype 1","Molluscum contagiosum virus subtype 1","QCMD2_Q2",8798185
"KY215944.1",135301,982,261,0.5301108,0.219253,"Bovine alphaherpesvirus 1 isolate 216 II, complete genome",10320,"Viruses","Peploviricota","Herviviricetes","Herpesvirales","Herpesviridae","Varicellovirus","Bovine alphaherpesvirus 1","unclassified Bovine alphaherpesvirus 1 subspecies/strain","unclassified Bovine alphaherpesvirus 1 strain","QCMD2_Q2",8798185
"KY385637.1",147346,329,168,0.15717818,0.129592,"Ateline alphaherpesvirus 1 isolate Lennette, complete genome",35243,"Viruses","Peploviricota","Herviviricetes","Herpesvirales","Herpesviridae","Simplexvirus","Ateline alphaherpesvirus 1","unclassified Ateline alphaherpesvirus 1 subspecies/strain","unclassified Ateline alphaherpesvirus 1 strain","QCMD2_Q2",8798185
"KY490071.1",235397,7165,55,0.034716703,0.0265564,"Human betaherpesvirus 5 strain HANChild1, complete genome",10359,"Viruses","Peploviricota","Herviviricetes","Herpesvirales","Herpesviridae","Cytomegalovirus","Human betaherpesvirus 5","unclassified Human betaherpesvirus 5 subspecies/strain","unclassified Human betaherpesvirus 5 strain","QCMD2_Q2",8798185
"KY549446.1",137712,696,4,0.12501273,0.00330138,"Bovine alphaherpesvirus 5 strain ISO 97/45, complete genome",35244,"Viruses","Peploviricota","Herviviricetes","Herpesvirales","Herpesviridae","Varicellovirus","Bovine alphaherpesvirus 5","unclassified Bovine alphaherpesvirus 5 subspecies/strain","unclassified Bovine alphaherpesvirus 5 strain","QCMD2_Q2",8798185
"KY581736.1",4872,806,10,0.29606098,0.233292,"Gorilla bocaparvovirus 2 isolate GBOV2/GAB1, partial genome",1986196,"Viruses","Cossaviricota","Quintoviricetes","Piccovirales","Parvoviridae","Bocaparvovirus","Primate bocaparvovirus 2","Gorilla bocaparvovirus 2","Gorilla bocaparvovirus 2","QCMD2_Q2",8798185
"KY965444.1",167212,333,4,0.0032742335,0.00271894,"Common bottlenose dolphin gammaherpesvirus 1 strain Sarasota, complete genome",2022783,"Viruses","Peploviricota","Herviviricetes","Herpesvirales","Herpesviridae","Rhadinovirus","Common bottlenose dolphin gammaherpesvirus 1 strain Sarasota","unclassified Common bottlenose dolphin gammaherpesvirus 1 strain Sarasota subspecies/strain","unclassified Common bottlenose dolphin gammaherpesvirus 1 strain Sarasota strain","QCMD2_Q2",8798185
"L23427.1",5075,978,12,0.35512692,0.268752,"Porcine parvovirus (NADL-2) DNA fragment encoding PT4 and PT40",10796,"Viruses","Cossaviricota","Quintoviricetes","Piccovirales","Parvoviridae","Protoparvovirus","Ungulate protoparvovirus 1","Porcine parvovirus","Porcine parvovirus","QCMD2_Q2",8798185
"LC075584.1",144636,133,0,0.029809117,0,"Equid alphaherpesvirus 4 DNA, complete genome, strain: 01-10-1",10331,"Viruses","Peploviricota","Herviviricetes","Herpesvirales","Herpesviridae","Varicellovirus","Equid alphaherpesvirus 4","unclassified Equid alphaherpesvirus 4 subspecies/strain","unclassified Equid alphaherpesvirus 4 strain","QCMD2_Q2",8798185
"LR027540.1",7398,145,1,0.020005519,0.0153636,"Coxsackievirus A7 isolate CV-A7|37183|TKM|2010 genome assembly, complete genome: monopartite",42787,"Viruses","Pisuviricota","Pisoniviricetes","Picornavirales","Picornaviridae","Enterovirus","Enterovirus A","Coxsackievirus A7","Coxsackievirus A7","QCMD2_Q2",8798185
"LT559484.1",6091,150,1,0.025248274,0.0186603,"Pepper yellows virus genome assembly, complete genome: monopartite",698400,"Viruses","Pisuviricota","Pisoniviricetes","Sobelivirales","Solemoviridae","Polerovirus","Pepper yellows virus","unclassified Pepper yellows virus subspecies/strain","unclassified Pepper yellows virus strain","QCMD2_Q2",8798185
"LT797627.1",138912,3946,32,0.033488996,0.0261829,"Human herpesvirus 2 isolate 1 genome assembly, complete genome: monopartite",10310,"Viruses","Peploviricota","Herviviricetes","Herpesvirales","Herpesviridae","Simplexvirus","Human alphaherpesvirus 2","unclassified Human alphaherpesvirus 2 subspecies/strain","unclassified Human alphaherpesvirus 2 strain","QCMD2_Q2",8798185
"M22820.1",4901,250,22,0.57040626,0.510205,"Snyder-Theilen feline sarcoma virus genomic sequence, sequence",11780,"Viruses","Artverviricota","Revtraviricetes","Ortervirales","Retroviridae","Gammaretrovirus","Snyder-Theilen feline sarcoma virus","unclassified Snyder-Theilen feline sarcoma virus subspecies/strain","unclassified Snyder-Theilen feline sarcoma virus strain","QCMD2_Q2",8798185
"M96687.1",12480,150,1,0.0121654505,0.00910736,"Bovine viral diarrhea virus strain Osloss polyprotein gene, complete cds",229907,"Viruses","Kitrinoviricota","Flasuviricetes","Amarillovirales","Flaviviridae","Pestivirus","Pestivirus A","Bovine viral diarrhea virus 1-Osloss","Bovine viral diarrhea virus 1-Osloss","QCMD2_Q2",8798185
"MF327535.1",7676,103,0,0.2751794,0,"Ailuropoda melanoleuca papillomavirus 1 strain gpam001, complete genome",2016454,"Viruses","Cossaviricota","Papovaviricetes","Zurhausenvirales","Papillomaviridae","Omegapapillomavirus","Omegapapillomavirus 1","Ailuropoda melanoleuca papillomavirus 1","Ailuropoda melanoleuca papillomavirus 1","QCMD2_Q2",8798185
"MF898328.1",125095,160,0,0.50402176,0,"Human alphaherpesvirus 3 strain Baike, complete genome",10335,"Viruses","Peploviricota","Herviviricetes","Herpesvirales","Herpesviridae","Varicellovirus","Human alphaherpesvirus 3","unclassified Human alphaherpesvirus 3 subspecies/strain","unclassified Human alphaherpesvirus 3 strain","QCMD2_Q2",8798185
"MG212485.1",7395,793,14,0.2826777,0.215177,"Enterovirus A isolate 13688, complete genome",138948,"Viruses","Pisuviricota","Pisoniviricetes","Picornavirales","Picornaviridae","Enterovirus","Enterovirus A","unclassified Enterovirus A subspecies/strain","unclassified Enterovirus A strain","QCMD2_Q2",8798185
"MG543471.1",3999,421,3,0.10937906,0.0852662,"Porcine parvovirus 7 isolate GX49, complete genome",1820046,"Viruses","Cossaviricota","Quintoviricetes","Piccovirales","Parvoviridae","Chaphamaparvovirus","Ungulate chaphamaparvovirus 1","Porcine parvovirus 7","Porcine parvovirus 7","QCMD2_Q2",8798185
"MG712775.1",44454,186,5,0.22216956,0.012784,"Fowl adenovirus 8b isolate SD1356, complete genome",586029,"Viruses","Preplasmiviricota","Tectiliviricetes","Rowavirales","Adenoviridae","Aviadenovirus","Fowl aviadenovirus E","Fowl adenovirus 8b","Fowl adenovirus 8b","QCMD2_Q2",8798185
"MG972981.1",5759,541,2254,48.438225,44.485,"Ungulate copiparvovirus 1 strain QQHE16, complete genome",1511889,"Viruses","Cossaviricota","Quintoviricetes","Piccovirales","Parvoviridae","Copiparvovirus","Ungulate copiparvovirus 1","unclassified Ungulate copiparvovirus 1 subspecies/strain","unclassified Ungulate copiparvovirus 1 strain","QCMD2_Q2",8798185
"MH036942.1",138199,708,0,0.13385102,0,"Cervid alphaherpesvirus 1 strain Anlier, complete genome",79891,"Viruses","Peploviricota","Herviviricetes","Herpesvirales","Herpesviridae","Varicellovirus","Cervid alphaherpesvirus 1","unclassified Cervid alphaherpesvirus 1 subspecies/strain","unclassified Cervid alphaherpesvirus 1 strain","QCMD2_Q2",8798185
"MH036943.1",142633,1439,387,0.41341072,0.308388,"Cervid alphaherpesvirus 2 strain Norway, complete genome",365327,"Viruses","Peploviricota","Herviviricetes","Herpesvirales","Herpesviridae","Varicellovirus","Cervid alphaherpesvirus 2","unclassified Cervid alphaherpesvirus 2 subspecies/strain","unclassified Cervid alphaherpesvirus 2 strain","QCMD2_Q2",8798185
"MH144598.1",7375,149,1,0.020622838,0.0154115,"Enterovirus B79 strain 17-2255-1_E79, complete genome",2760813,"Viruses","Pisuviricota","Pisoniviricetes","Picornavirales","Picornaviridae","Enterovirus","Enterovirus B","enterovirus B79","enterovirus B79","QCMD2_Q2",8798185
"MH698402.1",162076,2088,617,0.5281363,0.432687,"Human betaherpesvirus 6B strain GTEX-OXRO_icihv6b, complete genome",32604,"Viruses","Peploviricota","Herviviricetes","Herpesvirales","Herpesviridae","Roseolovirus","Human betaherpesvirus 6B","unclassified Human betaherpesvirus 6B subspecies/strain","unclassified Human betaherpesvirus 6B strain","QCMD2_Q2",8798185
"MN205539.1",137429,622,2701,1.602248,2.23385,"UNVERIFIED: Human gammaherpesvirus 8 strain BCBL-1, complete genome",37296,"Viruses","Peploviricota","Herviviricetes","Herpesvirales","Herpesviridae","Rhadinovirus","Human gammaherpesvirus 8","unclassified Human gammaherpesvirus 8 subspecies/strain","unclassified Human gammaherpesvirus 8 strain","QCMD2_Q2",8798185
"MN240300.1",210797,1692,15,0.09929408,0.00808786,"Alaskapox virus isolate Alaska_2015, complete genome",2602439,"Viruses","Nucleocytoviricota","Pokkesviricetes","Chitovirales","Poxviridae","Orthopoxvirus","Alaskapox virus","unclassified Alaskapox virus subspecies/strain","unclassified Alaskapox virus strain","QCMD2_Q2",8798185
"MN244297.1",221153,14686,149,0.104365095,0.0765774,"Akhmeta virus strain A39, complete genome",2200830,"Viruses","Nucleocytoviricota","Pokkesviricetes","Chitovirales","Poxviridae","Orthopoxvirus","Akhmeta virus","unclassified Akhmeta virus subspecies/strain","unclassified Akhmeta virus strain","QCMD2_Q2",8798185
"NC_001664.4",159378,1128,350,0.29508,0.249601,"Human betaherpesvirus 6A, variant A DNA, complete virion genome, isolate U1102",32603,"Viruses","Peploviricota","Herviviricetes","Herpesvirales","Herpesviridae","Roseolovirus","Human betaherpesvirus 6A","unclassified Human betaherpesvirus 6A subspecies/strain","unclassified Human betaherpesvirus 6A strain","QCMD2_Q2",8798185
"NC_001716.2",153080,2175,74,0.04925783,0.054944,"Human herpesvirus 7, complete genome",10372,"Viruses","Peploviricota","Herviviricetes","Herpesvirales","Herpesviridae","Roseolovirus","Human betaherpesvirus 7","unclassified Human betaherpesvirus 7 subspecies/strain","unclassified Human betaherpesvirus 7 strain","QCMD2_Q2",8798185
"NC_001987.1",108409,346,11,0.014723949,0.0115328,"Ateline herpesvirus 3 complete genome",85618,"Viruses","Peploviricota","Herviviricetes","Herpesvirales","Herpesviridae","Rhadinovirus","Ateline gammaherpesvirus 3","unclassified Ateline gammaherpesvirus 3 subspecies/strain","unclassified Ateline gammaherpesvirus 3 strain","QCMD2_Q2",8798185
"NC_002665.1",108873,1308,472,0.5722524,0.492752,"Bovine herpesvirus 4 long unique region, complete sequence",10385,"Viruses","Peploviricota","Herviviricetes","Herpesvirales","Herpesviridae","Rhadinovirus","Bovine gammaherpesvirus 4","unclassified Bovine gammaherpesvirus 4 subspecies/strain","unclassified Bovine gammaherpesvirus 4 strain","QCMD2_Q2",8798185
"NC_006151.1",143461,511,0,0.021163763,0,"Suid herpesvirus 1, complete genome",10345,"Viruses","Peploviricota","Herviviricetes","Herpesvirales","Herpesviridae","Varicellovirus","Suid alphaherpesvirus 1","unclassified Suid alphaherpesvirus 1 subspecies/strain","unclassified Suid alphaherpesvirus 1 strain","QCMD2_Q2",8798185
"NC_006560.1",150715,1100,0,0.09221931,0,"Cercopithecine herpesvirus 2, complete genome",10317,"Viruses","Peploviricota","Herviviricetes","Herpesvirales","Herpesviridae","Simplexvirus","Cercopithecine alphaherpesvirus 2","unclassified Cercopithecine alphaherpesvirus 2 subspecies/strain","unclassified Cercopithecine alphaherpesvirus 2 strain","QCMD2_Q2",8798185
"NC_007653.1",156487,1294,27,0.120713584,0.0196107,"Papiine herpesvirus 2, complete genome",340907,"Viruses","Peploviricota","Herviviricetes","Herpesvirales","Herpesviridae","Simplexvirus","Papiine alphaherpesvirus 2","unclassified Papiine alphaherpesvirus 2 subspecies/strain","unclassified Papiine alphaherpesvirus 2 strain","QCMD2_Q2",8798185
"NC_009334.1",172764,730,17,0.01177193,0.0111841,"Human herpesvirus 4, complete genome",12509,"Viruses","Peploviricota","Herviviricetes","Herpesvirales","Herpesviridae","Lymphocryptovirus","Human gammaherpesvirus 4","Human herpesvirus 4 type 2","Human herpesvirus 4 type 2","QCMD2_Q2",8798185
"NC_012783.2",226205,157,0,0.015403331,0,"Cercopithecine herpesvirus 5 strain 2715, complete genome",50292,"Viruses","Peploviricota","Herviviricetes","Herpesvirales","Herpesviridae","Cytomegalovirus","Cercopithecine betaherpesvirus 5","unclassified Cercopithecine betaherpesvirus 5 subspecies/strain","unclassified Cercopithecine betaherpesvirus 5 strain","QCMD2_Q2",8798185
"NC_014567.1",156742,415,0,0.013078573,0,"Saimiriine herpesvirus 1, complete genome",10353,"Viruses","Peploviricota","Herviviricetes","Herpesvirales","Herpesviridae","Simplexvirus","Saimiriine alphaherpesvirus 1","unclassified Saimiriine alphaherpesvirus 1 subspecies/strain","unclassified Saimiriine alphaherpesvirus 1 strain","QCMD2_Q2",8798185
"NC_016447.1",219474,132,2,0.025058817,0.00103575,"Aotine herpesvirus 1 strain S34E, complete genome",50290,"Viruses","Peploviricota","Herviviricetes","Herpesvirales","Herpesviridae","Cytomegalovirus","Aotine betaherpesvirus 1","unclassified Aotine betaherpesvirus 1 subspecies/strain","unclassified Aotine betaherpesvirus 1 strain","QCMD2_Q2",8798185
"NC_016448.1",196691,131,0,0.0013483192,0,"Saimiriine herpesvirus 4 strain SqSHV, complete genome",1535247,"Viruses","Peploviricota","Herviviricetes","Herpesvirales","Herpesviridae","Cytomegalovirus","Saimiriine betaherpesvirus 4","unclassified Saimiriine betaherpesvirus 4 subspecies/strain","unclassified Saimiriine betaherpesvirus 4 strain","QCMD2_Q2",8798185
"NC_023677.1",153158,505,1,0.29152724,0.000742108,"Chimpanzee alpha-1 herpesvirus strain 105640, complete genome",332937,"Viruses","Peploviricota","Herviviricetes","Herpesvirales","Herpesviridae","Simplexvirus","Panine alphaherpesvirus 3","Chimpanzee herpesvirus strain 105640","Chimpanzee herpesvirus strain 105640","QCMD2_Q2",8798185
"NC_024771.1",151601,248,124,0.10762557,0.0929665,"Equid herpesvirus 3 strain AR/2007/C3A, complete genome",80341,"Viruses","Peploviricota","Herviviricetes","Herpesvirales","Herpesviridae","Varicellovirus","Equid alphaherpesvirus 3","unclassified Equid alphaherpesvirus 3 subspecies/strain","unclassified Equid alphaherpesvirus 3 strain","QCMD2_Q2",8798185
"NC_030117.1",125171,166,1,0.0013277769,0.000908036,"Canid herpesvirus 1 strain 0194, complete genome",170325,"Viruses","Peploviricota","Herviviricetes","Herpesvirales","Herpesviridae","Varicellovirus","Canid alphaherpesvirus 1","unclassified Canid alphaherpesvirus 1 subspecies/strain","unclassified Canid alphaherpesvirus 1 strain","QCMD2_Q2",8798185
"U31790.1",7184,300,2,0.042649984,0.0316425,"Human papillomavirus type 50, complete genome",40539,"Viruses","Cossaviricota","Papovaviricetes","Zurhausenvirales","Papillomaviridae","Gammapapillomavirus","Gammapapillomavirus 3","Human papillomavirus type 50","Human papillomavirus type 50","QCMD2_Q2",8798185
"U63479.1",12247,907,6,0.074977264,0.0556837,"Bovine viral diarrhea virus 1-CP7 polyprotein gene, complete cds",268305,"Viruses","Kitrinoviricota","Flasuviricetes","Amarillovirales","Flaviviridae","Pestivirus","Pestivirus A","Bovine viral diarrhea virus 1-CP7","Bovine viral diarrhea virus 1-CP7","QCMD2_Q2",8798185
"U89790.1",4767,586,20,0.5925926,0.476861,"Adeno-associated virus 4, complete genome",57579,"Viruses","Cossaviricota","Quintoviricetes","Piccovirales","Parvoviridae","Dependoparvovirus","Adeno-associated dependoparvovirus A","Adeno-associated virus - 4","Adeno-associated virus - 4","QCMD2_Q2",8798185
"V01201.1",5779,294,22,0.96606857,0.43269,"Simian sarcoma virus proviral sequence with genes coding for envelope protein (env) and polymerase (pol)",11970,"Viruses","Artverviricota","Revtraviricetes","Ortervirales","Retroviridae","Gammaretrovirus","Woolly monkey sarcoma virus","unclassified Woolly monkey sarcoma virus subspecies/strain","unclassified Woolly monkey sarcoma virus strain","QCMD2_Q2",8798185
"X05817.1",7265,361,90,1.5730147,1.40804,"Bovine papillomavirus type 4 (BPV-4) genome",10562,"Viruses","Cossaviricota","Papovaviricetes","Zurhausenvirales","Papillomaviridae","Xipapillomavirus","Xipapillomavirus 1","Bos taurus papillomavirus 4","Bos taurus papillomavirus 4","QCMD2_Q2",8798185
"X13063.1",5641,1892,30,0.77654344,0.604466,"Turnip yellows virus (BWYV-FL1) genomic RNA",131083,"Viruses","Pisuviricota","Pisoniviricetes","Sobelivirales","Solemoviridae","Polerovirus","Turnip yellows virus","unclassified Turnip yellows virus subspecies/strain","unclassified Turnip yellows virus strain","QCMD2_Q2",8798185
"X76931.1",5669,128,1,0.023192607,0.0200494,"Cucurbit aphid-borne yellows virus genomic RNA",91753,"Viruses","Pisuviricota","Pisoniviricetes","Sobelivirales","Solemoviridae","Polerovirus","Cucurbit aphid-borne yellows virus","unclassified Cucurbit aphid-borne yellows virus subspecies/strain","unclassified Cucurbit aphid-borne yellows virus strain","QCMD2_Q2",8798185
"X83110.1",5722,343,3,0.073582195,0.059591,"Beet mild yellowing virus genomic RNA",156690,"Viruses","Pisuviricota","Pisoniviricetes","Sobelivirales","Solemoviridae","Polerovirus","Beet mild yellowing virus","unclassified Beet mild yellowing virus subspecies/strain","unclassified Beet mild yellowing virus strain","QCMD2_Q2",8798185
"JX134046.1",2915,134,1,0.04846293,0.0389914,"TTV-like mini virus isolate TTMV_LY3, complete genome",93678,"Viruses","unclassified Viruses phylum","unclassified Viruses class","unclassified Viruses order","Anelloviridae","Betatorquevirus","TTV-like mini virus","unclassified TTV-like mini virus subspecies/strain","unclassified TTV-like mini virus strain","QCMD2_Q2",8798185
"KF764701.1",2853,173,3,0.16167222,0.119516,"TTV-like mini virus isolate D11, complete genome",93678,"Viruses","unclassified Viruses phylum","unclassified Viruses class","unclassified Viruses order","Anelloviridae","Betatorquevirus","TTV-like mini virus","unclassified TTV-like mini virus subspecies/strain","unclassified TTV-like mini virus strain","QCMD2_Q2",8798185
"AY426531.1",7367,150,1,0.013440488,0.0154282,"Human enterovirus 68 strain Fermon, complete genome",42789,"Viruses","Pisuviricota","Pisoniviricetes","Picornavirales","Picornaviridae","Enterovirus","Enterovirus D","enterovirus D68","enterovirus D68","QCMD2_Q2",8798185
"AY421764.1",7434,145,2,0.037479408,0.0305784,"Human coxsackievirus A6 strain Gdula, complete genome",86107,"Viruses","Pisuviricota","Pisoniviricetes","Picornavirales","Picornaviridae","Enterovirus","Enterovirus A","Coxsackievirus A6","Coxsackievirus A6","QCMD2_Q2",8798185
"AY421762.1",7434,167,6,0.118067,0.0917351,"Human coxsackievirus A4 strain High Point, complete genome",42785,"Viruses","Pisuviricota","Pisoniviricetes","Picornavirales","Picornaviridae","Enterovirus","Enterovirus A","Coxsackievirus A4","Coxsackievirus A4","QCMD2_Q2",8798185
"AY455778.1",8767,150,3,0.04990136,0.0388935,"HIV-1 isolate 99UFRJ-1 from Brazil, complete genome",11676,"Viruses","Artverviricota","Revtraviricetes","Ortervirales","Retroviridae","Lentivirus","Human immunodeficiency virus 1","unclassified Human immunodeficiency virus 1 subspecies/strain","unclassified Human immunodeficiency virus 1 strain","QCMD2_Q2",8798185
"KT427816.1",8968,173,3,0.03833069,0.0380218,"UNVERIFIED: HIV-1 isolate 10BR_SP026 from Brazil genomic sequence",11676,"Viruses","Artverviricota","Revtraviricetes","Ortervirales","Retroviridae","Lentivirus","Human immunodeficiency virus 1","unclassified Human immunodeficiency virus 1 subspecies/strain","unclassified Human immunodeficiency virus 1 strain","QCMD2_Q2",8798185
"D00835.1",11443,334,800,9.510847,7.94615,"Human immunodeficiency virus 2 proviral DNA, complete genome",11709,"Viruses","Artverviricota","Revtraviricetes","Ortervirales","Retroviridae","Lentivirus","Human immunodeficiency virus 2","unclassified Human immunodeficiency virus 2 subspecies/strain","unclassified Human immunodeficiency virus 2 strain","QCMD2_Q2",8798185
"OM460002.1",220276,62977,737,0.50135833,0.380283,"Cowpox virus isolate No-H2, complete genome",10243,"Viruses","Nucleocytoviricota","Pokkesviricetes","Chitovirales","Poxviridae","Orthopoxvirus","Cowpox virus","unclassified Cowpox virus subspecies/strain","unclassified Cowpox virus strain","QCMD2_Q2",8798185
"MG012796.1",194711,2130,12,0.011554217,0.00700483,"Vaccinia virus isolate CEyV2, complete genome",10245,"Viruses","Nucleocytoviricota","Pokkesviricetes","Chitovirales","Poxviridae","Orthopoxvirus","Vaccinia virus","unclassified Vaccinia virus subspecies/strain","unclassified Vaccinia virus strain","QCMD2_Q2",8798185
"GQ329670.1",145289,251,0,0.19403468,0,"Pseudocowpox virus strain VR634, complete genome",129726,"Viruses","Nucleocytoviricota","Pokkesviricetes","Chitovirales","Poxviridae","Parapoxvirus","Pseudocowpox virus","unclassified Pseudocowpox virus subspecies/strain","unclassified Pseudocowpox virus strain","QCMD2_Q2",8798185
"KM875470.1",136055,228,28,0.08361723,0.0233911,"Bovine papular stomatitis virus strain BV-TX09c15, complete genome",129727,"Viruses","Nucleocytoviricota","Pokkesviricetes","Chitovirales","Poxviridae","Parapoxvirus","Bovine papular stomatitis virus","unclassified Bovine papular stomatitis virus subspecies/strain","unclassified Bovine papular stomatitis virus strain","QCMD2_Q2",8798185
"FJ527854.1",12284,134,1,0.011043349,0.00925267,"Bovine viral diarrhea virus 2 strain XJ-04, complete genome",54315,"Viruses","Kitrinoviricota","Flasuviricetes","Amarillovirales","Flaviviridae","Pestivirus","Pestivirus B","Bovine viral diarrhea virus 2","Bovine viral diarrhea virus 2","QCMD2_Q2",8798185
"LT907991.1",12681,196,11,0.12369324,0.098593,"Bovine viral diarrhea virus 1 isolate VE_138cp_05 genome assembly, complete genome: monopartite",11099,"Viruses","Kitrinoviricota","Flasuviricetes","Amarillovirales","Flaviviridae","Pestivirus","Pestivirus A","Bovine viral diarrhea virus 1","Bovine viral diarrhea virus 1","QCMD2_Q2",8798185
"MH464873.1",5631,385,11,0.2838898,0.222031,"Faba bean polerovirus 1 strain 5253, complete genome",2283388,"Viruses","Pisuviricota","Pisoniviricetes","Sobelivirales","Solemoviridae","Polerovirus","Faba bean polerovirus 1","unclassified Faba bean polerovirus 1 subspecies/strain","unclassified Faba bean polerovirus 1 strain","QCMD2_Q2",8798185
"MF351889.1",32399,222,0,0.17811406,0,"Morelia viridis nidovirus strain S14-1323_MVNV, complete genome",2016400,"Viruses","Pisuviricota","Pisoniviricetes","Nidovirales","Tobaniviridae","Pregotovirus","Pregotovirus heba","Morelia viridis nidovirus","Morelia viridis nidovirus","QCMD2_Q2",8798185
"KY628968.1",157447,269,0,0.08983006,0,"Macacine alphaherpesvirus 1 isolate 8100812, complete genome",10325,"Viruses","Peploviricota","Herviviricetes","Herpesvirales","Herpesviridae","Simplexvirus","Macacine alphaherpesvirus 1","unclassified Macacine alphaherpesvirus 1 subspecies/strain","unclassified Macacine alphaherpesvirus 1 strain","QCMD2_Q2",8798185
"KY628970.1",157321,277,0,0.0063052345,0,"Macacine alphaherpesvirus 1 isolate KQ, complete genome",10325,"Viruses","Peploviricota","Herviviricetes","Herpesvirales","Herpesviridae","Simplexvirus","Macacine alphaherpesvirus 1","unclassified Macacine alphaherpesvirus 1 subspecies/strain","unclassified Macacine alphaherpesvirus 1 strain","QCMD2_Q2",8798185
"MT862163.1",131245,332,18,0.27475494,0.0155882,"Bovine alphaherpesvirus 2 strain C1Z FZR",10295,"Viruses","Peploviricota","Herviviricetes","Herpesvirales","Herpesviridae","Simplexvirus","Bovine alphaherpesvirus 2","unclassified Bovine alphaherpesvirus 2 subspecies/strain","unclassified Bovine alphaherpesvirus 2 strain","QCMD2_Q2",8798185
"LS480640.1",155503,17881,145,0.16596396,0.105983,"Human alphaherpesvirus 2 isolate 333 genome assembly, chromosome: I",10310,"Viruses","Peploviricota","Herviviricetes","Herpesvirales","Herpesviridae","Simplexvirus","Human alphaherpesvirus 2","unclassified Human alphaherpesvirus 2 subspecies/strain","unclassified Human alphaherpesvirus 2 strain","QCMD2_Q2",8798185
"MF678601.1",144144,291,0,0.005972471,0,"Beluga whale alphaherpesvirus 1 strain LN3131-1",1434720,"Viruses","Peploviricota","Herviviricetes","Herpesvirales","Herpesviridae","Varicellovirus","Monodontid alphaherpesvirus 1","Beluga whale alphaherpesvirus 1","Beluga whale alphaherpesvirus 1","QCMD2_Q2",8798185
"MG989243.1",134617,477,0,0.117500946,0,"Caprine alphaherpesvirus 1 strain JSHA1405",39944,"Viruses","Peploviricota","Herviviricetes","Herpesvirales","Herpesviridae","Varicellovirus","Caprine alphaherpesvirus 1","unclassified Caprine alphaherpesvirus 1 subspecies/strain","unclassified Caprine alphaherpesvirus 1 strain","QCMD2_Q2",8798185
"JX017384.1",7412,519,8,0.14913248,0.0423115,"Human enterovirus 71 isolate 01011Y, complete genome",39054,"Viruses","Pisuviricota","Pisoniviricetes","Picornavirales","Picornaviridae","Enterovirus","Enterovirus A","Enterovirus A71","Enterovirus A71","QCMD3_Q3",25509167
"KT280503.1",7332,3746,62,1.2357283,0.331492,"Enterovirus D68 isolate 2011-21186, complete genome",42789,"Viruses","Pisuviricota","Pisoniviricetes","Picornavirales","Picornaviridae","Enterovirus","Enterovirus D","enterovirus D68","enterovirus D68","QCMD3_Q3",25509167
"NC_004102.1",9646,110,0,1.6015165,0,"Hepatitis C virus genotype 1, complete genome",41856,"Viruses","Kitrinoviricota","Flasuviricetes","Amarillovirales","Flaviviridae","Hepacivirus","Hepacivirus C","Hepatitis C virus genotype 1","Hepatitis C virus genotype 1","QCMD3_Q3",25509167
"KX868289.2",33676,509,3,0.016226212,0.00349224,"Human adenovirus 12 isolate GyK010, complete genome",28282,"Viruses","Preplasmiviricota","Tectiliviricetes","Rowavirales","Adenoviridae","Mastadenovirus","Human mastadenovirus A","Human adenovirus 12","Human adenovirus 12","QCMD3_Q3",25509167
"GU191019.1",34177,11003,190,0.866988,0.217933,"Human adenovirus 18 isolate D.C., complete genome",10528,"Viruses","Preplasmiviricota","Tectiliviricetes","Rowavirales","Adenoviridae","Mastadenovirus","Human mastadenovirus A","Human adenovirus 18","Human adenovirus 18","QCMD3_Q3",25509167
"JN860680.1",35384,310,2,0.00879832,0.00221578,"Human adenovirus 16 strain E26, complete genome",31544,"Viruses","Preplasmiviricota","Tectiliviricetes","Rowavirales","Adenoviridae","Mastadenovirus","Human mastadenovirus B","Human adenovirus 16","Human adenovirus 16","QCMD3_Q3",25509167
"MF502426.1",35341,437,7,0.031485323,0.00776467,"Human adenovirus 21 isolate OHT-006, complete genome",32608,"Viruses","Preplasmiviricota","Tectiliviricetes","Rowavirales","Adenoviridae","Mastadenovirus","Human mastadenovirus B","Human adenovirus 21","Human adenovirus 21","QCMD3_Q3",25509167
"AB448776.1",35215,797,6,0.026151434,0.00667924,"Human adenovirus 37 genomic DNA, complete genome, isolate: 1991",52275,"Viruses","Preplasmiviricota","Tectiliviricetes","Rowavirales","Adenoviridae","Mastadenovirus","Human mastadenovirus D","Human adenovirus D37","Human adenovirus D37","QCMD3_Q3",25509167
"NC_003266.2",35994,7851,124,0.5032641,0.13505,"Human adenovirus E, complete genome",130308,"Viruses","Preplasmiviricota","Tectiliviricetes","Rowavirales","Adenoviridae","Mastadenovirus","Human mastadenovirus E","unclassified Human mastadenovirus E subspecies/strain","unclassified Human mastadenovirus E strain","QCMD3_Q3",25509167
"NC_003663.2",224499,220152,634368,477.61835,110.772,"Cowpox virus, complete genome",10243,"Viruses","Nucleocytoviricota","Pokkesviricetes","Chitovirales","Poxviridae","Orthopoxvirus","Cowpox virus","unclassified Cowpox virus subspecies/strain","unclassified Cowpox virus strain","QCMD3_Q3",25509167
"NC_003310.1",196858,194659,10396358,8128.8164,2070.29,"Monkeypox virus Zaire-96-I-16, complete genome",10244,"Viruses","Nucleocytoviricota","Pokkesviricetes","Chitovirales","Poxviridae","Orthopoxvirus","Monkeypox virus","unclassified Monkeypox virus subspecies/strain","unclassified Monkeypox virus strain","QCMD3_Q3",25509167
"NC_012564.1",5242,2603,160,4.617243,1.19654,"Human bocavirus 3, complete genome",638313,"Viruses","Cossaviricota","Quintoviricetes","Piccovirales","Parvoviridae","Bocaparvovirus","Primate bocaparvovirus 1","Human bocavirus 3","Human bocavirus 3","QCMD3_Q3",25509167
"NC_012042.1",5196,651,11,0.30103052,0.0829903,"Human bocavirus 2c PK isolate PK-5510, complete genome",1511882,"Viruses","Cossaviricota","Quintoviricetes","Piccovirales","Parvoviridae","Bocaparvovirus","Primate bocaparvovirus 2","Human bocavirus 2c PK","Human bocavirus 2c PK","QCMD3_Q3",25509167
"NC_012729.2",5104,273,3,0.06822769,0.0230417,"Human bocavirus 4 NI strain HBoV4-NI-385, complete genome",1511883,"Viruses","Cossaviricota","Quintoviricetes","Piccovirales","Parvoviridae","Bocaparvovirus","Primate bocaparvovirus 2","Human bocavirus 4 NI","Human bocavirus 4 NI","QCMD3_Q3",25509167
"NC_001802.1",9181,5666,30978,456.77466,132.272,"Human immunodeficiency virus 1, complete genome",11676,"Viruses","Artverviricota","Revtraviricetes","Ortervirales","Retroviridae","Lentivirus","Human immunodeficiency virus 1","unclassified Human immunodeficiency virus 1 subspecies/strain","unclassified Human immunodeficiency virus 1 strain","QCMD3_Q3",25509167
"NC_026438.1",10878,453,5,0.068512306,0.0180188,"influenza A H1N1 all segments",641809,"Viruses","Negarnaviricota","Insthoviricetes","Articulavirales","Orthomyxoviridae","Alphainfluenzavirus","Influenza A virus","Influenza A virus (A/California/07/2009(H1N1))","Influenza A virus (A/California/07/2009(H1N1))","QCMD3_Q3",25509167
"NC_007373.1",11286,1432,10,0.1485273,0.0347347,"influenza A H3N2 all segments",335341,"Viruses","Negarnaviricota","Insthoviricetes","Articulavirales","Orthomyxoviridae","Alphainfluenzavirus","Influenza A virus","Influenza A virus (A/New York/392/2004(H3N2))","Influenza A virus (A/New York/392/2004(H3N2))","QCMD3_Q3",25509167
"AB076001.1",2878,150,1,0.054985337,0.0136211,"Torque teno sus virus 1 ORF3, ORF2, ORF1 genes, complete cds, isolate: Sd-TTV31",687386,"Viruses","unclassified Viruses phylum","unclassified Viruses class","unclassified Viruses order","Anelloviridae","Iotatorquevirus","Torque teno sus virus 1a","unclassified Torque teno sus virus 1a subspecies/strain","unclassified Torque teno sus virus 1a strain","QCMD3_Q3",25509167
"AB111964.2",8978,455,4,0.064227454,0.0174656,"Bovine viral diarrhea virus 839cp gene for poryprotein, partai cds, strain: 839cp",233886,"Viruses","Kitrinoviricota","Flasuviricetes","Amarillovirales","Flaviviridae","Pestivirus","Pestivirus A","Bovine viral diarrhea virus 839cp","Bovine viral diarrhea virus 839cp","QCMD3_Q3",25509167
"AB111966.1",9060,253,5,0.078002244,0.0216344,"Bovine viral diarrhea virus 190cp gene for poryprotein, partai cds, strain: 190cp",233888,"Viruses","Kitrinoviricota","Flasuviricetes","Amarillovirales","Flaviviridae","Pestivirus","Pestivirus A","Bovine viral diarrhea virus 190cp","Bovine viral diarrhea virus 190cp","QCMD3_Q3",25509167
"AB331650.1",7303,137,0,0.46581852,0,"Bovine papillomavirus-9 DNA, complete genome",453460,"Viruses","Cossaviricota","Papovaviricetes","Zurhausenvirales","Papillomaviridae","Xipapillomavirus","Xipapillomavirus 1","Bos taurus papillomavirus 9","Bos taurus papillomavirus 9","QCMD3_Q3",25509167
"AB825953.1",149459,170,1,0.0014734544,0.00026229,"Fruit bat alphaherpesvirus 1 DNA, complete genome",1343901,"Viruses","Peploviricota","Herviviricetes","Herpesvirales","Herpesviridae","Simplexvirus","Pteropodid alphaherpesvirus 1","Fruit bat alphaherpesvirus 1","Fruit bat alphaherpesvirus 1","QCMD3_Q3",25509167
"AB847987.1",4733,337,3,0.08793367,0.0248478,"Bufavirus-3 genes for NS1, putative VP1, hypothetical protein, VP2, complete cds, strain: BTN-63",1391667,"Viruses","Cossaviricota","Quintoviricetes","Piccovirales","Parvoviridae","unclassified Parvoviridae genus","Bufavirus-3","unclassified Bufavirus-3 subspecies/strain","unclassified Bufavirus-3 strain","QCMD3_Q3",25509167
"AC090446.27",170275,358,1291,1.0151712,0.297221,"Baboon cytomegalovirus OCOM4-37 clone bacmv, WORKING DRAFT SEQUENCE, 22 unordered pieces",153301,"Viruses","Peploviricota","Herviviricetes","Herpesvirales","Herpesviridae","Cytomegalovirus","Papiine betaherpesvirus 3","Baboon cytomegalovirus OCOM4-37","Baboon cytomegalovirus OCOM4-37","QCMD3_Q3",25509167
"AF033808.1",9392,152,56,0.79852843,0.23374,"Rous sarcoma virus, complete genome",11886,"Viruses","Artverviricota","Revtraviricetes","Ortervirales","Retroviridae","Alpharetrovirus","Rous sarcoma virus","unclassified Rous sarcoma virus subspecies/strain","unclassified Rous sarcoma virus strain","QCMD3_Q3",25509167
"AF033809.1",3392,150,2,0.091301665,0.0231141,"Avian myelocytomatosis virus 29, complete genome",11868,"Viruses","Artverviricota","Revtraviricetes","Ortervirales","Retroviridae","Alpharetrovirus","Avian myelocytomatosis virus 29","unclassified Avian myelocytomatosis virus 29 subspecies/strain","unclassified Avian myelocytomatosis virus 29 strain","QCMD3_Q3",25509167
"AF033812.1",5894,284,4,0.08931059,0.0266044,"Abelson murine leukemia virus, complete genome",11788,"Viruses","Artverviricota","Revtraviricetes","Ortervirales","Retroviridae","Gammaretrovirus","Abelson murine leukemia virus","unclassified Abelson murine leukemia virus subspecies/strain","unclassified Abelson murine leukemia virus strain","QCMD3_Q3",25509167
"AF033814.1",3811,150,8,0.3277793,0.0822915,"Murine osteosarcoma virus, complete genome",11830,"Viruses","Artverviricota","Revtraviricetes","Ortervirales","Retroviridae","Gammaretrovirus","Murine osteosarcoma virus","unclassified Murine osteosarcoma virus subspecies/strain","unclassified Murine osteosarcoma virus strain","QCMD3_Q3",25509167
"AF033818.1",8419,300,52,0.94219375,0.242129,"Bovine leukemia virus complete genome",11901,"Viruses","Artverviricota","Revtraviricetes","Ortervirales","Retroviridae","Deltaretrovirus","Bovine leukemia virus","unclassified Bovine leukemia virus subspecies/strain","unclassified Bovine leukemia virus strain","QCMD3_Q3",25509167
"AF043303.1",4679,3133,438,13.971958,3.66965,"Adeno-associated virus 2, complete genome",10804,"Viruses","Cossaviricota","Quintoviricetes","Piccovirales","Parvoviridae","Dependoparvovirus","Adeno-associated dependoparvovirus A","adeno-associated virus 2","adeno-associated virus 2","QCMD3_Q3",25509167
"AF052428.1",9396,151,88,1.2842311,0.36715,"Rous sarcoma virus strain Schmidt-Ruppin B, complete genome",269447,"Viruses","Artverviricota","Revtraviricetes","Ortervirales","Retroviridae","Alpharetrovirus","Rous sarcoma virus","Rous sarcoma virus - Schmidt-Ruppin B","Rous sarcoma virus - Schmidt-Ruppin B","QCMD3_Q3",25509167
"AF063497.1",4718,1253,57,1.7447461,0.47361,"Adeno-associated virus 1, complete genome",85106,"Viruses","Cossaviricota","Quintoviricetes","Piccovirales","Parvoviridae","Dependoparvovirus","Adeno-associated dependoparvovirus A","Adeno-associated virus - 1","Adeno-associated virus - 1","QCMD3_Q3",25509167
"AF109397.1",1768,1294,53,4.445612,1.17516,"Bovine circovirus, complete genome",85542,"Viruses","Cressdnaviricota","Arfiviricetes","Cirlivirales","Circoviridae","Circovirus","Porcine circovirus 2","Bovine circovirus","Bovine circovirus","QCMD3_Q3",25509167
"AF126467.1",8105,1710,2352,39.51603,11.376,"Simian retrovirus 2, complete genome",39068,"Viruses","Artverviricota","Revtraviricetes","Ortervirales","Retroviridae","Betaretrovirus","Mason-Pfizer monkey virus","Simian retrovirus 2","Simian retrovirus 2","QCMD3_Q3",25509167
"AF316321.2",7411,400,2,0.05508883,0.0105793,"Enterovirus 5865/sin/000009, complete genome",150846,"Viruses","Pisuviricota","Pisoniviricetes","Picornavirales","Picornaviridae","Enterovirus","Enterovirus A","Enterovirus 5865/sin/000009","Enterovirus 5865/sin/000009","QCMD3_Q3",25509167
"AF352024.1",5776,155,2,0.061677925,0.013574,"Beet chlorosis virus isolate BChV-2a, complete genome",131082,"Viruses","Pisuviricota","Pisoniviricetes","Sobelivirales","Solemoviridae","Polerovirus","Beet chlorosis virus","unclassified Beet chlorosis virus subspecies/strain","unclassified Beet chlorosis virus strain","QCMD3_Q3",25509167
"AF356697.1",8072,150,25,0.37528402,0.121412,"Porcine endogenous retrovirus class E clone P14.1, complete genome",168238,"Viruses","Artverviricota","Revtraviricetes","Ortervirales","Retroviridae","Gammaretrovirus","Porcine type-C oncovirus","Porcine endogenous retrovirus E","Porcine endogenous retrovirus E","QCMD3_Q3",25509167
"AF406966.1",5610,2192,2288,57.35586,15.9881,"Bovine parvovirus 2 putative non-structural protein and putative capsid protein genes, complete cds",172296,"Viruses","Cossaviricota","Quintoviricetes","Piccovirales","Parvoviridae","Copiparvovirus","Ungulate copiparvovirus 1","Bovine parvovirus - 2","Bovine parvovirus - 2","QCMD3_Q3",25509167
"AF406967.1",5276,284,291,3.4760046,2.16218,"Bovine parvovirus 3 putative non-structural protein and putative capsid protein genes, complete cds",172297,"Viruses","Cossaviricota","Quintoviricetes","Piccovirales","Parvoviridae","Erythroparvovirus","Ungulate erythroparvovirus 1","Bovine parvovirus 3","Bovine parvovirus 3","QCMD3_Q3",25509167
"AF473561.1",5666,242,2,0.06399565,0.0138375,"Beet western yellows virus strain USA, complete genome",12042,"Viruses","Pisuviricota","Pisoniviricetes","Sobelivirales","Solemoviridae","Polerovirus","Beet western yellows virus","unclassified Beet western yellows virus subspecies/strain","unclassified Beet western yellows virus strain","QCMD3_Q3",25509167
"AF513851.1",4721,792,21,0.693065,0.174377,"Adeno-associated virus 7 nonstructural protein and capsid protein genes, complete cds",202812,"Viruses","Cossaviricota","Quintoviricetes","Piccovirales","Parvoviridae","Dependoparvovirus","Adeno-associated dependoparvovirus A","Adeno-associated virus - 7","Adeno-associated virus - 7","QCMD3_Q3",25509167
"AY037928.1",9472,8410,1374,20.331474,5.68655,"Human endogenous retrovirus K113 complete genome",166122,"Viruses","Artverviricota","Revtraviricetes","Ortervirales","Retroviridae","unclassified Retroviridae genus","Human endogenous retrovirus K","Human endogenous retrovirus K113","Human endogenous retrovirus K113","QCMD3_Q3",25509167
"AY197548.2",7448,204,3,0.73554397,0.0157901,"Enzootic nasal tumour virus of goats, complete genome",239365,"Viruses","Artverviricota","Revtraviricetes","Ortervirales","Retroviridae","Betaretrovirus","Enzootic nasal tumour virus of goats","unclassified Enzootic nasal tumour virus of goats subspecies/strain","unclassified Enzootic nasal tumour virus of goats strain","QCMD3_Q3",25509167
"AY695933.1",5723,1251,14,0.3685627,0.0958977,"Carrot red leaf virus strain UK-1, complete genome",66200,"Viruses","Pisuviricota","Pisoniviricetes","Sobelivirales","Solemoviridae","Polerovirus","Carrot red leaf virus","unclassified Carrot red leaf virus subspecies/strain","unclassified Carrot red leaf virus strain","QCMD3_Q3",25509167
"AY823990.1",2872,394,8,0.3883174,0.109197,"Torque teno sus virus 1b isolate 1p, complete genome",687387,"Viruses","unclassified Viruses phylum","unclassified Viruses class","unclassified Viruses order","Anelloviridae","Iotatorquevirus","Torque teno sus virus 1b","unclassified Torque teno sus virus 1b subspecies/strain","unclassified Torque teno sus virus 1b strain","QCMD3_Q3",25509167
"AY843304.1",7400,123,3,0.05062069,0.0158925,"Human enterovirus 86 strain BAN00-10354, complete genome",318569,"Viruses","Pisuviricota","Pisoniviricetes","Picornavirales","Picornaviridae","Enterovirus","Enterovirus B","Enterovirus B86","Enterovirus B86","QCMD3_Q3",25509167
"CY187626.1",1737,174,1,0.10964083,0.0225686,"Influenza A virus (A/Houston/JMM_42/2012(H3N2)) hemagglutinin (HA) gene, complete cds",1383502,"Viruses","Negarnaviricota","Insthoviricetes","Articulavirales","Orthomyxoviridae","Alphainfluenzavirus","Influenza A virus","Influenza A virus (A/Houston/JMM_42/2012(H3N2))","Influenza A virus (A/Houston/JMM_42/2012(H3N2))","QCMD3_Q3",25509167
"CY187633.1",2311,136,1,0.062933825,0.016963,"Influenza A virus (A/Houston/JMM_42/2012(H3N2)) polymerase PB2 (PB2) gene, complete cds",1383502,"Viruses","Negarnaviricota","Insthoviricetes","Articulavirales","Orthomyxoviridae","Alphainfluenzavirus","Influenza A virus","Influenza A virus (A/Houston/JMM_42/2012(H3N2))","Influenza A virus (A/Houston/JMM_42/2012(H3N2))","QCMD3_Q3",25509167
"D10032.1",8507,7311,63339,1108.2618,291.876,"Baboon endogenous virus strain M7 proviral DNA, complete genome",11764,"Viruses","Artverviricota","Revtraviricetes","Ortervirales","Retroviridae","Gammaretrovirus","Baboon endogenous virus","Baboon endogenous virus strain M7","Baboon endogenous virus strain M7","QCMD3_Q3",25509167
"EF458162.1",12745,167,3,0.04168321,0.00922752,"Fowl adenovirus 10, partial genome",10547,"Viruses","Preplasmiviricota","Tectiliviricetes","Rowavirales","Adenoviridae","Aviadenovirus","Fowl aviadenovirus C","Fowl aviadenovirus 10","Fowl aviadenovirus 10","QCMD3_Q3",25509167
"EU030001.1",8406,2927,290,5.995397,1.35242,"RD114 retrovirus isolate SC3C, complete genome",11834,"Viruses","Artverviricota","Revtraviricetes","Ortervirales","Retroviridae","Gammaretrovirus","RD114 retrovirus","unclassified RD114 retrovirus subspecies/strain","unclassified RD114 retrovirus strain","QCMD3_Q3",25509167
"FJ025900.1",37188,381,3,0.2422107,0.00316244,"Simian adenovirus 43, complete genome",585077,"Viruses","Preplasmiviricota","Tectiliviricetes","Rowavirales","Adenoviridae","Mastadenovirus","Human mastadenovirus C","Simian adenovirus 43","Simian adenovirus 43","QCMD3_Q3",25509167
"FJ025902.1",37820,22946,345,1.3634458,0.357603,"Simian adenovirus 42.2, complete genome",585098,"Viruses","Preplasmiviricota","Tectiliviricetes","Rowavirales","Adenoviridae","Mastadenovirus","Human mastadenovirus C","Simian adenovirus 42.2","Simian adenovirus 42.2","QCMD3_Q3",25509167
"FJ025904.1",37860,2099,19,0.1617608,0.0196733,"Simian adenovirus 31.2, complete genome",585088,"Viruses","Preplasmiviricota","Tectiliviricetes","Rowavirales","Adenoviridae","Mastadenovirus","Human mastadenovirus C","Simian adenovirus 31.2","Simian adenovirus 31.2","QCMD3_Q3",25509167
"FJ025908.1",35694,764,8,0.036546253,0.00878615,"Simian adenovirus 33, complete genome",585067,"Viruses","Preplasmiviricota","Tectiliviricetes","Rowavirales","Adenoviridae","Mastadenovirus","Human mastadenovirus B","Simian adenovirus 33","Simian adenovirus 33","QCMD3_Q3",25509167
"FJ025921.1",36635,13849,442,1.7494313,0.472966,"Simian adenovirus 37.1, complete genome",585091,"Viruses","Preplasmiviricota","Tectiliviricetes","Rowavirales","Adenoviridae","Mastadenovirus","Human mastadenovirus E","Simian adenovirus 37.1","Simian adenovirus 37.1","QCMD3_Q3",25509167
"FJ025927.1",35767,790,5,0.025886515,0.00548013,"Simian adenovirus 41.2, complete genome",585096,"Viruses","Preplasmiviricota","Tectiliviricetes","Rowavirales","Adenoviridae","Mastadenovirus","Human mastadenovirus B","Simian adenovirus 41.2","Simian adenovirus 41.2","QCMD3_Q3",25509167
"FJ655418.1",1767,461,4,0.4384663,0.0887416,"Porcine circovirus type 1/2a isolate FMV08-1114252, complete genome",720569,"Viruses","Cressdnaviricota","Arfiviricetes","Cirlivirales","Circoviridae","Circovirus","Porcine circovirus type 1/2a","unclassified Porcine circovirus type 1/2a subspecies/strain","unclassified Porcine circovirus type 1/2a strain","QCMD3_Q3",25509167
"FJ971077.1",8126,776,435,9.300276,2.09853,"Simian retrovirus 4 strain SRV4/TEX/2009/V1, complete genome",723802,"Viruses","Artverviricota","Revtraviricetes","Ortervirales","Retroviridae","Betaretrovirus","Simian retrovirus 4","unclassified Simian retrovirus 4 subspecies/strain","unclassified Simian retrovirus 4 strain","QCMD3_Q3",25509167
"FN824512.2",45480,176,1,0.19448489,0.000861952,"Pigeon adenovirus 1 complete genome, strain IDA4",764030,"Viruses","Preplasmiviricota","Tectiliviricetes","Rowavirales","Adenoviridae","Aviadenovirus","Pigeon aviadenovirus A","Pigeon adenovirus 1","Pigeon adenovirus 1","QCMD3_Q3",25509167
"GQ387499.1",5905,2146,17,0.44465682,0.112858,"Porcine parvovirus 4 clone 17 replicase, ORF3, and capsid genes, complete cds",707546,"Viruses","Cossaviricota","Quintoviricetes","Piccovirales","Parvoviridae","Copiparvovirus","Ungulate copiparvovirus 2","Porcine parvovirus 4","Porcine parvovirus 4","QCMD3_Q3",25509167
"GU936707.2",45413,174,1,0.0074232817,0.000863224,"Turkey adenovirus 1 strain D90/2, complete genome",878329,"Viruses","Preplasmiviricota","Tectiliviricetes","Rowavirales","Adenoviridae","Aviadenovirus","Turkey aviadenovirus B","Turkey adenovirus 1","Turkey adenovirus 1","QCMD3_Q3",25509167
"HM011560.1",4926,1236,8,0.25879398,0.0636648,"Polyomavirus HPyV6 isolate 607a, complete genome",746830,"Viruses","Cossaviricota","Papovaviricetes","Sepolyvirales","Polyomaviridae","Deltapolyomavirus","Deltapolyomavirus sextihominis","Human polyomavirus 6","Human polyomavirus 6","QCMD3_Q3",25509167
"HM145750.1",4944,1517,31,0.8794326,0.245803,"Bocavirus gorilla/GBoV1/2009, complete genome",864686,"Viruses","Cossaviricota","Quintoviricetes","Piccovirales","Parvoviridae","Bocaparvovirus","Primate bocaparvovirus 1","Bocavirus gorilla/GBoV1/2009","Bocavirus gorilla/GBoV1/2009","QCMD3_Q3",25509167
"HQ388348.2",5666,1890,21,0.5273749,0.145294,"Brassica yellows virus isolate BrYV-ABJ, complete genome",1046403,"Viruses","Pisuviricota","Pisoniviricetes","Sobelivirales","Solemoviridae","Polerovirus","Turnip yellows virus","Brassica yellows virus","Brassica yellows virus","QCMD3_Q3",25509167
"HQ913600.1",36838,217,1,0.006923245,0.00106416,"Titi monkey adenovirus ECC-2011, complete genome",994672,"Viruses","Preplasmiviricota","Tectiliviricetes","Rowavirales","Adenoviridae","Mastadenovirus","Platyrrhini mastadenovirus A","Titi monkey adenovirus ECC-2011","Titi monkey adenovirus ECC-2011","QCMD3_Q3",25509167
"J02207.1",997,138,5,0.7756789,0.196598,"harvey murine sarcoma virus p21 v-has protein gene",11807,"Viruses","Artverviricota","Revtraviricetes","Ortervirales","Retroviridae","Gammaretrovirus","Harvey murine sarcoma virus","unclassified Harvey murine sarcoma virus subspecies/strain","unclassified Harvey murine sarcoma virus strain","QCMD3_Q3",25509167
"JF304767.1",7664,118,287,8.490551,1.46801,"Saimiri sciureus papillomavirus type 3 isolate Mac2167.2, complete genome",990306,"Viruses","Cossaviricota","Papovaviricetes","Zurhausenvirales","Papillomaviridae","Dyoomikronpapillomavirus","Dyoomikronpapillomavirus 1","Saimiri sciureus papillomavirus 3","Saimiri sciureus papillomavirus 3","QCMD3_Q3",25509167
"JN254802.1",36711,16299,570,2.2425535,0.608671,"Chimpanzee adenovirus Y25, complete genome",1123958,"Viruses","Preplasmiviricota","Tectiliviricetes","Rowavirales","Adenoviridae","Mastadenovirus","Human mastadenovirus E","Chimpanzee adenovirus Y25","Chimpanzee adenovirus Y25","QCMD3_Q3",25509167
"JN880454.1",35578,162,0,0.0045726546,0,"Simian adenovirus A1312, complete genome",1159192,"Viruses","Preplasmiviricota","Tectiliviricetes","Rowavirales","Adenoviridae","Mastadenovirus","Simian adenovirus B","Simian adenovirus A1312","Simian adenovirus A1312","QCMD3_Q3",25509167
"JX027296.1",4822,287,2,0.061429795,0.0162595,"Primate protoparvovirus 1 strain BF.86 NS1, putative VP1, hypothetical protein, and VP2 genes, complete cds",1511907,"Viruses","Cossaviricota","Quintoviricetes","Piccovirales","Parvoviridae","Protoparvovirus","Primate protoparvovirus 1","unclassified Primate protoparvovirus 1 subspecies/strain","unclassified Primate protoparvovirus 1 strain","QCMD3_Q3",25509167
"JX297512.1",11640,150,1,0.01305483,0.00336783,"Bovine viral diarrhea virus type 1b isolate 10270 polyprotein gene, complete cds",981676,"Viruses","Kitrinoviricota","Flasuviricetes","Amarillovirales","Flaviviridae","Pestivirus","Pestivirus A","Bovine viral diarrhea virus 1b","Bovine viral diarrhea virus 1b","QCMD3_Q3",25509167
"JX896321.1",5805,1259,14,0.36976126,0.094543,"Porcine parvovirus 5 isolate IA469 clone 1, complete genome",1241957,"Viruses","Cossaviricota","Quintoviricetes","Piccovirales","Parvoviridae","Protoparvovirus","Porcine parvovirus 5","unclassified Porcine parvovirus 5 subspecies/strain","unclassified Porcine parvovirus 5 strain","QCMD3_Q3",25509167
"KC617868.1",3780,251,66,2.5358126,0.684472,"Parvovirus NIH-CQV putative 15-kDa protein, putative replication associated protein (rep), and putative capsid protein (cap) genes, complete cds",1341019,"Viruses","Cossaviricota","Quintoviricetes","Piccovirales","Parvoviridae","unclassified Parvoviridae genus","Parvovirus NIH-CQV","unclassified Parvovirus NIH-CQV subspecies/strain","unclassified Parvovirus NIH-CQV strain","QCMD3_Q3",25509167
"KC802221.1",15696,9850,103,1.0091985,0.257248,"Phocine distemper virus strain PDV/Wadden_Sea.NLD/1988, complete genome",11240,"Viruses","Negarnaviricota","Monjiviricetes","Mononegavirales","Paramyxoviridae","Morbillivirus","Phocine morbillivirus","unclassified Phocine morbillivirus subspecies/strain","unclassified Phocine morbillivirus strain","QCMD3_Q3",25509167
"KF006399.1",7203,144,14,0.28115696,0.0761936,"Human papillomavirus type 172, complete genome",1434987,"Viruses","Cossaviricota","Papovaviricetes","Zurhausenvirales","Papillomaviridae","Gammapapillomavirus","Gammapapillomavirus 22","Human papillomavirus 172","Human papillomavirus 172","QCMD3_Q3",25509167
"KF360047.1",34163,32268,1590,6.9777436,1.8245,"UNVERIFIED: Simian adenovirus ch1 isolate SAdV-ch1 genomic sequence",1509400,"Viruses","Preplasmiviricota","Tectiliviricetes","Rowavirales","Adenoviridae","Mastadenovirus","Human mastadenovirus A","Simian adenovirus ch1","Simian adenovirus ch1","QCMD3_Q3",25509167
"KF703446.1",127320,1057,1022,1.3309429,0.314672,"Retroperitoneal fibromatosis-associated herpesvirus isolate RFHVMnM78114, complete genome",111469,"Viruses","Peploviricota","Herviviricetes","Herpesvirales","Herpesviridae","Rhadinovirus","Macacine gammaherpesvirus 8","Retroperitoneal fibromatosis-associated herpesvirus","Retroperitoneal fibromatosis-associated herpesvirus","QCMD3_Q3",25509167
"KJ541759.1",33452,184,34,0.24518047,0.0398438,"Ball python nidovirus strain 07-53, complete genome",1986118,"Viruses","Pisuviricota","Pisoniviricetes","Nidovirales","Tobaniviridae","Pregotovirus","Ball python nidovirus 1","unclassified Ball python nidovirus 1 subspecies/strain","unclassified Ball python nidovirus 1 strain","QCMD3_Q3",25509167
"KM269482.1",7875,177,6,0.21372168,0.0298679,"Encephalomyocarditis virus strain ATCC VR-129B, complete genome",12104,"Viruses","Pisuviricota","Pisoniviricetes","Picornavirales","Picornaviridae","Cardiovirus","Cardiovirus A","Encephalomyocarditis virus","Encephalomyocarditis virus","QCMD3_Q3",25509167
"KM972720.1",4467,117,20,0.18369238,0.175516,"Tete virus strain SaAn 3518 glycoprotein precursor, gene, complete cds",35319,"Viruses","Negarnaviricota","Ellioviricetes","Bunyavirales","Peribunyaviridae","Orthobunyavirus","Tete orthobunyavirus","unclassified Tete orthobunyavirus subspecies/strain","unclassified Tete orthobunyavirus strain","QCMD3_Q3",25509167
"KP175580.1",10485,113,42,0.45563617,0.157031,"Desmodus rotundus endogenous retrovirus isolate 824, complete genome",1622024,"Viruses","Artverviricota","Revtraviricetes","Ortervirales","Retroviridae","Betaretrovirus","Desmodus rotundus endogenous retrovirus","unclassified Desmodus rotundus endogenous retrovirus subspecies/strain","unclassified Desmodus rotundus endogenous retrovirus strain","QCMD3_Q3",25509167
"KP289357.1",7398,321,6,0.15452538,0.0317937,"Coxsackievirus A2 isolate CV-A2/P14/2013/China, complete genome",33757,"Viruses","Pisuviricota","Pisoniviricetes","Picornavirales","Picornaviridae","Enterovirus","Enterovirus A","Coxsackievirus A2","Coxsackievirus A2","QCMD3_Q3",25509167
"KP329566.1",35670,264,2,0.00838964,0.00219801,"Simian adenovirus 17 strain B-105, complete genome",1715779,"Viruses","Preplasmiviricota","Tectiliviricetes","Rowavirales","Adenoviridae","Mastadenovirus","Simian mastadenovirus F","Simian adenovirus 17","Simian adenovirus 17","QCMD3_Q3",25509167
"KR135164.1",43842,177,105,0.62340933,0.0938864,"Duck adenovirus 2 strain CH-GD-12-2014, complete genome",1520006,"Viruses","Preplasmiviricota","Tectiliviricetes","Rowavirales","Adenoviridae","Aviadenovirus","Duck aviadenovirus B","Duck adenovirus 2","Duck adenovirus 2","QCMD3_Q3",25509167
"KT149397.1",2985,2342,1435,73.52346,18.8457,"Circovirus-like genome DCCV-4, complete genome",1788444,"Viruses","Cressdnaviricota","Arfiviricetes","Cirlivirales","Circoviridae","unclassified Circoviridae genus","Circovirus-like genome DCCV-4","unclassified Circovirus-like genome DCCV-4 subspecies/strain","unclassified Circovirus-like genome DCCV-4 strain","QCMD3_Q3",25509167
"KT149406.1",2433,1271,412,24.761717,6.63833,"Circovirus-like genome DCCV-13, complete genome",1788441,"Viruses","Cressdnaviricota","Arfiviricetes","Cirlivirales","Circoviridae","unclassified Circoviridae genus","Circovirus-like genome DCCV-13","unclassified Circovirus-like genome DCCV-13 subspecies/strain","unclassified Circovirus-like genome DCCV-13 strain","QCMD3_Q3",25509167
"KT965075.1",4281,150,1,0.03631082,0.00915711,"Protoparvovirus Zsana/2013/HUN non-structural protein gene, partial cds; putative middle protein gene, complete cds; and structural protein-like gene, partial sequence",1755694,"Viruses","Cossaviricota","Quintoviricetes","Piccovirales","Parvoviridae","Protoparvovirus","Ungulate protoparvovirus 2","Protoparvovirus Zsana/2013/HUN","Protoparvovirus Zsana/2013/HUN","QCMD3_Q3",25509167
"KU172423.1",5254,1714,1696,42.678486,12.6543,"Bovine hokovirus 2 strain bovine hokovirus 2 strain BS-S13 nonstructural protein (NS1), minor capsid protein (VP1), and major capsid protein (VP2) genes, complete cds",1096141,"Viruses","Cossaviricota","Quintoviricetes","Piccovirales","Parvoviridae","Tetraparvovirus","Ungulate tetraparvovirus 1","Bovine hokovirus 2","Bovine hokovirus 2","QCMD3_Q3",25509167
"KU315178.1",5813,337,7,0.17729118,0.0472065,"Pepo aphid-borne yellows virus isolate RSA BB Marrow, complete genome",1462681,"Viruses","Pisuviricota","Pisoniviricetes","Sobelivirales","Solemoviridae","Polerovirus","Pepo aphid-borne yellows virus","unclassified Pepo aphid-borne yellows virus subspecies/strain","unclassified Pepo aphid-borne yellows virus strain","QCMD3_Q3",25509167
"KU351741.1",137448,284,1,0.20591706,0.00028521,"Macaca nemestrina herpesvirus 7, complete genome",1846169,"Viruses","Peploviricota","Herviviricetes","Herpesvirales","Herpesviridae","Roseolovirus","Macacine betaherpesvirus 9","Macaca nemestrina herpesvirus 7","Macaca nemestrina herpesvirus 7","QCMD3_Q3",25509167
"KU605777.1",8126,710,625,11.133024,3.01514,"Simian retrovirus 8 strain SRV8/SUZ/2012, complete genome",1904439,"Viruses","Artverviricota","Revtraviricetes","Ortervirales","Retroviridae","Betaretrovirus","Simian retrovirus 8","unclassified Simian retrovirus 8 subspecies/strain","unclassified Simian retrovirus 8 strain","QCMD3_Q3",25509167
"KU749309.1",203453,15864,65,0.94827425,0.0125243,"Raccoonpox virus strain 85A, complete genome",10256,"Viruses","Nucleocytoviricota","Pokkesviricetes","Chitovirales","Poxviridae","Orthopoxvirus","Raccoonpox virus","unclassified Raccoonpox virus subspecies/strain","unclassified Raccoonpox virus strain","QCMD3_Q3",25509167
"KU749310.1",222832,16613,310,1.5917586,0.0545366,"Skunkpox virus strain WA, complete genome",160796,"Viruses","Nucleocytoviricota","Pokkesviricetes","Chitovirales","Poxviridae","Orthopoxvirus","Skunkpox virus","unclassified Skunkpox virus subspecies/strain","unclassified Skunkpox virus strain","QCMD3_Q3",25509167
"KU749311.1",217124,13744,348,1.1598349,0.0628312,"Volepox virus strain CA, complete genome",28874,"Viruses","Nucleocytoviricota","Pokkesviricetes","Chitovirales","Poxviridae","Orthopoxvirus","Volepox virus","unclassified Volepox virus subspecies/strain","unclassified Volepox virus strain","QCMD3_Q3",25509167
"KU936049.1",137452,2246,154,1.6614106,0.0439211,"Bubaline alphaherpesvirus 1 strain b6, complete genome",202910,"Viruses","Peploviricota","Herviviricetes","Herpesvirales","Herpesviridae","Varicellovirus","Bubaline alphaherpesvirus 1","unclassified Bubaline alphaherpesvirus 1 subspecies/strain","unclassified Bubaline alphaherpesvirus 1 strain","QCMD3_Q3",25509167
"KU976877.1",2342,150,1,0.068430655,0.0167385,"Influenza A virus (A/swine/Mexico/AVX49/2013(H1N2)) segment 1 polymerase PB2 (PB2) gene, complete cds",1820574,"Viruses","Negarnaviricota","Insthoviricetes","Articulavirales","Orthomyxoviridae","Alphainfluenzavirus","Influenza A virus","Influenza A virus (A/swine/Mexico/AVX49/2013(H1N2))","Influenza A virus (A/swine/Mexico/AVX49/2013(H1N2))","QCMD3_Q3",25509167
"KY019139.2",5371,218,113,3.2465045,0.824759,"Bosavirus MS-2016a, complete genome",1917013,"Viruses","Cossaviricota","Quintoviricetes","Piccovirales","Parvoviridae","Copiparvovirus","Ungulate copiparvovirus 5","Bosavirus MS-2016a","Bosavirus MS-2016a","QCMD3_Q3",25509167
"KY040274.1",192183,306,33,0.019882,0.00673136,"Molluscum contagiosum virus subtype 2 isolate Madrid 2016_1, complete genome",10281,"Viruses","Nucleocytoviricota","Pokkesviricetes","Chitovirales","Poxviridae","Molluscipoxvirus","Molluscum contagiosum virus","Molluscum contagiosum virus subtype 2","Molluscum contagiosum virus subtype 2","QCMD3_Q3",25509167
"KY040275.1",188253,798,1,0.062487043,0.000208239,"Molluscum contagiosum virus subtype 1 isolate Madrid 2016_3, complete genome",10280,"Viruses","Nucleocytoviricota","Pokkesviricetes","Chitovirales","Poxviridae","Molluscipoxvirus","Molluscum contagiosum virus","Molluscum contagiosum virus subtype 1","Molluscum contagiosum virus subtype 1","QCMD3_Q3",25509167
"KY215944.1",135301,1117,1679,2.044491,0.486467,"Bovine alphaherpesvirus 1 isolate 216 II, complete genome",10320,"Viruses","Peploviricota","Herviviricetes","Herpesvirales","Herpesviridae","Varicellovirus","Bovine alphaherpesvirus 1","unclassified Bovine alphaherpesvirus 1 subspecies/strain","unclassified Bovine alphaherpesvirus 1 strain","QCMD3_Q3",25509167
"KY385637.1",147346,524,0,0.04579608,0,"Ateline alphaherpesvirus 1 isolate Lennette, complete genome",35243,"Viruses","Peploviricota","Herviviricetes","Herpesvirales","Herpesviridae","Simplexvirus","Ateline alphaherpesvirus 1","unclassified Ateline alphaherpesvirus 1 subspecies/strain","unclassified Ateline alphaherpesvirus 1 strain","QCMD3_Q3",25509167
"KY490071.1",235397,8257,71,0.045488358,0.0118239,"Human betaherpesvirus 5 strain HANChild1, complete genome",10359,"Viruses","Peploviricota","Herviviricetes","Herpesvirales","Herpesviridae","Cytomegalovirus","Human betaherpesvirus 5","unclassified Human betaherpesvirus 5 subspecies/strain","unclassified Human betaherpesvirus 5 strain","QCMD3_Q3",25509167
"KY523072.1",6125,414,3,0.0692887,0.0192008,"Pepper vein yellows virus 5 isolate Spain-Almeria 2-2013, complete genome",1965355,"Viruses","Pisuviricota","Pisoniviricetes","Sobelivirales","Solemoviridae","Polerovirus","Pepper vein yellows virus 5","unclassified Pepper vein yellows virus 5 subspecies/strain","unclassified Pepper vein yellows virus 5 strain","QCMD3_Q3",25509167
"KY549446.1",137712,797,0,0.103080794,0,"Bovine alphaherpesvirus 5 strain ISO 97/45, complete genome",35244,"Viruses","Peploviricota","Herviviricetes","Herpesvirales","Herpesviridae","Varicellovirus","Bovine alphaherpesvirus 5","unclassified Bovine alphaherpesvirus 5 subspecies/strain","unclassified Bovine alphaherpesvirus 5 strain","QCMD3_Q3",25509167
"KY581736.1",4872,696,13,0.41338417,0.104602,"Gorilla bocaparvovirus 2 isolate GBOV2/GAB1, partial genome",1986196,"Viruses","Cossaviricota","Quintoviricetes","Piccovirales","Parvoviridae","Bocaparvovirus","Primate bocaparvovirus 2","Gorilla bocaparvovirus 2","Gorilla bocaparvovirus 2","QCMD3_Q3",25509167
"KY628971.1",155462,251,0,0.005517925,0,"Macacine alphaherpesvirus 1 isolate 12930, complete genome",10325,"Viruses","Peploviricota","Herviviricetes","Herpesvirales","Herpesviridae","Simplexvirus","Macacine alphaherpesvirus 1","unclassified Macacine alphaherpesvirus 1 subspecies/strain","unclassified Macacine alphaherpesvirus 1 strain","QCMD3_Q3",25509167
"KY965444.1",167212,186,2,0.0019992578,0.000468885,"Common bottlenose dolphin gammaherpesvirus 1 strain Sarasota, complete genome",2022783,"Viruses","Peploviricota","Herviviricetes","Herpesvirales","Herpesviridae","Rhadinovirus","Common bottlenose dolphin gammaherpesvirus 1 strain Sarasota","unclassified Common bottlenose dolphin gammaherpesvirus 1 strain Sarasota subspecies/strain","unclassified Common bottlenose dolphin gammaherpesvirus 1 strain Sarasota strain","QCMD3_Q3",25509167
"L23427.1",5075,2046,19,0.61177665,0.146765,"Porcine parvovirus (NADL-2) DNA fragment encoding PT4 and PT40",10796,"Viruses","Cossaviricota","Quintoviricetes","Piccovirales","Parvoviridae","Protoparvovirus","Ungulate protoparvovirus 1","Porcine parvovirus","Porcine parvovirus","QCMD3_Q3",25509167
"LC075584.1",144636,203,0,0.019385962,0,"Equid alphaherpesvirus 4 DNA, complete genome, strain: 01-10-1",10331,"Viruses","Peploviricota","Herviviricetes","Herpesvirales","Herpesviridae","Varicellovirus","Equid alphaherpesvirus 4","unclassified Equid alphaherpesvirus 4 subspecies/strain","unclassified Equid alphaherpesvirus 4 strain","QCMD3_Q3",25509167
"LR027540.1",7398,522,7,0.13714129,0.0370926,"Coxsackievirus A7 isolate CV-A7|37183|TKM|2010 genome assembly, complete genome: monopartite",42787,"Viruses","Pisuviricota","Pisoniviricetes","Picornavirales","Picornaviridae","Enterovirus","Enterovirus A","Coxsackievirus A7","Coxsackievirus A7","QCMD3_Q3",25509167
"LT594108.1",151216,542,3,0.005831888,0.000777727,"Human herpesvirus 1 isolate 1319_2005 genome assembly, complete genome: monopartite",10298,"Viruses","Peploviricota","Herviviricetes","Herpesvirales","Herpesviridae","Simplexvirus","Human alphaherpesvirus 1","unclassified Human alphaherpesvirus 1 subspecies/strain","unclassified Human alphaherpesvirus 1 strain","QCMD3_Q3",25509167
"LT797627.1",138912,7855,64,0.06727346,0.0180611,"Human herpesvirus 2 isolate 1 genome assembly, complete genome: monopartite",10310,"Viruses","Peploviricota","Herviviricetes","Herpesvirales","Herpesviridae","Simplexvirus","Human alphaherpesvirus 2","unclassified Human alphaherpesvirus 2 subspecies/strain","unclassified Human alphaherpesvirus 2 strain","QCMD3_Q3",25509167
"M22820.1",4901,408,17,0.4784256,0.135978,"Snyder-Theilen feline sarcoma virus genomic sequence, sequence",11780,"Viruses","Artverviricota","Revtraviricetes","Ortervirales","Retroviridae","Gammaretrovirus","Snyder-Theilen feline sarcoma virus","unclassified Snyder-Theilen feline sarcoma virus subspecies/strain","unclassified Snyder-Theilen feline sarcoma virus strain","QCMD3_Q3",25509167
"MF001304.1",204055,1456,4,0.05198009,0.000768452,"Murmansk poxvirus strain LEIV-11411, complete genome",2025359,"Viruses","Nucleocytoviricota","Pokkesviricetes","Chitovirales","Poxviridae","Centapoxvirus","Murmansk microtuspox virus","Murmansk poxvirus","Murmansk poxvirus","QCMD3_Q3",25509167
"MF327535.1",7676,138,0,0.5914164,0,"Ailuropoda melanoleuca papillomavirus 1 strain gpam001, complete genome",2016454,"Viruses","Cossaviricota","Papovaviricetes","Zurhausenvirales","Papillomaviridae","Omegapapillomavirus","Omegapapillomavirus 1","Ailuropoda melanoleuca papillomavirus 1","Ailuropoda melanoleuca papillomavirus 1","QCMD3_Q3",25509167
"MF898328.1",125095,196,0,0.33235425,0,"Human alphaherpesvirus 3 strain Baike, complete genome",10335,"Viruses","Peploviricota","Herviviricetes","Herpesvirales","Herpesviridae","Varicellovirus","Human alphaherpesvirus 3","unclassified Human alphaherpesvirus 3 subspecies/strain","unclassified Human alphaherpesvirus 3 strain","QCMD3_Q3",25509167
"MG148335.1",43721,173,0,0.01009846,0,"Fowl aviadenovirus 4 isolate CH/AHMC/2015, complete genome",130663,"Viruses","Preplasmiviricota","Tectiliviricetes","Rowavirales","Adenoviridae","Aviadenovirus","Fowl aviadenovirus C","Fowl aviadenovirus 4","Fowl aviadenovirus 4","QCMD3_Q3",25509167
"MG212485.1",7395,587,15,0.2968944,0.0795164,"Enterovirus A isolate 13688, complete genome",138948,"Viruses","Pisuviricota","Pisoniviricetes","Picornavirales","Picornaviridae","Enterovirus","Enterovirus A","unclassified Enterovirus A subspecies/strain","unclassified Enterovirus A strain","QCMD3_Q3",25509167
"MG543471.1",3999,698,7,0.26136658,0.0686199,"Porcine parvovirus 7 isolate GX49, complete genome",1820046,"Viruses","Cossaviricota","Quintoviricetes","Piccovirales","Parvoviridae","Chaphamaparvovirus","Ungulate chaphamaparvovirus 1","Porcine parvovirus 7","Porcine parvovirus 7","QCMD3_Q3",25509167
"MG712775.1",44454,156,0,0.3814554,0,"Fowl adenovirus 8b isolate SD1356, complete genome",586029,"Viruses","Preplasmiviricota","Tectiliviricetes","Rowavirales","Adenoviridae","Aviadenovirus","Fowl aviadenovirus E","Fowl adenovirus 8b","Fowl adenovirus 8b","QCMD3_Q3",25509167
"MG972981.1",5759,875,1441,33.166695,9.80891,"Ungulate copiparvovirus 1 strain QQHE16, complete genome",1511889,"Viruses","Cossaviricota","Quintoviricetes","Piccovirales","Parvoviridae","Copiparvovirus","Ungulate copiparvovirus 1","unclassified Ungulate copiparvovirus 1 subspecies/strain","unclassified Ungulate copiparvovirus 1 strain","QCMD3_Q3",25509167
"MH036942.1",138199,705,0,0.048106108,0,"Cervid alphaherpesvirus 1 strain Anlier, complete genome",79891,"Viruses","Peploviricota","Herviviricetes","Herpesvirales","Herpesviridae","Varicellovirus","Cervid alphaherpesvirus 1","unclassified Cervid alphaherpesvirus 1 subspecies/strain","unclassified Cervid alphaherpesvirus 1 strain","QCMD3_Q3",25509167
"MH036943.1",142633,1475,242,0.47336173,0.0665119,"Cervid alphaherpesvirus 2 strain Norway, complete genome",365327,"Viruses","Peploviricota","Herviviricetes","Herpesvirales","Herpesviridae","Varicellovirus","Cervid alphaherpesvirus 2","unclassified Cervid alphaherpesvirus 2 subspecies/strain","unclassified Cervid alphaherpesvirus 2 strain","QCMD3_Q3",25509167
"MH698402.1",162076,4478,737,0.62119734,0.178259,"Human betaherpesvirus 6B strain GTEX-OXRO_icihv6b, complete genome",32604,"Viruses","Peploviricota","Herviviricetes","Herpesvirales","Herpesviridae","Roseolovirus","Human betaherpesvirus 6B","unclassified Human betaherpesvirus 6B subspecies/strain","unclassified Human betaherpesvirus 6B strain","QCMD3_Q3",25509167
"MN205539.1",137429,703,2242,2.1118453,0.63953,"UNVERIFIED: Human gammaherpesvirus 8 strain BCBL-1, complete genome",37296,"Viruses","Peploviricota","Herviviricetes","Herpesvirales","Herpesviridae","Rhadinovirus","Human gammaherpesvirus 8","unclassified Human gammaherpesvirus 8 subspecies/strain","unclassified Human gammaherpesvirus 8 strain","QCMD3_Q3",25509167
"MN240300.1",210797,63560,6205,11.229863,1.15393,"Alaskapox virus isolate Alaska_2015, complete genome",2602439,"Viruses","Nucleocytoviricota","Pokkesviricetes","Chitovirales","Poxviridae","Orthopoxvirus","Alaskapox virus","unclassified Alaskapox virus subspecies/strain","unclassified Alaskapox virus strain","QCMD3_Q3",25509167
"NC_001664.4",159378,900,444,0.35997438,0.109209,"Human betaherpesvirus 6A, variant A DNA, complete virion genome, isolate U1102",32603,"Viruses","Peploviricota","Herviviricetes","Herpesvirales","Herpesviridae","Roseolovirus","Human betaherpesvirus 6A","unclassified Human betaherpesvirus 6A subspecies/strain","unclassified Human betaherpesvirus 6A strain","QCMD3_Q3",25509167
"NC_001716.2",153080,2386,110,0.06877003,0.0281694,"Human herpesvirus 7, complete genome",10372,"Viruses","Peploviricota","Herviviricetes","Herpesvirales","Herpesviridae","Roseolovirus","Human betaherpesvirus 7","unclassified Human betaherpesvirus 7 subspecies/strain","unclassified Human betaherpesvirus 7 strain","QCMD3_Q3",25509167
"NC_001987.1",108409,373,54,0.1012387,0.0195268,"Ateline herpesvirus 3 complete genome",85618,"Viruses","Peploviricota","Herviviricetes","Herpesvirales","Herpesviridae","Rhadinovirus","Ateline gammaherpesvirus 3","unclassified Ateline gammaherpesvirus 3 subspecies/strain","unclassified Ateline gammaherpesvirus 3 strain","QCMD3_Q3",25509167
"NC_002665.1",108873,1533,319,0.4296239,0.114861,"Bovine herpesvirus 4 long unique region, complete sequence",10385,"Viruses","Peploviricota","Herviviricetes","Herpesvirales","Herpesviridae","Rhadinovirus","Bovine gammaherpesvirus 4","unclassified Bovine gammaherpesvirus 4 subspecies/strain","unclassified Bovine gammaherpesvirus 4 strain","QCMD3_Q3",25509167
"NC_006151.1",143461,680,8,0.07185073,0.00218605,"Suid herpesvirus 1, complete genome",10345,"Viruses","Peploviricota","Herviviricetes","Herpesvirales","Herpesviridae","Varicellovirus","Suid alphaherpesvirus 1","unclassified Suid alphaherpesvirus 1 subspecies/strain","unclassified Suid alphaherpesvirus 1 strain","QCMD3_Q3",25509167
"NC_006560.1",150715,1514,6,0.32651678,0.00156062,"Cercopithecine herpesvirus 2, complete genome",10317,"Viruses","Peploviricota","Herviviricetes","Herpesvirales","Herpesviridae","Simplexvirus","Cercopithecine alphaherpesvirus 2","unclassified Cercopithecine alphaherpesvirus 2 subspecies/strain","unclassified Cercopithecine alphaherpesvirus 2 strain","QCMD3_Q3",25509167
"NC_007653.1",156487,1417,15,0.18172282,0.00375765,"Papiine herpesvirus 2, complete genome",340907,"Viruses","Peploviricota","Herviviricetes","Herpesvirales","Herpesviridae","Simplexvirus","Papiine alphaherpesvirus 2","unclassified Papiine alphaherpesvirus 2 subspecies/strain","unclassified Papiine alphaherpesvirus 2 strain","QCMD3_Q3",25509167
"NC_009334.1",172764,677,160,0.15482521,0.0363053,"Human herpesvirus 4, complete genome",12509,"Viruses","Peploviricota","Herviviricetes","Herpesvirales","Herpesviridae","Lymphocryptovirus","Human gammaherpesvirus 4","Human herpesvirus 4 type 2","Human herpesvirus 4 type 2","QCMD3_Q3",25509167
"NC_012783.2",226205,187,0,0.019256376,0,"Cercopithecine herpesvirus 5 strain 2715, complete genome",50292,"Viruses","Peploviricota","Herviviricetes","Herpesvirales","Herpesviridae","Cytomegalovirus","Cercopithecine betaherpesvirus 5","unclassified Cercopithecine betaherpesvirus 5 subspecies/strain","unclassified Cercopithecine betaherpesvirus 5 strain","QCMD3_Q3",25509167
"NC_014567.1",156742,436,0,0.11606596,0,"Saimiriine herpesvirus 1, complete genome",10353,"Viruses","Peploviricota","Herviviricetes","Herpesvirales","Herpesviridae","Simplexvirus","Saimiriine alphaherpesvirus 1","unclassified Saimiriine alphaherpesvirus 1 subspecies/strain","unclassified Saimiriine alphaherpesvirus 1 strain","QCMD3_Q3",25509167
"NC_015960.1",175699,928,0,0.036747575,0,"Yoka poxvirus, complete genome",1076255,"Viruses","Nucleocytoviricota","Pokkesviricetes","Chitovirales","Poxviridae","Centapoxvirus","Yokapox virus","unclassified Yokapox virus subspecies/strain","unclassified Yokapox virus strain","QCMD3_Q3",25509167
"NC_016447.1",219474,129,5,0.048052195,0.000893081,"Aotine herpesvirus 1 strain S34E, complete genome",50290,"Viruses","Peploviricota","Herviviricetes","Herpesvirales","Herpesviridae","Cytomegalovirus","Aotine betaherpesvirus 1","unclassified Aotine betaherpesvirus 1 subspecies/strain","unclassified Aotine betaherpesvirus 1 strain","QCMD3_Q3",25509167
"NC_016448.1",196691,168,0,0.0043655015,0,"Saimiriine herpesvirus 4 strain SqSHV, complete genome",1535247,"Viruses","Peploviricota","Herviviricetes","Herpesvirales","Herpesviridae","Cytomegalovirus","Saimiriine betaherpesvirus 4","unclassified Saimiriine betaherpesvirus 4 subspecies/strain","unclassified Saimiriine betaherpesvirus 4 strain","QCMD3_Q3",25509167
"NC_023677.1",153158,910,2,0.40063265,0.00051191,"Chimpanzee alpha-1 herpesvirus strain 105640, complete genome",332937,"Viruses","Peploviricota","Herviviricetes","Herpesvirales","Herpesviridae","Simplexvirus","Panine alphaherpesvirus 3","Chimpanzee herpesvirus strain 105640","Chimpanzee herpesvirus strain 105640","QCMD3_Q3",25509167
"NC_024771.1",151601,272,172,0.1433599,0.0444764,"Equid herpesvirus 3 strain AR/2007/C3A, complete genome",80341,"Viruses","Peploviricota","Herviviricetes","Herpesvirales","Herpesviridae","Varicellovirus","Equid alphaherpesvirus 3","unclassified Equid alphaherpesvirus 3 subspecies/strain","unclassified Equid alphaherpesvirus 3 strain","QCMD3_Q3",25509167
"U31790.1",7184,589,4,0.0847313,0.0218272,"Human papillomavirus type 50, complete genome",40539,"Viruses","Cossaviricota","Papovaviricetes","Zurhausenvirales","Papillomaviridae","Gammapapillomavirus","Gammapapillomavirus 3","Human papillomavirus type 50","Human papillomavirus type 50","QCMD3_Q3",25509167
"U48704.1",4726,1531,70,2.4147727,0.580641,"Adeno-associated virus 3 nonstructural protein and capsid protein genes, complete cds, and complete genome",46350,"Viruses","Cossaviricota","Quintoviricetes","Piccovirales","Parvoviridae","Dependoparvovirus","Adeno-associated dependoparvovirus A","Adeno-associated virus - 3","Adeno-associated virus - 3","QCMD3_Q3",25509167
"U63479.1",12247,1550,11,0.13350417,0.0352101,"Bovine viral diarrhea virus 1-CP7 polyprotein gene, complete cds",268305,"Viruses","Kitrinoviricota","Flasuviricetes","Amarillovirales","Flaviviridae","Pestivirus","Pestivirus A","Bovine viral diarrhea virus 1-CP7","Bovine viral diarrhea virus 1-CP7","QCMD3_Q3",25509167
"V01201.1",5779,436,69,2.2654114,0.468058,"Simian sarcoma virus proviral sequence with genes coding for envelope protein (env) and polymerase (pol)",11970,"Viruses","Artverviricota","Revtraviricetes","Ortervirales","Retroviridae","Gammaretrovirus","Woolly monkey sarcoma virus","unclassified Woolly monkey sarcoma virus subspecies/strain","unclassified Woolly monkey sarcoma virus strain","QCMD3_Q3",25509167
"X03711.1",2473,275,6,0.33921653,0.095111,"Hardy-Zuckermann 4 feline sarcoma virus (H24-FeSV) kit oncogene",11777,"Viruses","Artverviricota","Revtraviricetes","Ortervirales","Retroviridae","Gammaretrovirus","Hardy-Zuckerman feline sarcoma virus","Feline sarcoma virus (STRAIN HARDY-ZUCKERMAN 4)","Feline sarcoma virus (STRAIN HARDY-ZUCKERMAN 4)","QCMD3_Q3",25509167
"X05817.1",7265,150,1,0.02108222,0.00539595,"Bovine papillomavirus type 4 (BPV-4) genome",10562,"Viruses","Cossaviricota","Papovaviricetes","Zurhausenvirales","Papillomaviridae","Xipapillomavirus","Xipapillomavirus 1","Bos taurus papillomavirus 4","Bos taurus papillomavirus 4","QCMD3_Q3",25509167
"X13063.1",5641,2013,51,1.3658714,0.35442,"Turnip yellows virus (BWYV-FL1) genomic RNA",131083,"Viruses","Pisuviricota","Pisoniviricetes","Sobelivirales","Solemoviridae","Polerovirus","Turnip yellows virus","unclassified Turnip yellows virus subspecies/strain","unclassified Turnip yellows virus strain","QCMD3_Q3",25509167
"X70828.1",7348,408,62,1.2920256,0.33077,"Human papillomavirus type 63 complete genome",28311,"Viruses","Cossaviricota","Papovaviricetes","Zurhausenvirales","Papillomaviridae","Mupapillomavirus","Mupapillomavirus 2","Human papillomavirus type 63","Human papillomavirus type 63","QCMD3_Q3",25509167
"X76931.1",5669,278,2,0.050371446,0.0138302,"Cucurbit aphid-borne yellows virus genomic RNA",91753,"Viruses","Pisuviricota","Pisoniviricetes","Sobelivirales","Solemoviridae","Polerovirus","Cucurbit aphid-borne yellows virus","unclassified Cucurbit aphid-borne yellows virus subspecies/strain","unclassified Cucurbit aphid-borne yellows virus strain","QCMD3_Q3",25509167
"X83110.1",5722,649,7,0.18395549,0.0479572,"Beet mild yellowing virus genomic RNA",156690,"Viruses","Pisuviricota","Pisoniviricetes","Sobelivirales","Solemoviridae","Polerovirus","Beet mild yellowing virus","unclassified Beet mild yellowing virus subspecies/strain","unclassified Beet mild yellowing virus strain","QCMD3_Q3",25509167
"MW722956.1",43739,163,123,0.26653513,0.11024,"Duck adenovirus 2 isolate GD, complete genome",1520006,"Viruses","Preplasmiviricota","Tectiliviricetes","Rowavirales","Adenoviridae","Aviadenovirus","Duck aviadenovirus B","Duck adenovirus 2","Duck adenovirus 2","QCMD3_Q3",25509167
"JX134046.1",2915,135,1,0.048824593,0.0134482,"TTV-like mini virus isolate TTMV_LY3, complete genome",93678,"Viruses","unclassified Viruses phylum","unclassified Viruses class","unclassified Viruses order","Anelloviridae","Betatorquevirus","TTV-like mini virus","unclassified TTV-like mini virus subspecies/strain","unclassified TTV-like mini virus strain","QCMD3_Q3",25509167
"AB220944.1",9652,149,1,0.01568091,0.0040615,"Human immunodeficiency virus 1 proviral DNA, complete genome, isolate:93TH051",11676,"Viruses","Artverviricota","Revtraviricetes","Ortervirales","Retroviridae","Lentivirus","Human immunodeficiency virus 1","unclassified Human immunodeficiency virus 1 subspecies/strain","unclassified Human immunodeficiency virus 1 strain","QCMD3_Q3",25509167
"AB253421.1",9643,183,0,0.015379754,0,"Human immunodeficiency virus 1 proviral DNA, complete genome, clone: p92RW008A04",11676,"Viruses","Artverviricota","Revtraviricetes","Ortervirales","Retroviridae","Lentivirus","Human immunodeficiency virus 1","unclassified Human immunodeficiency virus 1 subspecies/strain","unclassified Human immunodeficiency virus 1 strain","QCMD3_Q3",25509167
"AB286854.1",9682,494,12,0.22482166,0.048587,"Human immunodeficiency virus 1 proviral DNA, complete genome, clone: p0303GH195AG/06_48",11676,"Viruses","Artverviricota","Revtraviricetes","Ortervirales","Retroviridae","Lentivirus","Human immunodeficiency virus 1","unclassified Human immunodeficiency virus 1 subspecies/strain","unclassified Human immunodeficiency virus 1 strain","QCMD3_Q3",25509167
"AF005494.1",8968,331,9,0.15638466,0.0393415,"HIV-1 isolate 93br020 from Brazil complete genome",11676,"Viruses","Artverviricota","Revtraviricetes","Ortervirales","Retroviridae","Lentivirus","Human immunodeficiency virus 1","unclassified Human immunodeficiency virus 1 subspecies/strain","unclassified Human immunodeficiency virus 1 strain","QCMD3_Q3",25509167
"AF077336.1",8903,164,3,0.21124186,0.0132096,"HIV-1 isolate VI850 from Democratic Republic of the Congo, complete genome",11676,"Viruses","Artverviricota","Revtraviricetes","Ortervirales","Retroviridae","Lentivirus","Human immunodeficiency virus 1","unclassified Human immunodeficiency virus 1 subspecies/strain","unclassified Human immunodeficiency virus 1 strain","QCMD3_Q3",25509167
"AF179368.1",8935,327,1,0.033807628,0.00438742,"HIV-1 strain GR17 from Greece complete genome",11676,"Viruses","Artverviricota","Revtraviricetes","Ortervirales","Retroviridae","Lentivirus","Human immunodeficiency virus 1","unclassified Human immunodeficiency virus 1 subspecies/strain","unclassified Human immunodeficiency virus 1 strain","QCMD3_Q3",25509167
"AF190127.1",9056,300,3,0.046148665,0.0129864,"HIV-1 isolate VI991 from Belgium Gag polyprotein (gag), Pol polyprotein (pol), Vif (vif), Vpr (vpr), truncated Tat (tat), Rev (rev), truncated Vpu (vpu), envelope glycoprotein precursor (env), and Nef (nef) genes, complete cds",11676,"Viruses","Artverviricota","Revtraviricetes","Ortervirales","Retroviridae","Lentivirus","Human immunodeficiency virus 1","unclassified Human immunodeficiency virus 1 subspecies/strain","unclassified Human immunodeficiency virus 1 strain","QCMD3_Q3",25509167
"AF377957.1",8896,124,0,0.06837411,0,"HIV-1 isolate CM53392 from Cameroon gag protein (gag) and pol protein (pol) genes, partial cds; and vif protein (vif), vpr protein (vpr), tat protein (tat), rev protein (rev), vpu protein (vpu), and envelope glycoprotein (env) genes, complete cds",11676,"Viruses","Artverviricota","Revtraviricetes","Ortervirales","Retroviridae","Lentivirus","Human immunodeficiency virus 1","unclassified Human immunodeficiency virus 1 subspecies/strain","unclassified Human immunodeficiency virus 1 strain","QCMD3_Q3",25509167
"AF385935.1",9762,1244,200,3.019559,0.803147,"HIV-1 isolate URTR35 from Uruguay, complete genome",11676,"Viruses","Artverviricota","Revtraviricetes","Ortervirales","Retroviridae","Lentivirus","Human immunodeficiency virus 1","unclassified Human immunodeficiency virus 1 subspecies/strain","unclassified Human immunodeficiency virus 1 strain","QCMD3_Q3",25509167
"AF450097.1",8983,784,104,4.0783424,0.453853,"HIV-1 isolate X623 from Spain, complete genome",11676,"Viruses","Artverviricota","Revtraviricetes","Ortervirales","Retroviridae","Lentivirus","Human immunodeficiency virus 1","unclassified Human immunodeficiency virus 1 subspecies/strain","unclassified Human immunodeficiency virus 1 strain","QCMD3_Q3",25509167
"AF457072.1",8790,613,4,0.09409722,0.0178392,"HIV-1 isolate 99KE_KSM4001 from Kenya, partial genome",11676,"Viruses","Artverviricota","Revtraviricetes","Ortervirales","Retroviridae","Lentivirus","Human immunodeficiency virus 1","unclassified Human immunodeficiency virus 1 subspecies/strain","unclassified Human immunodeficiency virus 1 strain","QCMD3_Q3",25509167
"AF457101.1",8784,1003,116,1.8829048,0.51769,"HIV-1 isolate 90CD121E12 from Democratic Republic of the Congo gag protein (gag) and pol protein (pol) genes, partial cds; vif protein (vif), vpr protein (vpr), tat protein (tat), rev protein (rev), vpu protein (vpu), envelope glycoprotein (env), and nef protein (nef) genes, complete cds; and long terminal repeat, partial sequence",11676,"Viruses","Artverviricota","Revtraviricetes","Ortervirales","Retroviridae","Lentivirus","Human immunodeficiency virus 1","unclassified Human immunodeficiency virus 1 subspecies/strain","unclassified Human immunodeficiency virus 1 strain","QCMD3_Q3",25509167
"AF460972.1",8916,359,5,0.082021445,0.0219838,"HIV-1 isolate 96CM-1849 from Cameroon, complete genome",11676,"Viruses","Artverviricota","Revtraviricetes","Ortervirales","Retroviridae","Lentivirus","Human immunodeficiency virus 1","unclassified Human immunodeficiency virus 1 subspecies/strain","unclassified Human immunodeficiency virus 1 strain","QCMD3_Q3",25509167
"AF460974.1",8854,204,2,0.036649816,0.00885511,"HIV-1 isolate 96CM-4164 from Cameroon, complete genome",11676,"Viruses","Artverviricota","Revtraviricetes","Ortervirales","Retroviridae","Lentivirus","Human immunodeficiency virus 1","unclassified Human immunodeficiency virus 1 subspecies/strain","unclassified Human immunodeficiency virus 1 strain","QCMD3_Q3",25509167
"AF492623.1",8819,124,1,0.014303842,0.00444513,"HIV-1 isolate 96CM-4496 from Cameroon, complete genome",11676,"Viruses","Artverviricota","Revtraviricetes","Ortervirales","Retroviridae","Lentivirus","Human immunodeficiency virus 1","unclassified Human immunodeficiency virus 1 subspecies/strain","unclassified Human immunodeficiency virus 1 strain","QCMD3_Q3",25509167
"AY173951.1",8996,4111,5243,84.22428,22.8473,"HIV-1 isolate BK132 from Thailand, complete genome",11676,"Viruses","Artverviricota","Revtraviricetes","Ortervirales","Retroviridae","Lentivirus","Human immunodeficiency virus 1","unclassified Human immunodeficiency virus 1 subspecies/strain","unclassified Human immunodeficiency virus 1 strain","QCMD3_Q3",25509167
"AY253311.1",8775,247,1,0.028637681,0.00446742,"HIV-1 isolate 01TZA280 from Tanzania truncated gag protein (gag) gene, partial cds; nonfunctional pol protein (pol) gene, partial sequence; and vif protein (vif), vpr protein (vpr), tat protein (tat), rev protein (rev), vpu protein (vpu), envelope glycoprotein (env), and nef protein (nef) genes, complete cds",11676,"Viruses","Artverviricota","Revtraviricetes","Ortervirales","Retroviridae","Lentivirus","Human immunodeficiency virus 1","unclassified Human immunodeficiency virus 1 subspecies/strain","unclassified Human immunodeficiency virus 1 strain","QCMD3_Q3",25509167
"AY371149.1",8409,419,8,0.2553578,0.0372949,"HIV-1 isolate 01CM.0186ND from Cameroon gag protein (gag) and pol protein (pol) genes, partial cds; vif protein (vif), vpr protein (vpr), tat protein (tat), rev protein (rev), vpu protein (vpu), and envelope glycoprotein (env) genes, complete cds; and nef protein (nef) gene, partial cds",11676,"Viruses","Artverviricota","Revtraviricetes","Ortervirales","Retroviridae","Lentivirus","Human immunodeficiency virus 1","unclassified Human immunodeficiency virus 1 subspecies/strain","unclassified Human immunodeficiency virus 1 strain","QCMD3_Q3",25509167
"AY371150.1",8414,128,0,0.021660212,0,"HIV-1 isolate 01CM.4041HAN from Cameroon gag protein (gag) and pol protein (pol) genes, partial cds; vif protein (vif), vpr protein (vpr), tat protein (tat), rev protein (rev), vpu protein (vpu), and envelope glycoprotein (env) genes, complete cds; and nef protein (nef) gene, partial cds",11676,"Viruses","Artverviricota","Revtraviricetes","Ortervirales","Retroviridae","Lentivirus","Human immunodeficiency virus 1","unclassified Human immunodeficiency virus 1 subspecies/strain","unclassified Human immunodeficiency virus 1 strain","QCMD3_Q3",25509167
"AY371157.1",8379,232,0,0.119334064,0,"HIV-1 isolate 01CM.4412HAL from Cameroon gag protein (gag) and pol protein (pol) genes, partial cds; vif protein (vif), vpr protein (vpr), tat protein (tat), rev protein (rev), vpu protein (vpu), and envelope glycoprotein (env) genes, complete cds; and nef protein (nef) gene, partial cds",11676,"Viruses","Artverviricota","Revtraviricetes","Ortervirales","Retroviridae","Lentivirus","Human immunodeficiency virus 1","unclassified Human immunodeficiency virus 1 subspecies/strain","unclassified Human immunodeficiency virus 1 strain","QCMD3_Q3",25509167
"AY371158.1",8349,583,5,0.10708623,0.0234768,"HIV-1 isolate 02CM.0016BBY from Cameroon gag protein (gag) and pol protein (pol) genes, partial cds; vif protein (vif), vpr protein (vpr), tat protein (tat), rev protein (rev), vpu protein (vpu), and envelope glycoprotein (env) genes, complete cds; and nef protein (nef) gene, partial cds",11676,"Viruses","Artverviricota","Revtraviricetes","Ortervirales","Retroviridae","Lentivirus","Human immunodeficiency virus 1","unclassified Human immunodeficiency virus 1 subspecies/strain","unclassified Human immunodeficiency virus 1 strain","QCMD3_Q3",25509167
"AY423387.1",9359,4513,8472,136.86296,35.4863,"HIV-1 isolate 671-00T36 from Netherlands, complete genome",11676,"Viruses","Artverviricota","Revtraviricetes","Ortervirales","Retroviridae","Lentivirus","Human immunodeficiency virus 1","unclassified Human immunodeficiency virus 1 subspecies/strain","unclassified Human immunodeficiency virus 1 strain","QCMD3_Q3",25509167
"AY455778.1",8767,2022,7704,129.73657,34.4484,"HIV-1 isolate 99UFRJ-1 from Brazil, complete genome",11676,"Viruses","Artverviricota","Revtraviricetes","Ortervirales","Retroviridae","Lentivirus","Human immunodeficiency virus 1","unclassified Human immunodeficiency virus 1 subspecies/strain","unclassified Human immunodeficiency virus 1 strain","QCMD3_Q3",25509167
"AY588970.1",8693,561,5,0.45815286,0.0225478,"HIV-1 isolate CU38 from Cuba, complete genome",11676,"Viruses","Artverviricota","Revtraviricetes","Ortervirales","Retroviridae","Lentivirus","Human immunodeficiency virus 1","unclassified Human immunodeficiency virus 1 subspecies/strain","unclassified Human immunodeficiency virus 1 strain","QCMD3_Q3",25509167
"DQ085872.1",8902,3330,4047,64.353745,17.8217,"HIV-1 isolate BREPM12313 from Brazil, complete genome",11676,"Viruses","Artverviricota","Revtraviricetes","Ortervirales","Retroviridae","Lentivirus","Human immunodeficiency virus 1","unclassified Human immunodeficiency virus 1 subspecies/strain","unclassified Human immunodeficiency virus 1 strain","QCMD3_Q3",25509167
"DQ354113.1",8796,941,861,14.882489,3.83726,"HIV-1 isolate M043 subtype CRF01_AE/B from Thailand gag protein (gag) and pol protein (pol) genes, partial cds; and vif protein (vif), vpr protein (vpr), tat protein (tat), rev protein (rev), vpu protein (vpu), envelope glycoprotein (env), and nef protein (nef) genes, complete cds",11676,"Viruses","Artverviricota","Revtraviricetes","Ortervirales","Retroviridae","Lentivirus","Human immunodeficiency virus 1","unclassified Human immunodeficiency virus 1 subspecies/strain","unclassified Human immunodeficiency virus 1 strain","QCMD3_Q3",25509167
"DQ358811.1",8875,1769,4164,69.778564,18.3927,"HIV-1 isolate 02BR033 from Brazil, complete genome",11676,"Viruses","Artverviricota","Revtraviricetes","Ortervirales","Retroviridae","Lentivirus","Human immunodeficiency virus 1","unclassified Human immunodeficiency virus 1 subspecies/strain","unclassified Human immunodeficiency virus 1 strain","QCMD3_Q3",25509167
"EF158040.1",8775,127,0,0.014724637,0,"HIV-1 isolate 05AF094 from Afghanistan gag protein (gag) and pol protein (pol) genes, partial cds; and vif protein (vif), vpr protein (vpr), tat protein (tat), rev protein (rev), vpu protein (vpu), envelope glycoprotein (env), and nef protein (nef) genes, complete cds",11676,"Viruses","Artverviricota","Revtraviricetes","Ortervirales","Retroviridae","Lentivirus","Human immunodeficiency virus 1","unclassified Human immunodeficiency virus 1 subspecies/strain","unclassified Human immunodeficiency virus 1 strain","QCMD3_Q3",25509167
"EU581827.1",8795,226,0,0.019664546,0,"HIV-1 isolate BO02.BOL119 from Bolivia gag protein (gag) and pol protein (pol) genes, partial cds; and vif protein (vif), vpr protein (vpr), tat protein (tat), rev protein (rev), vpu protein (vpu), envelope glycoprotein (env), and nef protein (nef) genes, complete cds",11676,"Viruses","Artverviricota","Revtraviricetes","Ortervirales","Retroviridae","Lentivirus","Human immunodeficiency virus 1","unclassified Human immunodeficiency virus 1 subspecies/strain","unclassified Human immunodeficiency virus 1 strain","QCMD3_Q3",25509167
"AX149771.1",9078,600,64,1.3344535,0.276372,"Sequence 125 from Patent WO0136614",12721,"Viruses","Artverviricota","Revtraviricetes","Ortervirales","Retroviridae","Lentivirus","Human immunodeficiency virus","unclassified Human immunodeficiency virus subspecies/strain","unclassified Human immunodeficiency virus strain","QCMD3_Q3",25509167
"EU735535.1",9057,1766,872,14.87695,3.77429,"HIV-1 isolate 04BRRJ179 from Brazil, complete genome",11676,"Viruses","Artverviricota","Revtraviricetes","Ortervirales","Retroviridae","Lentivirus","Human immunodeficiency virus 1","unclassified Human immunodeficiency virus 1 subspecies/strain","unclassified Human immunodeficiency virus 1 strain","QCMD3_Q3",25509167
"FJ213781.1",8932,275,1,0.03609656,0.00438889,"HIV-1 isolate UY04_3987 from Uruguay, complete genome",11676,"Viruses","Artverviricota","Revtraviricetes","Ortervirales","Retroviridae","Lentivirus","Human immunodeficiency virus 1","unclassified Human immunodeficiency virus 1 subspecies/strain","unclassified Human immunodeficiency virus 1 strain","QCMD3_Q3",25509167
"FJ213782.1",8955,665,114,1.7945485,0.499049,"HIV-1 isolate UY04_4022 from Uruguay, complete genome",11676,"Viruses","Artverviricota","Revtraviricetes","Ortervirales","Retroviridae","Lentivirus","Human immunodeficiency virus 1","unclassified Human immunodeficiency virus 1 subspecies/strain","unclassified Human immunodeficiency virus 1 strain","QCMD3_Q3",25509167
"HM026456.1",9209,150,13,0.21768408,0.0553394,"HIV-1 isolate 07BR_FPS625 from Brazil, complete genome",11676,"Viruses","Artverviricota","Revtraviricetes","Ortervirales","Retroviridae","Lentivirus","Human immunodeficiency virus 1","unclassified Human immunodeficiency virus 1 subspecies/strain","unclassified Human immunodeficiency virus 1 strain","QCMD3_Q3",25509167
"HM026459.1",9151,395,2,0.0628819,0.00856772,"HIV-1 isolate 07BR_FPS810 from Brazil, complete genome",11676,"Viruses","Artverviricota","Revtraviricetes","Ortervirales","Retroviridae","Lentivirus","Human immunodeficiency virus 1","unclassified Human immunodeficiency virus 1 subspecies/strain","unclassified Human immunodeficiency virus 1 strain","QCMD3_Q3",25509167
"HM026460.1",8995,297,1,0.043075185,0.00435815,"HIV-1 isolate 07BR_FPS812 from Brazil, complete genome",11676,"Viruses","Artverviricota","Revtraviricetes","Ortervirales","Retroviridae","Lentivirus","Human immunodeficiency virus 1","unclassified Human immunodeficiency virus 1 subspecies/strain","unclassified Human immunodeficiency virus 1 strain","QCMD3_Q3",25509167
"JN029803.1",8819,1501,139,3.555658,0.617873,"HIV-1 isolate 11SG.HM091 from Singapore gag protein (gag) and pol protein (pol) genes, partial cds; and vif protein (vif), vpr protein (vpr), tat protein (tat), rev protein (rev), vpu protein (vpu), envelope glycoprotein (env), and nef protein (nef) genes, complete cds",11676,"Viruses","Artverviricota","Revtraviricetes","Ortervirales","Retroviridae","Lentivirus","Human immunodeficiency virus 1","unclassified Human immunodeficiency virus 1 subspecies/strain","unclassified Human immunodeficiency virus 1 strain","QCMD3_Q3",25509167
"JN417239.1",8931,401,3,0.04566678,0.0131682,"HIV-1 isolate 33365 from United Kingdom gag protein (gag) gene, complete cds; nonfunctional pol protein (pol) gene, partial sequence; vif protein (vif) and vpr protein (vpr) genes, complete cds; nonfunctional tat protein (tat) gene, complete sequence; rev protein (rev) gene, complete cds; nonfunctional vpu protein (vpu) and nonfunctional env protein (env) genes, complete sequence; and nef protein (nef) gene, complete cds",11676,"Viruses","Artverviricota","Revtraviricetes","Ortervirales","Retroviridae","Lentivirus","Human immunodeficiency virus 1","unclassified Human immunodeficiency virus 1 subspecies/strain","unclassified Human immunodeficiency virus 1 strain","QCMD3_Q3",25509167
"JN417240.1",8978,106,0,0.0120072495,0,"HIV-1 isolate 12792 from United Kingdom nonfunctional gag protein (gag) gene, complete sequence; nonfunctional pol protein (pol) gene, partial sequence; vif protein (vif) and vpr protein (vpr) genes, complete cds; nonfunctional tat protein (tat) gene, complete sequence; and rev protein (rev), vpu protein (vpu), envelope glycoprotein (env), and nef protein (nef) genes, complete cds",11676,"Viruses","Artverviricota","Revtraviricetes","Ortervirales","Retroviridae","Lentivirus","Human immunodeficiency virus 1","unclassified Human immunodeficiency virus 1 subspecies/strain","unclassified Human immunodeficiency virus 1 strain","QCMD3_Q3",25509167
"JN417241.1",8932,843,18,0.35754952,0.0790001,"HIV-1 isolate 11762 from United Kingdom gag protein (gag) gene, complete cds; pol protein (pol) gene, partial cds; vif protein (vif) and vpr protein (vpr) genes, complete cds; nonfunctional tat protein (tat) gene, complete sequence; and rev protein (rev), vpu protein (vpu), envelope glycoprotein (env), and nef protein (nef) genes, complete cds",11676,"Viruses","Artverviricota","Revtraviricetes","Ortervirales","Retroviridae","Lentivirus","Human immunodeficiency virus 1","unclassified Human immunodeficiency virus 1 subspecies/strain","unclassified Human immunodeficiency virus 1 strain","QCMD3_Q3",25509167
"JX390976.1",9069,924,35,0.6183429,0.151291,"HIV-1 isolate 09MYSB023 from Malaysia, partial genome",11676,"Viruses","Artverviricota","Revtraviricetes","Ortervirales","Retroviridae","Lentivirus","Human immunodeficiency virus 1","unclassified Human immunodeficiency virus 1 subspecies/strain","unclassified Human immunodeficiency virus 1 strain","QCMD3_Q3",25509167
"KC899079.1",9684,563,22,0.9595133,0.0890577,"HIV-1 isolate BAV499 from Italy, complete genome",11676,"Viruses","Artverviricota","Revtraviricetes","Ortervirales","Retroviridae","Lentivirus","Human immunodeficiency virus 1","unclassified Human immunodeficiency virus 1 subspecies/strain","unclassified Human immunodeficiency virus 1 strain","QCMD3_Q3",25509167
"KJ671533.1",9075,1507,95,1.5243697,0.410375,"HIV-1 isolate 10BR_MG003 from Brazil, partial genome",11676,"Viruses","Artverviricota","Revtraviricetes","Ortervirales","Retroviridae","Lentivirus","Human immunodeficiency virus 1","unclassified Human immunodeficiency virus 1 subspecies/strain","unclassified Human immunodeficiency virus 1 strain","QCMD3_Q3",25509167
"KJ849758.1",8524,952,197,3.6052065,0.905996,"HIV-1 isolate 10BR_PE004 from Brazil gag protein (gag), pol protein (pol), vif protein (vif), vpr protein (vpr), tat protein (tat), rev protein (rev), vpu protein (vpu), and envelope glycoprotein (env) genes, complete cds; and nef protein (nef) gene, partial cds",11676,"Viruses","Artverviricota","Revtraviricetes","Ortervirales","Retroviridae","Lentivirus","Human immunodeficiency virus 1","unclassified Human immunodeficiency virus 1 subspecies/strain","unclassified Human immunodeficiency virus 1 strain","QCMD3_Q3",25509167
"KJ849759.1",9236,1344,63,1.4414483,0.267399,"HIV-1 isolate 10BR_PE008 from Brazil gag protein (gag), pol protein (pol), vif protein (vif), vpr protein (vpr), tat protein (tat), rev protein (rev), vpu protein (vpu), envelope glycoprotein (env), and nef protein (nef) genes, complete cds",11676,"Viruses","Artverviricota","Revtraviricetes","Ortervirales","Retroviridae","Lentivirus","Human immunodeficiency virus 1","unclassified Human immunodeficiency virus 1 subspecies/strain","unclassified Human immunodeficiency virus 1 strain","QCMD3_Q3",25509167
"KJ849760.1",8314,1076,19,0.43263108,0.0895875,"HIV-1 isolate 10BR_PE009 from Brazil gag protein (gag), pol protein (pol), vif protein (vif), vpr protein (vpr), tat protein (tat), rev protein (rev), vpu protein (vpu), and envelope glycoprotein (env) genes, complete cds; and nef protein (nef) gene, partial cds",11676,"Viruses","Artverviricota","Revtraviricetes","Ortervirales","Retroviridae","Lentivirus","Human immunodeficiency virus 1","unclassified Human immunodeficiency virus 1 subspecies/strain","unclassified Human immunodeficiency virus 1 strain","QCMD3_Q3",25509167
"KJ849762.1",8541,658,40,5.1179833,0.183593,"HIV-1 isolate 10BR_PE025 from Brazil gag protein (gag), pol protein (pol), vif protein (vif), vpr protein (vpr), tat protein (tat), rev protein (rev), vpu protein (vpu), and envelope glycoprotein (env) genes, complete cds; and nef protein (nef) gene, partial cds",11676,"Viruses","Artverviricota","Revtraviricetes","Ortervirales","Retroviridae","Lentivirus","Human immunodeficiency virus 1","unclassified Human immunodeficiency virus 1 subspecies/strain","unclassified Human immunodeficiency virus 1 strain","QCMD3_Q3",25509167
"KJ849776.1",9023,1042,28,0.60340357,0.12165,"HIV-1 isolate 10BR_PE088 from Brazil gag protein (gag), pol protein (pol), vif protein (vif), vpr protein (vpr), tat protein (tat), rev protein (rev), vpu protein (vpu), and envelope glycoprotein (env) genes, complete cds; and nef protein (nef) gene, partial cds",11676,"Viruses","Artverviricota","Revtraviricetes","Ortervirales","Retroviridae","Lentivirus","Human immunodeficiency virus 1","unclassified Human immunodeficiency virus 1 subspecies/strain","unclassified Human immunodeficiency virus 1 strain","QCMD3_Q3",25509167
"KJ849777.1",8526,914,1008,19.139923,4.63467,"HIV-1 isolate 10BR_PE090 from Brazil gag protein (gag), pol protein (pol), vif protein (vif), vpr protein (vpr), tat protein (tat), rev protein (rev), vpu protein (vpu), and envelope glycoprotein (env) genes, complete cds; and nef protein (nef) gene, partial cds",11676,"Viruses","Artverviricota","Revtraviricetes","Ortervirales","Retroviridae","Lentivirus","Human immunodeficiency virus 1","unclassified Human immunodeficiency virus 1 subspecies/strain","unclassified Human immunodeficiency virus 1 strain","QCMD3_Q3",25509167
"M17451.1",9128,3973,21786,331.2124,93.5633,"Human immunodeficiency virus type 1, isolate RF (HAT-3), complete genome",11676,"Viruses","Artverviricota","Revtraviricetes","Ortervirales","Retroviridae","Lentivirus","Human immunodeficiency virus 1","unclassified Human immunodeficiency virus 1 subspecies/strain","unclassified Human immunodeficiency virus 1 strain","QCMD3_Q3",25509167
"U88826.1",8987,248,21,1.8656784,0.0916027,"HIV-1 isolate 92NG083 from Nigeria complete genome",11676,"Viruses","Artverviricota","Revtraviricetes","Ortervirales","Retroviridae","Lentivirus","Human immunodeficiency virus 1","unclassified Human immunodeficiency virus 1 subspecies/strain","unclassified Human immunodeficiency virus 1 strain","QCMD3_Q3",25509167
"AJ291719.1",9737,106,0,0.022113279,0,"Human immunodeficiency virus type 1 complete genome, strain 99FR-MP129",11676,"Viruses","Artverviricota","Revtraviricetes","Ortervirales","Retroviridae","Lentivirus","Human immunodeficiency virus 1","unclassified Human immunodeficiency virus 1 subspecies/strain","unclassified Human immunodeficiency virus 1 strain","QCMD3_Q3",25509167
"KU749402.1",9836,335,20,0.36537272,0.0797104,"HIV-1 isolate DEMA112UA014 from Ukraine, partial genome",11676,"Viruses","Artverviricota","Revtraviricetes","Ortervirales","Retroviridae","Lentivirus","Human immunodeficiency virus 1","unclassified Human immunodeficiency virus 1 subspecies/strain","unclassified Human immunodeficiency virus 1 strain","QCMD3_Q3",25509167
"JF320424.1",9072,1939,152,2.3888142,0.656817,"HIV-1 isolate 502-1191_03 from Canada gag protein (gag) gene, complete cds; pol protein (pol) gene, partial cds; and vif protein (vif), vpr protein (vpr), vpu protein (vpu), envelope glycoprotein (env), and nef protein (nef) genes, complete cds",11676,"Viruses","Artverviricota","Revtraviricetes","Ortervirales","Retroviridae","Lentivirus","Human immunodeficiency virus 1","unclassified Human immunodeficiency virus 1 subspecies/strain","unclassified Human immunodeficiency virus 1 strain","QCMD3_Q3",25509167
"KP109511.1",8998,2374,220,3.6208184,0.958474,"HIV-1 isolate DEMB12CN006 from China gag protein (gag) gene, complete cds; pol protein (pol) gene, partial cds; and vif protein (vif), vpr protein (vpr), tat protein (tat), rev protein (rev), vpu protein (vpu), envelope glycoprotein (env), and nef protein (nef) genes, complete cds",11676,"Viruses","Artverviricota","Revtraviricetes","Ortervirales","Retroviridae","Lentivirus","Human immunodeficiency virus 1","unclassified Human immunodeficiency virus 1 subspecies/strain","unclassified Human immunodeficiency virus 1 strain","QCMD3_Q3",25509167
"KR914676.1",8318,1417,140,3.6709108,0.659801,"HIV-1 isolate 14CU005 from Cuba, partial genome",11676,"Viruses","Artverviricota","Revtraviricetes","Ortervirales","Retroviridae","Lentivirus","Human immunodeficiency virus 1","unclassified Human immunodeficiency virus 1 subspecies/strain","unclassified Human immunodeficiency virus 1 strain","QCMD3_Q3",25509167
"KF716498.1",9016,1609,99,1.5638394,0.430452,"HIV-1 isolate DEMB12JP001 from Japan gag protein (gag) gene, complete cds; pol protein (pol) gene, partial cds; and vif protein (vif), vpr protein (vpr), tat protein (tat), rev protein (rev), vpu protein (vpu), envelope glycoprotein (env), and nef protein (nef) genes, complete cds",11676,"Viruses","Artverviricota","Revtraviricetes","Ortervirales","Retroviridae","Lentivirus","Human immunodeficiency virus 1","unclassified Human immunodeficiency virus 1 subspecies/strain","unclassified Human immunodeficiency virus 1 strain","QCMD3_Q3",25509167
"KT276258.1",8863,262,1,0.042350512,0.00442306,"HIV-1 isolate ARP1198 from Spain gag protein (gag) gene, complete cds; pol protein (pol) gene, partial cds; and vif protein (vif), vpr protein (vpr), tat protein (tat), rev protein (rev), vpu protein (vpu), envelope glycoprotein (env), and nef protein (nef) genes, complete cds",11676,"Viruses","Artverviricota","Revtraviricetes","Ortervirales","Retroviridae","Lentivirus","Human immunodeficiency virus 1","unclassified Human immunodeficiency virus 1 subspecies/strain","unclassified Human immunodeficiency virus 1 strain","QCMD3_Q3",25509167
"KU749412.1",9188,180,0,0.040495686,0,"HIV-1 isolate DEMC14PK009 from Pakistan, partial genome",11676,"Viruses","Artverviricota","Revtraviricetes","Ortervirales","Retroviridae","Lentivirus","Human immunodeficiency virus 1","unclassified Human immunodeficiency virus 1 subspecies/strain","unclassified Human immunodeficiency virus 1 strain","QCMD3_Q3",25509167
"D00835.1",11443,582,2382,27.997255,8.16029,"Human immunodeficiency virus 2 proviral DNA, complete genome",11709,"Viruses","Artverviricota","Revtraviricetes","Ortervirales","Retroviridae","Lentivirus","Human immunodeficiency virus 2","unclassified Human immunodeficiency virus 2 subspecies/strain","unclassified Human immunodeficiency virus 2 strain","QCMD3_Q3",25509167
"JX140670.1",8965,617,10,0.16993761,0.0437274,"HIV-1 isolate DEMD10CM009 from Cameroon gag protein (gag) gene, complete cds; pol protein (pol) gene, partial cds; vif protein (vif) and vpr protein (vpr) genes, complete cds; nonfunctional tat protein (tat) gene, complete sequence; and rev protein (rev), vpu protein (vpu), envelope glycoprotein (env), and nef protein (nef) genes, complete cds",11676,"Viruses","Artverviricota","Revtraviricetes","Ortervirales","Retroviridae","Lentivirus","Human immunodeficiency virus 1","unclassified Human immunodeficiency virus 1 subspecies/strain","unclassified Human immunodeficiency virus 1 strain","QCMD3_Q3",25509167
"KF716476.1",8934,639,24,0.37795994,0.10531,"HIV-1 isolate DEMD11KE003 from Kenya gag protein (gag) gene, complete cds; pol protein (pol) gene, partial cds; vif protein (vif), vpr protein (vpr), tat protein (tat), and rev protein (rev) genes, complete cds; nonfunctional vpu protein (vpu) gene, complete sequence; and envelope glycoprotein (env) and nef protein (nef) genes, complete cds",11676,"Viruses","Artverviricota","Revtraviricetes","Ortervirales","Retroviridae","Lentivirus","Human immunodeficiency virus 1","unclassified Human immunodeficiency virus 1 subspecies/strain","unclassified Human immunodeficiency virus 1 strain","QCMD3_Q3",25509167
"KF716479.1",8904,176,0,0.011537583,0,"HIV-1 isolate DEMD10UG004 from Uganda gag protein (gag) gene, complete cds; pol protein (pol) gene, partial cds; and vif protein (vif), vpr protein (vpr), tat protein (tat), rev protein (rev), vpu protein (vpu), envelope glycoprotein (env), and nef protein (nef) genes, complete cds",11676,"Viruses","Artverviricota","Revtraviricetes","Ortervirales","Retroviridae","Lentivirus","Human immunodeficiency virus 1","unclassified Human immunodeficiency virus 1 subspecies/strain","unclassified Human immunodeficiency virus 1 strain","QCMD3_Q3",25509167
"FJ900266.1",8257,397,4,0.5038855,0.0189907,"HIV-1 isolate AO.06.ANG32 from Angola gag protein (gag) gene, complete cds; pol protein (pol) gene, partial cds; vif protein (vif) and vpr protein (vpr) genes, complete cds; tat protein (tat) and rev protein (rev) genes, partial cds; vpu protein (vpu) and envelope glycoprotein (env) genes, complete cds; and nef protein (nef) gene, partial cds",11676,"Viruses","Artverviricota","Revtraviricetes","Ortervirales","Retroviridae","Lentivirus","Human immunodeficiency virus 1","unclassified Human immunodeficiency virus 1 subspecies/strain","unclassified Human immunodeficiency virus 1 strain","QCMD3_Q3",25509167
"KU749396.1",9221,587,39,0.36754492,0.165802,"HIV-1 isolate DEMF111BR037 from Brazil, partial genome",11676,"Viruses","Artverviricota","Revtraviricetes","Ortervirales","Retroviridae","Lentivirus","Human immunodeficiency virus 1","unclassified Human immunodeficiency virus 1 subspecies/strain","unclassified Human immunodeficiency virus 1 strain","QCMD3_Q3",25509167
"KU168276.1",9584,539,5,0.12783548,0.0204516,"HIV-1 isolate LA22LeRe from France, complete genome",11676,"Viruses","Artverviricota","Revtraviricetes","Ortervirales","Retroviridae","Lentivirus","Human immunodeficiency virus 1","unclassified Human immunodeficiency virus 1 subspecies/strain","unclassified Human immunodeficiency virus 1 strain","QCMD3_Q3",25509167
"KU168277.1",9711,337,2,0.03807133,0.00807365,"HIV-1 isolate LA23LiEd from Democratic Republic of the Congo, complete genome",11676,"Viruses","Artverviricota","Revtraviricetes","Ortervirales","Retroviridae","Lentivirus","Human immunodeficiency virus 1","unclassified Human immunodeficiency virus 1 subspecies/strain","unclassified Human immunodeficiency virus 1 strain","QCMD3_Q3",25509167
"KU168279.1",9443,506,5,0.08759281,0.020757,"HIV-1 isolate LA25LeMi from Central African Republic, complete genome",11676,"Viruses","Artverviricota","Revtraviricetes","Ortervirales","Retroviridae","Lentivirus","Human immunodeficiency virus 1","unclassified Human immunodeficiency virus 1 subspecies/strain","unclassified Human immunodeficiency virus 1 strain","QCMD3_Q3",25509167
"KF561435.1",9166,315,1,0.03493789,0.00427685,"HIV-1 isolate 12MHR9 from South Korea, partial genome",11676,"Viruses","Artverviricota","Revtraviricetes","Ortervirales","Retroviridae","Lentivirus","Human immunodeficiency virus 1","unclassified Human immunodeficiency virus 1 subspecies/strain","unclassified Human immunodeficiency virus 1 strain","QCMD3_Q3",25509167
"FJ670526.1",8925,300,23,4.67396,0.101024,"HIV-1 strain ES X2456-2 from Spain, complete genome",11676,"Viruses","Artverviricota","Revtraviricetes","Ortervirales","Retroviridae","Lentivirus","Human immunodeficiency virus 1","unclassified Human immunodeficiency virus 1 subspecies/strain","unclassified Human immunodeficiency virus 1 strain","QCMD3_Q3",25509167
"EU170151.1",9126,3230,4189,68.09403,17.9942,"HIV-1 isolate luBF_01.03 from Luxembourg, partial genome",11676,"Viruses","Artverviricota","Revtraviricetes","Ortervirales","Retroviridae","Lentivirus","Human immunodeficiency virus 1","unclassified Human immunodeficiency virus 1 subspecies/strain","unclassified Human immunodeficiency virus 1 strain","QCMD3_Q3",25509167
"KX582249.1",8656,581,9,0.15236303,0.0407595,"HIV-1 isolate 15YNHS18 from China gag protein (gag) and pol protein (pol) genes, partial cds; and vif protein (vif), vpr protein (vpr), tat protein (tat), rev protein (rev), vpu protein (vpu), envelope glycoprotein (env), and nef protein (nef) genes, complete cds",11676,"Viruses","Artverviricota","Revtraviricetes","Ortervirales","Retroviridae","Lentivirus","Human immunodeficiency virus 1","unclassified Human immunodeficiency virus 1 subspecies/strain","unclassified Human immunodeficiency virus 1 strain","QCMD3_Q3",25509167
"KC156214.1",9705,477,3,0.05735217,0.012118,"HIV-1 isolate CH256.w96 from Malawi, complete genome",11676,"Viruses","Artverviricota","Revtraviricetes","Ortervirales","Retroviridae","Lentivirus","Human immunodeficiency virus 1","unclassified Human immunodeficiency virus 1 subspecies/strain","unclassified Human immunodeficiency virus 1 strain","QCMD3_Q3",25509167
"KY496624.1",8964,127,2,0.034944408,0.00874645,"HIV-1 isolate 100 118 from Spain, partial genome",11676,"Viruses","Artverviricota","Revtraviricetes","Ortervirales","Retroviridae","Lentivirus","Human immunodeficiency virus 1","unclassified Human immunodeficiency virus 1 subspecies/strain","unclassified Human immunodeficiency virus 1 strain","QCMD3_Q3",25509167
"KJ787684.1",8864,222,18,0.28310764,0.0796061,"HIV-1 isolate 10BR_RJ095 from Brazil, partial genome",11676,"Viruses","Artverviricota","Revtraviricetes","Ortervirales","Retroviridae","Lentivirus","Human immunodeficiency virus 1","unclassified Human immunodeficiency virus 1 subspecies/strain","unclassified Human immunodeficiency virus 1 strain","QCMD3_Q3",25509167
"MG012796.1",194711,104495,40903,45.58527,8.23509,"Vaccinia virus isolate CEyV2, complete genome",10245,"Viruses","Nucleocytoviricota","Pokkesviricetes","Chitovirales","Poxviridae","Orthopoxvirus","Vaccinia virus","unclassified Vaccinia virus subspecies/strain","unclassified Vaccinia virus strain","QCMD3_Q3",25509167
"GQ329670.1",145289,189,3,0.17993785,0.000809454,"Pseudocowpox virus strain VR634, complete genome",129726,"Viruses","Nucleocytoviricota","Pokkesviricetes","Chitovirales","Poxviridae","Parapoxvirus","Pseudocowpox virus","unclassified Pseudocowpox virus subspecies/strain","unclassified Pseudocowpox virus strain","QCMD3_Q3",25509167
"KM875470.1",136055,282,37,0.12448402,0.0106608,"Bovine papular stomatitis virus strain BV-TX09c15, complete genome",129727,"Viruses","Nucleocytoviricota","Pokkesviricetes","Chitovirales","Poxviridae","Parapoxvirus","Bovine papular stomatitis virus","unclassified Bovine papular stomatitis virus subspecies/strain","unclassified Bovine papular stomatitis virus strain","QCMD3_Q3",25509167
"LT907991.1",12681,237,3,0.031043014,0.00927409,"Bovine viral diarrhea virus 1 isolate VE_138cp_05 genome assembly, complete genome: monopartite",11099,"Viruses","Kitrinoviricota","Flasuviricetes","Amarillovirales","Flaviviridae","Pestivirus","Pestivirus A","Bovine viral diarrhea virus 1","Bovine viral diarrhea virus 1","QCMD3_Q3",25509167
"MH464873.1",5631,393,14,0.3783981,0.0974644,"Faba bean polerovirus 1 strain 5253, complete genome",2283388,"Viruses","Pisuviricota","Pisoniviricetes","Sobelivirales","Solemoviridae","Polerovirus","Faba bean polerovirus 1","unclassified Faba bean polerovirus 1 subspecies/strain","unclassified Faba bean polerovirus 1 strain","QCMD3_Q3",25509167
"MG800833.2",5810,150,1,0.026501767,0.00674726,"Pumpkin polerovirus isolate PuPV, complete genome",2518373,"Viruses","Pisuviricota","Pisoniviricetes","Sobelivirales","Solemoviridae","Polerovirus","Pumpkin polerovirus","unclassified Pumpkin polerovirus subspecies/strain","unclassified Pumpkin polerovirus strain","QCMD3_Q3",25509167
"MF351889.1",32399,184,0,0.33439797,0,"Morelia viridis nidovirus strain S14-1323_MVNV, complete genome",2016400,"Viruses","Pisuviricota","Pisoniviricetes","Nidovirales","Tobaniviridae","Pregotovirus","Pregotovirus heba","Morelia viridis nidovirus","Morelia viridis nidovirus","QCMD3_Q3",25509167
"KY628968.1",157447,249,0,0.10412786,0,"Macacine alphaherpesvirus 1 isolate 8100812, complete genome",10325,"Viruses","Peploviricota","Herviviricetes","Herpesvirales","Herpesviridae","Simplexvirus","Macacine alphaherpesvirus 1","unclassified Macacine alphaherpesvirus 1 subspecies/strain","unclassified Macacine alphaherpesvirus 1 strain","QCMD3_Q3",25509167
"KY628970.1",157321,251,0,0.0070241964,0,"Macacine alphaherpesvirus 1 isolate KQ, complete genome",10325,"Viruses","Peploviricota","Herviviricetes","Herpesvirales","Herpesviridae","Simplexvirus","Macacine alphaherpesvirus 1","unclassified Macacine alphaherpesvirus 1 subspecies/strain","unclassified Macacine alphaherpesvirus 1 strain","QCMD3_Q3",25509167
"MT862163.1",131245,358,51,0.057042602,0.0152332,"Bovine alphaherpesvirus 2 strain C1Z FZR",10295,"Viruses","Peploviricota","Herviviricetes","Herpesvirales","Herpesviridae","Simplexvirus","Bovine alphaherpesvirus 2","unclassified Bovine alphaherpesvirus 2 subspecies/strain","unclassified Bovine alphaherpesvirus 2 strain","QCMD3_Q3",25509167
"LS480640.1",155503,28632,271,0.39508733,0.0683179,"Human alphaherpesvirus 2 isolate 333 genome assembly, chromosome: I",10310,"Viruses","Peploviricota","Herviviricetes","Herpesvirales","Herpesviridae","Simplexvirus","Human alphaherpesvirus 2","unclassified Human alphaherpesvirus 2 subspecies/strain","unclassified Human alphaherpesvirus 2 strain","QCMD3_Q3",25509167
"MF678601.1",144144,371,0,0.023507925,0,"Beluga whale alphaherpesvirus 1 strain LN3131-1",1434720,"Viruses","Peploviricota","Herviviricetes","Herpesvirales","Herpesviridae","Varicellovirus","Monodontid alphaherpesvirus 1","Beluga whale alphaherpesvirus 1","Beluga whale alphaherpesvirus 1","QCMD3_Q3",25509167
"MG989243.1",134617,475,0,0.15201499,0,"Caprine alphaherpesvirus 1 strain JSHA1405",39944,"Viruses","Peploviricota","Herviviricetes","Herpesvirales","Herpesviridae","Varicellovirus","Caprine alphaherpesvirus 1","unclassified Caprine alphaherpesvirus 1 subspecies/strain","unclassified Caprine alphaherpesvirus 1 strain","QCMD3_Q3",25509167
"JX017384.1",7412,315,4,0.082897276,0.0348696,"Human enterovirus 71 isolate 01011Y, complete genome",39054,"Viruses","Pisuviricota","Pisoniviricetes","Picornavirales","Picornaviridae","Enterovirus","Enterovirus A","Enterovirus A71","Enterovirus A71","QCMD1_Q1",15476661
"KT280503.1",7332,7317,157565,3212.382,1388.55,"Enterovirus D68 isolate 2011-21186, complete genome",42789,"Viruses","Pisuviricota","Pisoniviricetes","Picornavirales","Picornaviridae","Enterovirus","Enterovirus D","enterovirus D68","enterovirus D68","QCMD1_Q1",15476661
"KX868289.2",33676,615,4,0.018343972,0.00767471,"Human adenovirus 12 isolate GyK010, complete genome",28282,"Viruses","Preplasmiviricota","Tectiliviricetes","Rowavirales","Adenoviridae","Mastadenovirus","Human mastadenovirus A","Human adenovirus 12","Human adenovirus 12","QCMD1_Q1",15476661
"GU191019.1",34177,12580,287,1.3004379,0.542589,"Human adenovirus 18 isolate D.C., complete genome",10528,"Viruses","Preplasmiviricota","Tectiliviricetes","Rowavirales","Adenoviridae","Mastadenovirus","Human mastadenovirus A","Human adenovirus 18","Human adenovirus 18","QCMD1_Q1",15476661
"JN860680.1",35384,325,1,0.009224045,0.00182606,"Human adenovirus 16 strain E26, complete genome",31544,"Viruses","Preplasmiviricota","Tectiliviricetes","Rowavirales","Adenoviridae","Mastadenovirus","Human mastadenovirus B","Human adenovirus 16","Human adenovirus 16","QCMD1_Q1",15476661
"MF502426.1",35341,159,3,0.0125600295,0.00548485,"Human adenovirus 21 isolate OHT-006, complete genome",32608,"Viruses","Preplasmiviricota","Tectiliviricetes","Rowavirales","Adenoviridae","Mastadenovirus","Human mastadenovirus B","Human adenovirus 21","Human adenovirus 21","QCMD1_Q1",15476661
"KX384958.1",35250,166,1,0.0047293445,0.001833,"Human adenovirus B3 strain T382/Ft Jackson South Carolina USA/2002, complete genome",45659,"Viruses","Preplasmiviricota","Tectiliviricetes","Rowavirales","Adenoviridae","Mastadenovirus","Human mastadenovirus B","Human adenovirus B3","Human adenovirus B3","QCMD1_Q1",15476661
"NC_001611.1",185578,45095,694,0.5782568,0.241633,"Variola virus, complete genome",10255,"Viruses","Nucleocytoviricota","Pokkesviricetes","Chitovirales","Poxviridae","Orthopoxvirus","Variola virus","unclassified Variola virus subspecies/strain","unclassified Variola virus strain","QCMD1_Q1",15476661
"JQ326209.1",35153,883,13,0.053081166,0.0238948,"Human adenovirus 19, complete genome",28278,"Viruses","Preplasmiviricota","Tectiliviricetes","Rowavirales","Adenoviridae","Mastadenovirus","Human mastadenovirus D","Human adenovirus 19","Human adenovirus 19","QCMD1_Q1",15476661
"AB448776.1",35215,486,2,0.013859974,0.00366965,"Human adenovirus 37 genomic DNA, complete genome, isolate: 1991",52275,"Viruses","Preplasmiviricota","Tectiliviricetes","Rowavirales","Adenoviridae","Mastadenovirus","Human mastadenovirus D","Human adenovirus D37","Human adenovirus D37","QCMD1_Q1",15476661
"NC_003266.2",35994,8030,179,0.7226593,0.321326,"Human adenovirus E, complete genome",130308,"Viruses","Preplasmiviricota","Tectiliviricetes","Rowavirales","Adenoviridae","Mastadenovirus","Human mastadenovirus E","unclassified Human mastadenovirus E subspecies/strain","unclassified Human mastadenovirus E strain","QCMD1_Q1",15476661
"NC_006998.1",194711,87587,1633,1.2632593,0.541899,"Vaccinia virus, complete genome",10245,"Viruses","Nucleocytoviricota","Pokkesviricetes","Chitovirales","Poxviridae","Orthopoxvirus","Vaccinia virus","unclassified Vaccinia virus subspecies/strain","unclassified Vaccinia virus strain","QCMD1_Q1",15476661
"NC_003663.2",224499,198379,9150,6.0305195,2.63348,"Cowpox virus, complete genome",10243,"Viruses","Nucleocytoviricota","Pokkesviricetes","Chitovirales","Poxviridae","Orthopoxvirus","Cowpox virus","unclassified Cowpox virus subspecies/strain","unclassified Cowpox virus strain","QCMD1_Q1",15476661
"NC_003310.1",196858,183628,7016,5.3475356,2.30282,"Monkeypox virus Zaire-96-I-16, complete genome",10244,"Viruses","Nucleocytoviricota","Pokkesviricetes","Chitovirales","Poxviridae","Orthopoxvirus","Monkeypox virus","unclassified Monkeypox virus subspecies/strain","unclassified Monkeypox virus strain","QCMD1_Q1",15476661
"AY484669.1",197731,88361,1621,1.2337573,0.529701,"Rabbitpox virus, complete genome",32606,"Viruses","Nucleocytoviricota","Pokkesviricetes","Chitovirales","Poxviridae","Orthopoxvirus","Vaccinia virus","Rabbitpox virus","Rabbitpox virus","QCMD1_Q1",15476661
"NC_007455.1",5299,928,55,1.5206836,0.670643,"Primate bocaparvovirus 1 isolate st2, complete genome",1511871,"Viruses","Cossaviricota","Quintoviricetes","Piccovirales","Parvoviridae","Bocaparvovirus","Primate bocaparvovirus 1","unclassified Primate bocaparvovirus 1 subspecies/strain","unclassified Primate bocaparvovirus 1 strain","QCMD1_Q1",15476661
"NC_012564.1",5242,2697,248,6.999018,3.05687,"Human bocavirus 3, complete genome",638313,"Viruses","Cossaviricota","Quintoviricetes","Piccovirales","Parvoviridae","Bocaparvovirus","Primate bocaparvovirus 1","Human bocavirus 3","Human bocavirus 3","QCMD1_Q1",15476661
"NC_012042.1",5196,540,15,0.4086405,0.186528,"Human bocavirus 2c PK isolate PK-5510, complete genome",1511882,"Viruses","Cossaviricota","Quintoviricetes","Piccovirales","Parvoviridae","Bocaparvovirus","Primate bocaparvovirus 2","Human bocavirus 2c PK","Human bocavirus 2c PK","QCMD1_Q1",15476661
"NC_012729.2",5104,467,4,0.12050868,0.0506375,"Human bocavirus 4 NI strain HBoV4-NI-385, complete genome",1511883,"Viruses","Cossaviricota","Quintoviricetes","Piccovirales","Parvoviridae","Bocaparvovirus","Primate bocaparvovirus 2","Human bocavirus 4 NI","Human bocavirus 4 NI","QCMD1_Q1",15476661
"NC_001802.1",9181,902,12,0.19466282,0.0844528,"Human immunodeficiency virus 1, complete genome",11676,"Viruses","Artverviricota","Revtraviricetes","Ortervirales","Retroviridae","Lentivirus","Human immunodeficiency virus 1","unclassified Human immunodeficiency virus 1 subspecies/strain","unclassified Human immunodeficiency virus 1 strain","QCMD1_Q1",15476661
"NC_026438.1",10878,1030,14,0.16936988,0.0831576,"influenza A H1N1 all segments",641809,"Viruses","Negarnaviricota","Insthoviricetes","Articulavirales","Orthomyxoviridae","Alphainfluenzavirus","Influenza A virus","Influenza A virus (A/California/07/2009(H1N1))","Influenza A virus (A/California/07/2009(H1N1))","QCMD1_Q1",15476661
"NC_007373.1",11286,6478,54972,755.01447,314.72,"influenza A H3N2 all segments",335341,"Viruses","Negarnaviricota","Insthoviricetes","Articulavirales","Orthomyxoviridae","Alphainfluenzavirus","Influenza A virus","Influenza A virus (A/New York/392/2004(H3N2))","Influenza A virus (A/New York/392/2004(H3N2))","QCMD1_Q1",15476661
"AB038630.1",2897,121,1,0.040043686,0.0223036,"Torque teno mini virus 3 DNA, complete genome, isolate: TLMV-NLC026",687371,"Viruses","unclassified Viruses phylum","unclassified Viruses class","unclassified Viruses order","Anelloviridae","Betatorquevirus","Torque teno mini virus 3","unclassified Torque teno mini virus 3 subspecies/strain","unclassified Torque teno mini virus 3 strain","QCMD1_Q1",15476661
"AB064607.1",3770,128,1,0.035359114,0.0171388,"Torque teno virus 10 DNA, complete genome, isolate: JT34F",687349,"Viruses","unclassified Viruses phylum","unclassified Viruses class","unclassified Viruses order","Anelloviridae","Alphatorquevirus","Torque teno virus 10","unclassified Torque teno virus 10 subspecies/strain","unclassified Torque teno virus 10 strain","QCMD1_Q1",15476661
"AB076001.1",2878,150,1,0.054985337,0.0224508,"Torque teno sus virus 1 ORF3, ORF2, ORF1 genes, complete cds, isolate: Sd-TTV31",687386,"Viruses","unclassified Viruses phylum","unclassified Viruses class","unclassified Viruses order","Anelloviridae","Iotatorquevirus","Torque teno sus virus 1a","unclassified Torque teno sus virus 1a subspecies/strain","unclassified Torque teno sus virus 1a strain","QCMD1_Q1",15476661
"AB111964.2",8978,902,43,0.7301767,0.309465,"Bovine viral diarrhea virus 839cp gene for poryprotein, partai cds, strain: 839cp",233886,"Viruses","Kitrinoviricota","Flasuviricetes","Amarillovirales","Flaviviridae","Pestivirus","Pestivirus A","Bovine viral diarrhea virus 839cp","Bovine viral diarrhea virus 839cp","QCMD1_Q1",15476661
"AB111966.1",9060,267,7,0.12962963,0.0499221,"Bovine viral diarrhea virus 190cp gene for poryprotein, partai cds, strain: 190cp",233888,"Viruses","Kitrinoviricota","Flasuviricetes","Amarillovirales","Flaviviridae","Pestivirus","Pestivirus A","Bovine viral diarrhea virus 190cp","Bovine viral diarrhea virus 190cp","QCMD1_Q1",15476661
"AB434302.1",2274,238,4,0.22551788,0.113656,"Influenza A virus (A/swine/Chonburi/NIAH9469/2004(H1N1)) PB1 gene for polymerase PB1, complete cds",519833,"Viruses","Negarnaviricota","Insthoviricetes","Articulavirales","Orthomyxoviridae","Alphainfluenzavirus","Influenza A virus","Influenza A virus (A/swine/Chonburi/NIAH9469/2004(H1N1))","Influenza A virus (A/swine/Chonburi/NIAH9469/2004(H1N1))","QCMD1_Q1",15476661
"AB517990.2",1465,271,4,0.39011407,0.176419,"Influenza A virus (A/swine/Obihiro/10/1985(H3N2)) NA gene for neuraminidase, complete cds",668549,"Viruses","Negarnaviricota","Insthoviricetes","Articulavirales","Orthomyxoviridae","Alphainfluenzavirus","Influenza A virus","Influenza A virus (A/swine/Obihiro/10/1985(H3N2))","Influenza A virus (A/swine/Obihiro/10/1985(H3N2))","QCMD1_Q1",15476661
"AB573670.2",2341,1449,5816,341.9069,160.526,"Influenza A virus (A/swine/Obihiro/10/1985(H3N2)) PB2 gene for polymerase basic protein 2, complete cds",668549,"Viruses","Negarnaviricota","Insthoviricetes","Articulavirales","Orthomyxoviridae","Alphainfluenzavirus","Influenza A virus","Influenza A virus (A/swine/Obihiro/10/1985(H3N2))","Influenza A virus (A/swine/Obihiro/10/1985(H3N2))","QCMD1_Q1",15476661
"AB620191.1",1701,124,7,0.5596389,0.265899,"Influenza A virus (A/swine/Saraburi/NIAH107725-28/2008(H3N2)) HA gene for hemagglutinin, complete cds",1000408,"Viruses","Negarnaviricota","Insthoviricetes","Articulavirales","Orthomyxoviridae","Alphainfluenzavirus","Influenza A virus","Influenza A virus (A/swine/Saraburi/NIAH107725-28/2008(H3N2))","Influenza A virus (A/swine/Saraburi/NIAH107725-28/2008(H3N2))","QCMD1_Q1",15476661
"AB620193.1",1410,122,1,0.0968254,0.0458251,"Influenza A virus (A/swine/Saraburi/NIAH107725-28/2008(H3N2)) NA gene for neuraminidase, complete cds",1000408,"Viruses","Negarnaviricota","Insthoviricetes","Articulavirales","Orthomyxoviridae","Alphainfluenzavirus","Influenza A virus","Influenza A virus (A/swine/Saraburi/NIAH107725-28/2008(H3N2))","Influenza A virus (A/swine/Saraburi/NIAH107725-28/2008(H3N2))","QCMD1_Q1",15476661
"AB825953.1",149459,146,0,0.000977838,0,"Fruit bat alphaherpesvirus 1 DNA, complete genome",1343901,"Viruses","Peploviricota","Herviviricetes","Herpesvirales","Herpesviridae","Simplexvirus","Pteropodid alphaherpesvirus 1","Fruit bat alphaherpesvirus 1","Fruit bat alphaherpesvirus 1","QCMD1_Q1",15476661
"AB847987.1",4733,150,1,0.03272965,0.0136517,"Bufavirus-3 genes for NS1, putative VP1, hypothetical protein, VP2, complete cds, strain: BTN-63",1391667,"Viruses","Cossaviricota","Quintoviricetes","Piccovirales","Parvoviridae","unclassified Parvoviridae genus","Bufavirus-3","unclassified Bufavirus-3 subspecies/strain","unclassified Bufavirus-3 strain","QCMD1_Q1",15476661
"AC090446.27",170275,348,624,0.49912125,0.236786,"Baboon cytomegalovirus OCOM4-37 clone bacmv, WORKING DRAFT SEQUENCE, 22 unordered pieces",153301,"Viruses","Peploviricota","Herviviricetes","Herpesvirales","Herpesviridae","Cytomegalovirus","Papiine betaherpesvirus 3","Baboon cytomegalovirus OCOM4-37","Baboon cytomegalovirus OCOM4-37","QCMD1_Q1",15476661
"AF033808.1",9392,584,52,0.7165116,0.35774,"Rous sarcoma virus, complete genome",11886,"Viruses","Artverviricota","Revtraviricetes","Ortervirales","Retroviridae","Alpharetrovirus","Rous sarcoma virus","unclassified Rous sarcoma virus subspecies/strain","unclassified Rous sarcoma virus strain","QCMD1_Q1",15476661
"AF033809.1",3392,137,3,0.12214682,0.0571463,"Avian myelocytomatosis virus 29, complete genome",11868,"Viruses","Artverviricota","Revtraviricetes","Ortervirales","Retroviridae","Alpharetrovirus","Avian myelocytomatosis virus 29","unclassified Avian myelocytomatosis virus 29 subspecies/strain","unclassified Avian myelocytomatosis virus 29 strain","QCMD1_Q1",15476661
"AF033812.1",5894,137,5,0.11925487,0.0548129,"Abelson murine leukemia virus, complete genome",11788,"Viruses","Artverviricota","Revtraviricetes","Ortervirales","Retroviridae","Gammaretrovirus","Abelson murine leukemia virus","unclassified Abelson murine leukemia virus subspecies/strain","unclassified Abelson murine leukemia virus strain","QCMD1_Q1",15476661
"AF033813.1",5833,146,3,0.07707197,0.0332317,"Moloney murine sarcoma virus, complete genome",11809,"Viruses","Artverviricota","Revtraviricetes","Ortervirales","Retroviridae","Gammaretrovirus","Moloney murine sarcoma virus","unclassified Moloney murine sarcoma virus subspecies/strain","unclassified Moloney murine sarcoma virus strain","QCMD1_Q1",15476661
"AF033815.1",8557,1037,168,2.8554776,1.26856,"Mason-Pfizer monkey virus, complete genome",11855,"Viruses","Artverviricota","Revtraviricetes","Ortervirales","Retroviridae","Betaretrovirus","Mason-Pfizer monkey virus","unclassified Mason-Pfizer monkey virus subspecies/strain","unclassified Mason-Pfizer monkey virus strain","QCMD1_Q1",15476661
"AF033818.1",8419,908,246,4.719555,1.88798,"Bovine leukemia virus complete genome",11901,"Viruses","Artverviricota","Revtraviricetes","Ortervirales","Retroviridae","Deltaretrovirus","Bovine leukemia virus","unclassified Bovine leukemia virus subspecies/strain","unclassified Bovine leukemia virus strain","QCMD1_Q1",15476661
"AF043303.1",4679,3315,701,22.410908,9.68028,"Adeno-associated virus 2, complete genome",10804,"Viruses","Cossaviricota","Quintoviricetes","Piccovirales","Parvoviridae","Dependoparvovirus","Adeno-associated dependoparvovirus A","adeno-associated virus 2","adeno-associated virus 2","QCMD1_Q1",15476661
"AF063497.1",4718,1562,65,2.2635727,0.890181,"Adeno-associated virus 1, complete genome",85106,"Viruses","Cossaviricota","Quintoviricetes","Piccovirales","Parvoviridae","Dependoparvovirus","Adeno-associated dependoparvovirus A","Adeno-associated virus - 1","Adeno-associated virus - 1","QCMD1_Q1",15476661
"AF071879.1",1758,150,1,0.09328358,0.0367539,"Porcine circovirus 1, complete genome",133704,"Viruses","Cressdnaviricota","Arfiviricetes","Cirlivirales","Circoviridae","Circovirus","Porcine circovirus 1","unclassified Porcine circovirus 1 subspecies/strain","unclassified Porcine circovirus 1 strain","QCMD1_Q1",15476661
"AF109397.1",1768,1554,76,6.804079,2.7775,"Bovine circovirus, complete genome",85542,"Viruses","Cressdnaviricota","Arfiviricetes","Cirlivirales","Circoviridae","Circovirus","Porcine circovirus 2","Bovine circovirus","Bovine circovirus","QCMD1_Q1",15476661
"AF126467.1",8105,1598,2399,40.868385,19.1249,"Simian retrovirus 2, complete genome",39068,"Viruses","Artverviricota","Revtraviricetes","Ortervirales","Retroviridae","Betaretrovirus","Mason-Pfizer monkey virus","Simian retrovirus 2","Simian retrovirus 2","QCMD1_Q1",15476661
"AF356697.1",8072,318,3,0.055289067,0.0240139,"Porcine endogenous retrovirus class E clone P14.1, complete genome",168238,"Viruses","Artverviricota","Revtraviricetes","Ortervirales","Retroviridae","Gammaretrovirus","Porcine type-C oncovirus","Porcine endogenous retrovirus E","Porcine endogenous retrovirus E","QCMD1_Q1",15476661
"AF406966.1",5610,1862,1654,41.809525,19.05,"Bovine parvovirus 2 putative non-structural protein and putative capsid protein genes, complete cds",172296,"Viruses","Cossaviricota","Quintoviricetes","Piccovirales","Parvoviridae","Copiparvovirus","Ungulate copiparvovirus 1","Bovine parvovirus - 2","Bovine parvovirus - 2","QCMD1_Q1",15476661
"AF473561.1",5666,698,11,0.29278463,0.125441,"Beet western yellows virus strain USA, complete genome",12042,"Viruses","Pisuviricota","Pisoniviricetes","Sobelivirales","Solemoviridae","Polerovirus","Beet western yellows virus","unclassified Beet western yellows virus subspecies/strain","unclassified Beet western yellows virus strain","QCMD1_Q1",15476661
"AF502399.1",12332,259,2,0.021260876,0.010479,"Bovine viral diarrhea virus 2-New York'93, complete genome",358768,"Viruses","Kitrinoviricota","Flasuviricetes","Amarillovirales","Flaviviridae","Pestivirus","Pestivirus B","Bovine viral diarrhea virus 2 New York'93","Bovine viral diarrhea virus 2 New York'93","QCMD1_Q1",15476661
"AF513852.1",4393,955,201,7.0626917,2.95636,"Adeno-associated virus 8 nonstructural protein and capsid protein genes, complete cds",202813,"Viruses","Cossaviricota","Quintoviricetes","Piccovirales","Parvoviridae","Dependoparvovirus","Adeno-associated dependoparvovirus A","Adeno-associated virus - 8","Adeno-associated virus - 8","QCMD1_Q1",15476661
"AJ585412.1",12308,149,1,0.012255305,0.00524971,"Bovine viral diarrhea virus VEDEVAC ORF1 for polyprotein, complete genome, genomic RNA, strain VEDEVAC",221918,"Viruses","Kitrinoviricota","Flasuviricetes","Amarillovirales","Flaviviridae","Pestivirus","Pestivirus A","Bovine viral diarrhea virus VEDEVAC","Bovine viral diarrhea virus VEDEVAC","QCMD1_Q1",15476661
"AY037928.1",9472,5854,482,7.061253,3.28797,"Human endogenous retrovirus K113 complete genome",166122,"Viruses","Artverviricota","Revtraviricetes","Ortervirales","Retroviridae","unclassified Retroviridae genus","Human endogenous retrovirus K","Human endogenous retrovirus K113","Human endogenous retrovirus K113","QCMD1_Q1",15476661
"AY646084.1",2341,126,0,0.055225924,0,"Influenza A virus (A/chicken/British Columbia/GSC_human_B/04(H7N3)) polymerase basic protein 1 (PB1) gene, complete cds",285967,"Viruses","Negarnaviricota","Insthoviricetes","Articulavirales","Orthomyxoviridae","Alphainfluenzavirus","Influenza A virus","Influenza A virus (A/chicken/British Columbia/GSC_human_B/04(H7N3))","Influenza A virus (A/chicken/British Columbia/GSC_human_B/04(H7N3))","QCMD1_Q1",15476661
"AY695933.1",5723,1642,16,0.39242777,0.180642,"Carrot red leaf virus strain UK-1, complete genome",66200,"Viruses","Pisuviricota","Pisoniviricetes","Sobelivirales","Solemoviridae","Polerovirus","Carrot red leaf virus","unclassified Carrot red leaf virus subspecies/strain","unclassified Carrot red leaf virus strain","QCMD1_Q1",15476661
"AY823990.1",2872,527,7,0.35709038,0.157484,"Torque teno sus virus 1b isolate 1p, complete genome",687387,"Viruses","unclassified Viruses phylum","unclassified Viruses class","unclassified Viruses order","Anelloviridae","Iotatorquevirus","Torque teno sus virus 1b","unclassified Torque teno sus virus 1b subspecies/strain","unclassified Torque teno sus virus 1b strain","QCMD1_Q1",15476661
"CY004421.1",1027,190,1,0.33979475,0.0629147,"Influenza A virus (A/laughing gull/DE/5/2003(H9N1)) segment 7, complete sequence",1093533,"Viruses","Negarnaviricota","Insthoviricetes","Articulavirales","Orthomyxoviridae","Alphainfluenzavirus","Influenza A virus","Influenza A virus (A/laughing gull/Delaware Bay/5/2003(H9N1))","Influenza A virus (A/laughing gull/Delaware Bay/5/2003(H9N1))","QCMD1_Q1",15476661
"CY004450.1",2341,130,4,0.28753993,0.110403,"Influenza A virus (A/shorebird/DE/68/2004(H13N9)) segment 1, complete sequence",352791,"Viruses","Negarnaviricota","Insthoviricetes","Articulavirales","Orthomyxoviridae","Alphainfluenzavirus","Influenza A virus","Influenza A virus (A/shorebird/DE/68/2004(H13N9))","Influenza A virus (A/shorebird/DE/68/2004(H13N9))","QCMD1_Q1",15476661
"CY005843.1",2233,132,1,0.04368699,0.0289357,"Influenza A virus (A/chicken/Chis/15224/1997(H5N2)) segment 3, complete sequence",352046,"Viruses","Negarnaviricota","Insthoviricetes","Articulavirales","Orthomyxoviridae","Alphainfluenzavirus","Influenza A virus","Influenza A virus (A/chicken/Chis/15224/1997(H5N2))","Influenza A virus (A/chicken/Chis/15224/1997(H5N2))","QCMD1_Q1",15476661
"CY015134.1",2341,106,0,0.036056597,0,"Influenza A virus (A/ruddy turnstone/Delaware/105/1998(H6N8)) segment 1, complete sequence",402531,"Viruses","Negarnaviricota","Insthoviricetes","Articulavirales","Orthomyxoviridae","Alphainfluenzavirus","Influenza A virus","Influenza A virus (A/ruddy turnstone/Delaware/105/1998(H6N8))","Influenza A virus (A/ruddy turnstone/Delaware/105/1998(H6N8))","QCMD1_Q1",15476661
"CY028257.1",2309,103,3,0.14219546,0.0839499,"Influenza A virus (A/duck/Victoria/5384/2002(H4N8)) segment 2, complete sequence",447179,"Viruses","Negarnaviricota","Insthoviricetes","Articulavirales","Orthomyxoviridae","Alphainfluenzavirus","Influenza A virus","Influenza A virus (A/duck/Victoria/5384/2002(H4N8))","Influenza A virus (A/duck/Victoria/5384/2002(H4N8))","QCMD1_Q1",15476661
"CY086882.1",1410,184,16,1.8246032,0.733202,"Influenza A virus (A/swine/Indiana/240218/2010(H1N2)) neuraminidase (NA) gene, complete cds",1593505,"Viruses","Negarnaviricota","Insthoviricetes","Articulavirales","Orthomyxoviridae","Alphainfluenzavirus","Influenza A virus","Influenza A virus (A/swine/Indiana/24-0218/2010(H1N2))","Influenza A virus (A/swine/Indiana/24-0218/2010(H1N2))","QCMD1_Q1",15476661
"CY090846.1",1002,379,5,1.1244131,0.322422,"Influenza A virus (A/United Kingdom/1-MA/1933(H1N1)) matrix protein 2 (M2) and matrix protein 1 (M1) genes, complete cds",506344,"Viruses","Negarnaviricota","Insthoviricetes","Articulavirales","Orthomyxoviridae","Alphainfluenzavirus","Influenza A virus","Influenza A virus (A/United Kingdom/1-MA/1933(H1N1))","Influenza A virus (A/United Kingdom/1-MA/1933(H1N1))","QCMD1_Q1",15476661
"CY090850.1",2208,378,9,0.60155493,0.26337,"Influenza A virus (A/United Kingdom/1-MA/1933(H1N1)) polymerase PA (PA) gene, complete cds",506344,"Viruses","Negarnaviricota","Insthoviricetes","Articulavirales","Orthomyxoviridae","Alphainfluenzavirus","Influenza A virus","Influenza A virus (A/United Kingdom/1-MA/1933(H1N1))","Influenza A virus (A/United Kingdom/1-MA/1933(H1N1))","QCMD1_Q1",15476661
"CY102750.1",2316,110,1,0.050784856,0.0278987,"Influenza A virus (A/shorebird/Delaware Bay/283/2003(H9N1)) polymerase PB1 (PB1) and PB1-F2 protein (PB1-F2) genes, complete cds",1093534,"Viruses","Negarnaviricota","Insthoviricetes","Articulavirales","Orthomyxoviridae","Alphainfluenzavirus","Influenza A virus","Influenza A virus (A/shorebird/Delaware Bay/283/2003(H9N1))","Influenza A virus (A/shorebird/Delaware Bay/283/2003(H9N1))","QCMD1_Q1",15476661
"CY107829.1",1456,282,3,0.33843797,0.133132,"Influenza A virus (A/swine/Korea/1130/2009(H1N2)) neuraminidase (NA) gene, complete cds",1141720,"Viruses","Negarnaviricota","Insthoviricetes","Articulavirales","Orthomyxoviridae","Alphainfluenzavirus","Influenza A virus","Influenza A virus (A/swine/Korea/1130/2009(H1N2))","Influenza A virus (A/swine/Korea/1130/2009(H1N2))","QCMD1_Q1",15476661
"CY116313.1",2274,485,7,0.37429377,0.198898,"Influenza A virus (A/swine/England/87842/1990(H3N2)) polymerase PB1 (PB1) and PB1-F2 protein (PB1-F2) genes, complete cds",1176119,"Viruses","Negarnaviricota","Insthoviricetes","Articulavirales","Orthomyxoviridae","Alphainfluenzavirus","Influenza A virus","Influenza A virus (A/swine/England/87842/1990(H3N2))","Influenza A virus (A/swine/England/87842/1990(H3N2))","QCMD1_Q1",15476661
"CY159451.1",1442,421,4,0.42337462,0.179233,"Influenza A virus (A/swine/Colorado/02875/2009(H1N2)) neuraminidase (NA) gene, complete cds",1425880,"Viruses","Negarnaviricota","Insthoviricetes","Articulavirales","Orthomyxoviridae","Alphainfluenzavirus","Influenza A virus","Influenza A virus (A/swine/Colorado/02875/2009(H1N2))","Influenza A virus (A/swine/Colorado/02875/2009(H1N2))","QCMD1_Q1",15476661
"CY159522.1",2304,530,13,7.829155,0.364572,"Influenza A virus (A/swine/North Carolina/SG1169/2003(H1N1)) polymerase PB1 (PB1) and PB1-F2 protein (PB1-F2) genes, complete cds",1432606,"Viruses","Negarnaviricota","Insthoviricetes","Articulavirales","Orthomyxoviridae","Alphainfluenzavirus","Influenza A virus","Influenza A virus (A/swine/North Carolina/SG1169/2003(H1N1))","Influenza A virus (A/swine/North Carolina/SG1169/2003(H1N1))","QCMD1_Q1",15476661
"CY159767.1",2316,234,10,0.7165282,0.278987,"Influenza A virus (A/swine/Texas/00525/2005(H1N1)) polymerase PB1 (PB1) and PB1-F2 protein (PB1-F2) genes, complete cds",1432620,"Viruses","Negarnaviricota","Insthoviricetes","Articulavirales","Orthomyxoviridae","Alphainfluenzavirus","Influenza A virus","Influenza A virus (A/swine/Texas/00525/2005(H1N1))","Influenza A virus (A/swine/Texas/00525/2005(H1N1))","QCMD1_Q1",15476661
"CY187633.1",2311,621,4309,232.379,120.476,"Influenza A virus (A/Houston/JMM_42/2012(H3N2)) polymerase PB2 (PB2) gene, complete cds",1383502,"Viruses","Negarnaviricota","Insthoviricetes","Articulavirales","Orthomyxoviridae","Alphainfluenzavirus","Influenza A virus","Influenza A virus (A/Houston/JMM_42/2012(H3N2))","Influenza A virus (A/Houston/JMM_42/2012(H3N2))","QCMD1_Q1",15476661
"CY246516.1",1728,184,1,0.11660329,0.037392,"Influenza A virus (A/swine/Saskatchewan/D0458/2016(H3N2)) hemagglutinin (HA) gene, complete cds",2030870,"Viruses","Negarnaviricota","Insthoviricetes","Articulavirales","Orthomyxoviridae","Alphainfluenzavirus","Influenza A virus","Influenza A virus (A/swine/Saskatchewan/D0458/2016(H3N2))","Influenza A virus (A/swine/Saskatchewan/D0458/2016(H3N2))","QCMD1_Q1",15476661
"CY246518.1",1441,192,1,0.14872192,0.0448393,"Influenza A virus (A/swine/Saskatchewan/D0458/2016(H3N2)) neuraminidase (NA) gene, complete cds",2030870,"Viruses","Negarnaviricota","Insthoviricetes","Articulavirales","Orthomyxoviridae","Alphainfluenzavirus","Influenza A virus","Influenza A virus (A/swine/Saskatchewan/D0458/2016(H3N2))","Influenza A virus (A/swine/Saskatchewan/D0458/2016(H3N2))","QCMD1_Q1",15476661
"D10032.1",8507,6772,69281,1222.824,526.212,"Baboon endogenous virus strain M7 proviral DNA, complete genome",11764,"Viruses","Artverviricota","Revtraviricetes","Ortervirales","Retroviridae","Gammaretrovirus","Baboon endogenous virus","Baboon endogenous virus strain M7","Baboon endogenous virus strain M7","QCMD1_Q1",15476661
"DQ139321.1",1466,263,5,0.4506079,0.220373,"Influenza A virus (A/swine/Zhejiang/1/2004(H1N2)) neuraminidase gene, complete cds",340141,"Viruses","Negarnaviricota","Insthoviricetes","Articulavirales","Orthomyxoviridae","Alphainfluenzavirus","Influenza A virus","Influenza A virus (A/swine/Zhejiang/1/2004(H1N2))","Influenza A virus (A/swine/Zhejiang/1/2004(H1N2))","QCMD1_Q1",15476661
"DQ280201.1",1497,120,1,0.08908686,0.0431619,"Influenza A virus (A/swine/Alberta/56626/03(H1N1)) nucleoprotein (NP) gene, complete cds",358576,"Viruses","Negarnaviricota","Insthoviricetes","Articulavirales","Orthomyxoviridae","Alphainfluenzavirus","Influenza A virus","Influenza A virus (A/swine/Alberta/56626/03(H1N1))","Influenza A virus (A/swine/Alberta/56626/03(H1N1))","QCMD1_Q1",15476661
"DQ280229.1",2339,153,5,0.62859756,0.138122,"Influenza A virus (A/swine/Ontario/48235/04(H1N2)) polymerase subunit PB2 (PB2) gene, complete cds",358582,"Viruses","Negarnaviricota","Insthoviricetes","Articulavirales","Orthomyxoviridae","Alphainfluenzavirus","Influenza A virus","Influenza A virus (A/swine/Ontario/48235/04(H1N2))","Influenza A virus (A/swine/Ontario/48235/04(H1N2))","QCMD1_Q1",15476661
"DQ995633.1",7452,156,1,0.021774856,0.00867061,"Human coxsackievirus A11 strain BAN00-10444, complete genome",42770,"Viruses","Pisuviricota","Pisoniviricetes","Picornavirales","Picornaviridae","Enterovirus","Enterovirus C","Coxsackievirus A11","Coxsackievirus A11","QCMD1_Q1",15476661
"EU004447.1",2341,150,2,0.27339116,0.0552016,"Influenza A virus (A/swine/Tianjin/01/04(H1N1)) segment 1 polymerase PB2 (PB2) gene, complete cds",452465,"Viruses","Negarnaviricota","Insthoviricetes","Articulavirales","Orthomyxoviridae","Alphainfluenzavirus","Influenza A virus","Influenza A virus (A/swine/Tianjin/01/2004(H1N1))","Influenza A virus (A/swine/Tianjin/01/2004(H1N1))","QCMD1_Q1",15476661
"EU030001.1",8406,3178,284,5.515867,2.18299,"RD114 retrovirus isolate SC3C, complete genome",11834,"Viruses","Artverviricota","Revtraviricetes","Ortervirales","Retroviridae","Gammaretrovirus","RD114 retrovirus","unclassified RD114 retrovirus subspecies/strain","unclassified RD114 retrovirus strain","QCMD1_Q1",15476661
"EU116038.1",2341,127,1,0.026928343,0.0276008,"Influenza A virus (A/Swine/Shandong/3/2005/H3N2) polymerase basic protein 2 (PB2) gene, complete cds",463697,"Viruses","Negarnaviricota","Insthoviricetes","Articulavirales","Orthomyxoviridae","Alphainfluenzavirus","Influenza A virus","Influenza A virus (A/swine/Shandong/3/2005(H3N2))","Influenza A virus (A/swine/Shandong/3/2005(H3N2))","QCMD1_Q1",15476661
"EU871835.1",2316,122,1,0.034164358,0.0278987,"Influenza A virus (A/duck/LA/17G/1987(H3N8)) segment 1 polymerase PB2 (PB2) gene, complete cds",545408,"Viruses","Negarnaviricota","Insthoviricetes","Articulavirales","Orthomyxoviridae","Alphainfluenzavirus","Influenza A virus","Influenza A virus (A/duck/LA/17G/1987(H3N8))","Influenza A virus (A/duck/LA/17G/1987(H3N8))","QCMD1_Q1",15476661
"FJ025900.1",37188,527,3,0.11115611,0.00521244,"Simian adenovirus 43, complete genome",585077,"Viruses","Preplasmiviricota","Tectiliviricetes","Rowavirales","Adenoviridae","Mastadenovirus","Human mastadenovirus C","Simian adenovirus 43","Simian adenovirus 43","QCMD1_Q1",15476661
"FJ025902.1",37820,28156,503,1.9863818,0.859348,"Simian adenovirus 42.2, complete genome",585098,"Viruses","Preplasmiviricota","Tectiliviricetes","Rowavirales","Adenoviridae","Mastadenovirus","Human mastadenovirus C","Simian adenovirus 42.2","Simian adenovirus 42.2","QCMD1_Q1",15476661
"FJ025904.1",37860,3900,34,0.24529302,0.0580258,"Simian adenovirus 31.2, complete genome",585088,"Viruses","Preplasmiviricota","Tectiliviricetes","Rowavirales","Adenoviridae","Mastadenovirus","Human mastadenovirus C","Simian adenovirus 31.2","Simian adenovirus 31.2","QCMD1_Q1",15476661
"FJ025908.1",35694,418,2,0.011760072,0.00362041,"Simian adenovirus 33, complete genome",585067,"Viruses","Preplasmiviricota","Tectiliviricetes","Rowavirales","Adenoviridae","Mastadenovirus","Human mastadenovirus B","Simian adenovirus 33","Simian adenovirus 33","QCMD1_Q1",15476661
"FJ025909.1",35592,542,5,0.02925907,0.00907696,"Simian adenovirus 27.1, complete genome",585083,"Viruses","Preplasmiviricota","Tectiliviricetes","Rowavirales","Adenoviridae","Mastadenovirus","Human mastadenovirus B","Simian adenovirus 27.1","Simian adenovirus 27.1","QCMD1_Q1",15476661
"FJ025910.1",35620,945,8,0.0326755,0.0145117,"Simian adenovirus 35.2, complete genome",585090,"Viruses","Preplasmiviricota","Tectiliviricetes","Rowavirales","Adenoviridae","Mastadenovirus","Human mastadenovirus B","Simian adenovirus 35.2","Simian adenovirus 35.2","QCMD1_Q1",15476661
"FJ025921.1",36635,15814,678,2.6945045,1.19579,"Simian adenovirus 37.1, complete genome",585091,"Viruses","Preplasmiviricota","Tectiliviricetes","Rowavirales","Adenoviridae","Mastadenovirus","Human mastadenovirus E","Simian adenovirus 37.1","Simian adenovirus 37.1","QCMD1_Q1",15476661
"FJ025927.1",35767,696,7,0.025942668,0.0126456,"Simian adenovirus 41.2, complete genome",585096,"Viruses","Preplasmiviricota","Tectiliviricetes","Rowavirales","Adenoviridae","Mastadenovirus","Human mastadenovirus B","Simian adenovirus 41.2","Simian adenovirus 41.2","QCMD1_Q1",15476661
"FJ655418.1",1767,633,9,0.7755102,0.329101,"Porcine circovirus type 1/2a isolate FMV08-1114252, complete genome",720569,"Viruses","Cressdnaviricota","Arfiviricetes","Cirlivirales","Circoviridae","Circovirus","Porcine circovirus type 1/2a","unclassified Porcine circovirus type 1/2a subspecies/strain","unclassified Porcine circovirus type 1/2a strain","QCMD1_Q1",15476661
"FJ971077.1",8126,740,438,13.303661,3.48273,"Simian retrovirus 4 strain SRV4/TEX/2009/V1, complete genome",723802,"Viruses","Artverviricota","Revtraviricetes","Ortervirales","Retroviridae","Betaretrovirus","Simian retrovirus 4","unclassified Simian retrovirus 4 subspecies/strain","unclassified Simian retrovirus 4 strain","QCMD1_Q1",15476661
"FN824512.2",45480,133,0,0.21553056,0,"Pigeon adenovirus 1 complete genome, strain IDA4",764030,"Viruses","Preplasmiviricota","Tectiliviricetes","Rowavirales","Adenoviridae","Aviadenovirus","Pigeon aviadenovirus A","Pigeon adenovirus 1","Pigeon adenovirus 1","QCMD1_Q1",15476661
"GQ387499.1",5905,2868,30,0.7534318,0.328265,"Porcine parvovirus 4 clone 17 replicase, ORF3, and capsid genes, complete cds",707546,"Viruses","Cossaviricota","Quintoviricetes","Piccovirales","Parvoviridae","Copiparvovirus","Ungulate copiparvovirus 2","Porcine parvovirus 4","Porcine parvovirus 4","QCMD1_Q1",15476661
"GU050160.1",1002,150,5,1.0305164,0.322422,"Influenza A virus (A/yellow-headed Amazon/California/500658/2007(H5N2)) segment 7 matrix protein 2 (M2) and matrix protein 1 (M1) genes, complete cds",680622,"Viruses","Negarnaviricota","Insthoviricetes","Articulavirales","Orthomyxoviridae","Alphainfluenzavirus","Influenza A virus","Influenza A virus (A/yellow-headed Amazon/California/500658/2007(H5N2))","Influenza A virus (A/yellow-headed Amazon/California/500658/2007(H5N2))","QCMD1_Q1",15476661
"HM011560.1",4926,1837,17,0.51947236,0.222986,"Polyomavirus HPyV6 isolate 607a, complete genome",746830,"Viruses","Cossaviricota","Papovaviricetes","Sepolyvirales","Polyomaviridae","Deltapolyomavirus","Deltapolyomavirus sextihominis","Human polyomavirus 6","Human polyomavirus 6","QCMD1_Q1",15476661
"HM145750.1",4944,1523,32,0.8838131,0.41821,"Bocavirus gorilla/GBoV1/2009, complete genome",864686,"Viruses","Cossaviricota","Quintoviricetes","Piccovirales","Parvoviridae","Bocaparvovirus","Primate bocaparvovirus 1","Bocavirus gorilla/GBoV1/2009","Bocavirus gorilla/GBoV1/2009","QCMD1_Q1",15476661
"HQ166041.1",2341,157,3,0.18849841,0.0828023,"Influenza A virus (A/Netherlands/26/2007(H1N1)) segment 1 polymerase PB2 (PB2) gene, complete cds",877502,"Viruses","Negarnaviricota","Insthoviricetes","Articulavirales","Orthomyxoviridae","Alphainfluenzavirus","Influenza A virus","Influenza A virus (A/Netherlands/26/2007(H1N1))","Influenza A virus (A/Netherlands/26/2007(H1N1))","QCMD1_Q1",15476661
"HQ388348.2",5666,1208,18,0.458847,0.205267,"Brassica yellows virus isolate BrYV-ABJ, complete genome",1046403,"Viruses","Pisuviricota","Pisoniviricetes","Sobelivirales","Solemoviridae","Polerovirus","Turnip yellows virus","Brassica yellows virus","Brassica yellows virus","QCMD1_Q1",15476661
"HQ853344.1",1469,268,4,0.38665655,0.175939,"Influenza A virus (A/swine/Guangdong/1/2010(H1N2)) segment 6 neuraminidase (NA) gene, complete cds",943907,"Viruses","Negarnaviricota","Insthoviricetes","Articulavirales","Orthomyxoviridae","Alphainfluenzavirus","Influenza A virus","Influenza A virus (A/swine/Guangdong/1/2010(H1N2))","Influenza A virus (A/swine/Guangdong/1/2010(H1N2))","QCMD1_Q1",15476661
"J02013.1",1928,132,1,0.07424072,0.0335132,"Avian myeloblastosis virus RNA-dependent DNA polymerase gene, partial cds; transforming protein gene, complete cds; and long terminal repeat, complete sequence",11866,"Viruses","Artverviricota","Revtraviricetes","Ortervirales","Retroviridae","Alpharetrovirus","Avian myeloblastosis virus","unclassified Avian myeloblastosis virus subspecies/strain","unclassified Avian myeloblastosis virus strain","QCMD1_Q1",15476661
"JF304767.1",7664,118,225,3.9382486,1.89692,"Saimiri sciureus papillomavirus type 3 isolate Mac2167.2, complete genome",990306,"Viruses","Cossaviricota","Papovaviricetes","Zurhausenvirales","Papillomaviridae","Dyoomikronpapillomavirus","Dyoomikronpapillomavirus 1","Saimiri sciureus papillomavirus 3","Saimiri sciureus papillomavirus 3","QCMD1_Q1",15476661
"JN254802.1",36711,16930,874,3.4836302,1.53829,"Chimpanzee adenovirus Y25, complete genome",1123958,"Viruses","Preplasmiviricota","Tectiliviricetes","Rowavirales","Adenoviridae","Mastadenovirus","Human mastadenovirus E","Chimpanzee adenovirus Y25","Chimpanzee adenovirus Y25","QCMD1_Q1",15476661
"JN681175.1",5235,150,1,0.029498525,0.0123426,"Porcine bocavirus 3C isolate pig/ZJD/China/2006, complete genome",1138844,"Viruses","Cossaviricota","Quintoviricetes","Piccovirales","Parvoviridae","Bocaparvovirus","Ungulate bocaparvovirus 5","Porcine bocavirus 3C","Porcine bocavirus 3C","QCMD1_Q1",15476661
"JN880449.1",35580,212,1,0.0069150436,0.001816,"Simian adenovirus A1163, complete genome",1159187,"Viruses","Preplasmiviricota","Tectiliviricetes","Rowavirales","Adenoviridae","Mastadenovirus","Simian adenovirus B","Simian adenovirus A1163","Simian adenovirus A1163","QCMD1_Q1",15476661
"JN880454.1",35578,357,2,0.010076775,0.00363221,"Simian adenovirus A1312, complete genome",1159192,"Viruses","Preplasmiviricota","Tectiliviricetes","Rowavirales","Adenoviridae","Mastadenovirus","Simian adenovirus B","Simian adenovirus A1312","Simian adenovirus A1312","QCMD1_Q1",15476661
"JX027296.1",4822,1132,10,0.31100172,0.133997,"Primate protoparvovirus 1 strain BF.86 NS1, putative VP1, hypothetical protein, and VP2 genes, complete cds",1511907,"Viruses","Cossaviricota","Quintoviricetes","Piccovirales","Parvoviridae","Protoparvovirus","Primate protoparvovirus 1","unclassified Primate protoparvovirus 1 subspecies/strain","unclassified Primate protoparvovirus 1 strain","QCMD1_Q1",15476661
"JX175256.1",1027,183,4,0.672748,0.251659,"Influenza A virus (A/duck/Guangdong/W12/2011(H3N2)) segment 7 matrix protein 2 (M2) and matrix protein 1 (M1) genes, complete cds",1198910,"Viruses","Negarnaviricota","Insthoviricetes","Articulavirales","Orthomyxoviridae","Alphainfluenzavirus","Influenza A virus","Influenza A virus (A/duck/Guangdong/W12/2011(H3N2))","Influenza A virus (A/duck/Guangdong/W12/2011(H3N2))","QCMD1_Q1",15476661
"JX297512.1",11640,582,4,0.057093125,0.0222039,"Bovine viral diarrhea virus type 1b isolate 10270 polyprotein gene, complete cds",981676,"Viruses","Kitrinoviricota","Flasuviricetes","Amarillovirales","Flaviviridae","Pestivirus","Pestivirus A","Bovine viral diarrhea virus 1b","Bovine viral diarrhea virus 1b","QCMD1_Q1",15476661
"JX499146.1",1027,174,7,1.2668186,0.440403,"Influenza A virus (A/chicken/Nanjing/908/2009(H11N2)) segment 7 matrix protein 2 (M2) and matrix protein 1 (M1) genes, complete cds",1224677,"Viruses","Negarnaviricota","Insthoviricetes","Articulavirales","Orthomyxoviridae","Alphainfluenzavirus","Influenza A virus","Influenza A virus (A/chicken/Nanjing/908/2009(H11N2))","Influenza A virus (A/chicken/Nanjing/908/2009(H11N2))","QCMD1_Q1",15476661
"JX896321.1",5805,1775,24,0.626702,0.267136,"Porcine parvovirus 5 isolate IA469 clone 1, complete genome",1241957,"Viruses","Cossaviricota","Quintoviricetes","Piccovirales","Parvoviridae","Protoparvovirus","Porcine parvovirus 5","unclassified Porcine parvovirus 5 subspecies/strain","unclassified Porcine parvovirus 5 strain","QCMD1_Q1",15476661
"KC617868.1",3780,139,31,1.1870524,0.529898,"Parvovirus NIH-CQV putative 15-kDa protein, putative replication associated protein (rep), and putative capsid protein (cap) genes, complete cds",1341019,"Viruses","Cossaviricota","Quintoviricetes","Piccovirales","Parvoviridae","unclassified Parvoviridae genus","Parvovirus NIH-CQV","unclassified Parvovirus NIH-CQV subspecies/strain","unclassified Parvovirus NIH-CQV strain","QCMD1_Q1",15476661
"KC802221.1",15696,11242,157,1.5248295,0.646299,"Phocine distemper virus strain PDV/Wadden_Sea.NLD/1988, complete genome",11240,"Viruses","Negarnaviricota","Monjiviricetes","Mononegavirales","Paramyxoviridae","Morbillivirus","Phocine morbillivirus","unclassified Phocine morbillivirus subspecies/strain","unclassified Phocine morbillivirus strain","QCMD1_Q1",15476661
"KC859214.2",1732,170,1,7.140329,0.0373057,"Influenza A virus (A/swine/Thailand/PB482/2009(H3N2)) segment 4 hemagglutinin (HA) gene, complete cds",1315824,"Viruses","Negarnaviricota","Insthoviricetes","Articulavirales","Orthomyxoviridae","Alphainfluenzavirus","Influenza A virus","Influenza A virus (A/swine/Thailand/PB482/2009(H3N2))","Influenza A virus (A/swine/Thailand/PB482/2009(H3N2))","QCMD1_Q1",15476661
"KF013901.1",2341,137,2,0.12505706,0.0552016,"Influenza A virus (A/sparrow/Guangxi/GXs-1/2012(H1N2)) segment 1 polymerase PB2 (PB2) gene, complete cds",1331508,"Viruses","Negarnaviricota","Insthoviricetes","Articulavirales","Orthomyxoviridae","Alphainfluenzavirus","Influenza A virus","Influenza A virus (A/sparrow/Guangxi/GXs-1/2012(H1N2))","Influenza A virus (A/sparrow/Guangxi/GXs-1/2012(H1N2))","QCMD1_Q1",15476661
"KF142497.2",1466,231,2,0.17553191,0.0881493,"Influenza A virus (A/swine/Korea/CY0423-12/2013(H1N2)) segment 6 neuraminidase (NA) gene, complete cds",1337100,"Viruses","Negarnaviricota","Insthoviricetes","Articulavirales","Orthomyxoviridae","Alphainfluenzavirus","Influenza A virus","Influenza A virus (A/swine/Korea/CY0423-12/2013(H1N2))","Influenza A virus (A/swine/Korea/CY0423-12/2013(H1N2))","QCMD1_Q1",15476661
"KF360047.1",34163,33047,2804,12.170817,5.30328,"UNVERIFIED: Simian adenovirus ch1 isolate SAdV-ch1 genomic sequence",1509400,"Viruses","Preplasmiviricota","Tectiliviricetes","Rowavirales","Adenoviridae","Mastadenovirus","Human mastadenovirus A","Simian adenovirus ch1","Simian adenovirus ch1","QCMD1_Q1",15476661
"KF382709.1",1410,335,7,0.6230159,0.320776,"Influenza A virus (A/swine/Virginia/A01432745/2013(H1N2)) segment 6 neuraminidase (NA) gene, complete cds",1357703,"Viruses","Negarnaviricota","Insthoviricetes","Articulavirales","Orthomyxoviridae","Alphainfluenzavirus","Influenza A virus","Influenza A virus (A/swine/Virginia/A01432745/2013(H1N2))","Influenza A virus (A/swine/Virginia/A01432745/2013(H1N2))","QCMD1_Q1",15476661
"KF533719.2",6944,179,1,0.022078304,0.00930493,"Carrot torradovirus 1 isolate CTV-1_RNA1_H6 polyprotein gene, complete cds",1425364,"Viruses","Pisuviricota","Pisoniviricetes","Picornavirales","Secoviridae","Torradovirus","Carrot torradovirus 1","unclassified Carrot torradovirus 1 subspecies/strain","unclassified Carrot torradovirus 1 strain","QCMD1_Q1",15476661
"KF703446.1",127320,1071,1874,1.7873477,0.951033,"Retroperitoneal fibromatosis-associated herpesvirus isolate RFHVMnM78114, complete genome",111469,"Viruses","Peploviricota","Herviviricetes","Herpesvirales","Herpesviridae","Rhadinovirus","Macacine gammaherpesvirus 8","Retroperitoneal fibromatosis-associated herpesvirus","Retroperitoneal fibromatosis-associated herpesvirus","QCMD1_Q1",15476661
"KJ433989.1",3062,173,1,0.04739011,0.0211017,"Porcine stool-associated circular virus 5 isolate CP3, complete genome",1475063,"Viruses","Cressdnaviricota","Arfiviricetes","Cirlivirales","Circoviridae","unclassified Circoviridae genus","Porcine stool-associated circular virus 5","unclassified Porcine stool-associated circular virus 5 subspecies/strain","unclassified Porcine stool-associated circular virus 5 strain","QCMD1_Q1",15476661
"KJ541167.1",7371,649,14,0.27793935,0.122723,"Coxsackievirus A6 isolate 1232/SH/CHN/2010, complete genome",86107,"Viruses","Pisuviricota","Pisoniviricetes","Picornavirales","Picornaviridae","Enterovirus","Enterovirus A","Coxsackievirus A6","Coxsackievirus A6","QCMD1_Q1",15476661
"KJ541759.1",33452,229,49,0.58600086,0.0946448,"Ball python nidovirus strain 07-53, complete genome",1986118,"Viruses","Pisuviricota","Pisoniviricetes","Nidovirales","Tobaniviridae","Pregotovirus","Ball python nidovirus 1","unclassified Ball python nidovirus 1 subspecies/strain","unclassified Ball python nidovirus 1 strain","QCMD1_Q1",15476661
"KM269482.1",7875,193,2,0.9644013,0.0164098,"Encephalomyocarditis virus strain ATCC VR-129B, complete genome",12104,"Viruses","Pisuviricota","Pisoniviricetes","Picornavirales","Picornaviridae","Cardiovirus","Cardiovirus A","Encephalomyocarditis virus","Encephalomyocarditis virus","QCMD1_Q1",15476661
"KM591903.1",34475,133,0,0.0034668609,0,"Rhesus adenovirus 53, complete genome",1574629,"Viruses","Preplasmiviricota","Tectiliviricetes","Rowavirales","Adenoviridae","Mastadenovirus","Human mastadenovirus G","Rhesus adenovirus 53","Rhesus adenovirus 53","QCMD1_Q1",15476661
"KP175580.1",10485,128,6,0.07411708,0.0369748,"Desmodus rotundus endogenous retrovirus isolate 824, complete genome",1622024,"Viruses","Artverviricota","Revtraviricetes","Ortervirales","Retroviridae","Betaretrovirus","Desmodus rotundus endogenous retrovirus","unclassified Desmodus rotundus endogenous retrovirus subspecies/strain","unclassified Desmodus rotundus endogenous retrovirus strain","QCMD1_Q1",15476661
"KP289357.1",7398,369,14,0.2929084,0.122275,"Coxsackievirus A2 isolate CV-A2/P14/2013/China, complete genome",33757,"Viruses","Pisuviricota","Pisoniviricetes","Picornavirales","Picornaviridae","Enterovirus","Enterovirus A","Coxsackievirus A2","Coxsackievirus A2","QCMD1_Q1",15476661
"KP289394.1",7412,296,2,0.0442027,0.0174348,"Coxsackievirus A10 isolate CV-A10/P1005/2013/China, complete genome",42769,"Viruses","Pisuviricota","Pisoniviricetes","Picornavirales","Picornaviridae","Enterovirus","Enterovirus A","Coxsackievirus A10","Coxsackievirus A10","QCMD1_Q1",15476661
"KP289435.1",7399,122,1,0.016829908,0.00873272,"Coxsackievirus A8 isolate CV-A8/P82/2013/China, complete genome",42788,"Viruses","Pisuviricota","Pisoniviricetes","Picornavirales","Picornaviridae","Enterovirus","Enterovirus A","Coxsackievirus A8","Coxsackievirus A8","QCMD1_Q1",15476661
"KP329566.1",35670,636,5,0.025619369,0.00905711,"Simian adenovirus 17 strain B-105, complete genome",1715779,"Viruses","Preplasmiviricota","Tectiliviricetes","Rowavirales","Adenoviridae","Mastadenovirus","Simian mastadenovirus F","Simian adenovirus 17","Simian adenovirus 17","QCMD1_Q1",15476661
"KR135164.1",43842,100,1,0.004897922,0.00147378,"Duck adenovirus 2 strain CH-GD-12-2014, complete genome",1520006,"Viruses","Preplasmiviricota","Tectiliviricetes","Rowavirales","Adenoviridae","Aviadenovirus","Duck aviadenovirus B","Duck adenovirus 2","Duck adenovirus 2","QCMD1_Q1",15476661
"KT149397.1",2985,2211,1063,55.219753,23.0097,"Circovirus-like genome DCCV-4, complete genome",1788444,"Viruses","Cressdnaviricota","Arfiviricetes","Cirlivirales","Circoviridae","unclassified Circoviridae genus","Circovirus-like genome DCCV-4","unclassified Circovirus-like genome DCCV-4 subspecies/strain","unclassified Circovirus-like genome DCCV-4 strain","QCMD1_Q1",15476661
"KT149406.1",2433,1279,517,31.310995,13.73,"Circovirus-like genome DCCV-13, complete genome",1788441,"Viruses","Cressdnaviricota","Arfiviricetes","Cirlivirales","Circoviridae","unclassified Circoviridae genus","Circovirus-like genome DCCV-13","unclassified Circovirus-like genome DCCV-13 subspecies/strain","unclassified Circovirus-like genome DCCV-13 strain","QCMD1_Q1",15476661
"KT965075.1",4281,150,1,0.03631082,0.0150931,"Protoparvovirus Zsana/2013/HUN non-structural protein gene, partial cds; putative middle protein gene, complete cds; and structural protein-like gene, partial sequence",1755694,"Viruses","Cossaviricota","Quintoviricetes","Piccovirales","Parvoviridae","Protoparvovirus","Ungulate protoparvovirus 2","Protoparvovirus Zsana/2013/HUN","Protoparvovirus Zsana/2013/HUN","QCMD1_Q1",15476661
"KU172423.1",5254,1994,1518,40.93123,18.6683,"Bovine hokovirus 2 strain bovine hokovirus 2 strain BS-S13 nonstructural protein (NS1), minor capsid protein (VP1), and major capsid protein (VP2) genes, complete cds",1096141,"Viruses","Cossaviricota","Quintoviricetes","Piccovirales","Parvoviridae","Tetraparvovirus","Ungulate tetraparvovirus 1","Bovine hokovirus 2","Bovine hokovirus 2","QCMD1_Q1",15476661
"KU315178.1",5813,345,5,0.12449232,0.0555767,"Pepo aphid-borne yellows virus isolate RSA BB Marrow, complete genome",1462681,"Viruses","Pisuviricota","Pisoniviricetes","Sobelivirales","Solemoviridae","Polerovirus","Pepo aphid-borne yellows virus","unclassified Pepo aphid-borne yellows virus subspecies/strain","unclassified Pepo aphid-borne yellows virus strain","QCMD1_Q1",15476661
"KU322572.1",1410,149,4,0.42539683,0.1833,"Influenza A virus (A/swine/Italy/337085/2012(H1N2)) segment 6 neuraminidase (NA) gene, complete cds",1774916,"Viruses","Negarnaviricota","Insthoviricetes","Articulavirales","Orthomyxoviridae","Alphainfluenzavirus","Influenza A virus","Influenza A virus (A/swine/Italy/337085/2012(H1N2))","Influenza A virus (A/swine/Italy/337085/2012(H1N2))","QCMD1_Q1",15476661
"KU351741.1",137448,246,6,0.06723332,0.00282056,"Macaca nemestrina herpesvirus 7, complete genome",1846169,"Viruses","Peploviricota","Herviviricetes","Herpesvirales","Herpesviridae","Roseolovirus","Macacine betaherpesvirus 9","Macaca nemestrina herpesvirus 7","Macaca nemestrina herpesvirus 7","QCMD1_Q1",15476661
"KU605777.1",8126,570,781,13.010657,6.21008,"Simian retrovirus 8 strain SRV8/SUZ/2012, complete genome",1904439,"Viruses","Artverviricota","Revtraviricetes","Ortervirales","Retroviridae","Betaretrovirus","Simian retrovirus 8","unclassified Simian retrovirus 8 subspecies/strain","unclassified Simian retrovirus 8 strain","QCMD1_Q1",15476661
"KU707902.1",7394,125,1,0.0204307,0.00873863,"Enterovirus B83 isolate 246/YN/CHN/08, complete genome",318566,"Viruses","Pisuviricota","Pisoniviricetes","Picornavirales","Picornaviridae","Enterovirus","Enterovirus B","Enterovirus B83","Enterovirus B83","QCMD1_Q1",15476661
"KU749310.1",222832,633,22,0.4801421,0.00637922,"Skunkpox virus strain WA, complete genome",160796,"Viruses","Nucleocytoviricota","Pokkesviricetes","Chitovirales","Poxviridae","Orthopoxvirus","Skunkpox virus","unclassified Skunkpox virus subspecies/strain","unclassified Skunkpox virus strain","QCMD1_Q1",15476661
"KU749311.1",217124,254,6,0.13802576,0.00178553,"Volepox virus strain CA, complete genome",28874,"Viruses","Nucleocytoviricota","Pokkesviricetes","Chitovirales","Poxviridae","Orthopoxvirus","Volepox virus","unclassified Volepox virus subspecies/strain","unclassified Volepox virus strain","QCMD1_Q1",15476661
"KU936049.1",137452,2486,150,2.9218657,0.070512,"Bubaline alphaherpesvirus 1 strain b6, complete genome",202910,"Viruses","Peploviricota","Herviviricetes","Herpesvirales","Herpesviridae","Varicellovirus","Bubaline alphaherpesvirus 1","unclassified Bubaline alphaherpesvirus 1 subspecies/strain","unclassified Bubaline alphaherpesvirus 1 strain","QCMD1_Q1",15476661
"KU976745.1",1467,295,7,0.7911921,0.308312,"Influenza A virus (A/swine/Mexico/AVX16/2012(H1N2)) segment 6 neuraminidase (NA) gene, complete cds",1820542,"Viruses","Negarnaviricota","Insthoviricetes","Articulavirales","Orthomyxoviridae","Alphainfluenzavirus","Influenza A virus","Influenza A virus (A/swine/Mexico/AVX16/2012(H1N2))","Influenza A virus (A/swine/Mexico/AVX16/2012(H1N2))","QCMD1_Q1",15476661
"KU976877.1",2342,291,2,0.18978103,0.055178,"Influenza A virus (A/swine/Mexico/AVX49/2013(H1N2)) segment 1 polymerase PB2 (PB2) gene, complete cds",1820574,"Viruses","Negarnaviricota","Insthoviricetes","Articulavirales","Orthomyxoviridae","Alphainfluenzavirus","Influenza A virus","Influenza A virus (A/swine/Mexico/AVX49/2013(H1N2))","Influenza A virus (A/swine/Mexico/AVX49/2013(H1N2))","QCMD1_Q1",15476661
"KX000828.1",1043,150,2,0.37513998,0.123899,"Influenza A virus (A/pigeon/Egypt/S10409A/2014(H9N2)) segment 7 matrix protein 2 (M2) and matrix protein 1 (M1) genes, complete cds",1822326,"Viruses","Negarnaviricota","Insthoviricetes","Articulavirales","Orthomyxoviridae","Alphainfluenzavirus","Influenza A virus","Influenza A virus (A/pigeon/Egypt/S10409A/2014(H9N2))","Influenza A virus (A/pigeon/Egypt/S10409A/2014(H9N2))","QCMD1_Q1",15476661
"KX977842.1",2341,128,1,0.040164307,0.0276008,"Influenza A virus (A/greater white-fronted goose/Netherlands/2/2010(H5N2)) segment 1 polymerase PB2 (PB2) gene, complete cds",1908076,"Viruses","Negarnaviricota","Insthoviricetes","Articulavirales","Orthomyxoviridae","Alphainfluenzavirus","Influenza A virus","Influenza A virus (A/greater white-fronted goose/Netherlands/2/2010(H5N2))","Influenza A virus (A/greater white-fronted goose/Netherlands/2/2010(H5N2))","QCMD1_Q1",15476661
"KX979797.1",2341,125,6,0.3409402,0.165605,"Influenza A virus (A/greater white-fronted goose/Netherlands/5/2008(H5N2)) segment 2 polymerase PB1 (PB1) and PB1-F2 protein (PB1-F2) genes, complete cds",1908086,"Viruses","Negarnaviricota","Insthoviricetes","Articulavirales","Orthomyxoviridae","Alphainfluenzavirus","Influenza A virus","Influenza A virus (A/greater white-fronted goose/Netherlands/5/2008(H5N2))","Influenza A virus (A/greater white-fronted goose/Netherlands/5/2008(H5N2))","QCMD1_Q1",15476661
"KY019139.2",5371,786,212,6.053055,2.55037,"Bosavirus MS-2016a, complete genome",1917013,"Viruses","Cossaviricota","Quintoviricetes","Piccovirales","Parvoviridae","Copiparvovirus","Ungulate copiparvovirus 5","Bosavirus MS-2016a","Bosavirus MS-2016a","QCMD1_Q1",15476661
"KY040274.1",192183,464,3,0.25947103,0.00100862,"Molluscum contagiosum virus subtype 2 isolate Madrid 2016_1, complete genome",10281,"Viruses","Nucleocytoviricota","Pokkesviricetes","Chitovirales","Poxviridae","Molluscipoxvirus","Molluscum contagiosum virus","Molluscum contagiosum virus subtype 2","Molluscum contagiosum virus subtype 2","QCMD1_Q1",15476661
"KY040275.1",188253,714,7,0.0702009,0.00240259,"Molluscum contagiosum virus subtype 1 isolate Madrid 2016_3, complete genome",10280,"Viruses","Nucleocytoviricota","Pokkesviricetes","Chitovirales","Poxviridae","Molluscipoxvirus","Molluscum contagiosum virus","Molluscum contagiosum virus subtype 1","Molluscum contagiosum virus subtype 1","QCMD1_Q1",15476661
"KY214434.1",3081,133,0,0.0075059705,0,"Porcine stool-associated circular virus/BEL/15V010 isolate 15V010, complete genome",2017724,"Viruses","Cressdnaviricota","Arfiviricetes","Cirlivirales","Circoviridae","unclassified Circoviridae genus","Porcine stool-associated circular virus/BEL/15V010","unclassified Porcine stool-associated circular virus/BEL/15V010 subspecies/strain","unclassified Porcine stool-associated circular virus/BEL/15V010 strain","QCMD1_Q1",15476661
"KY215944.1",135301,979,843,1.5043617,0.402577,"Bovine alphaherpesvirus 1 isolate 216 II, complete genome",10320,"Viruses","Peploviricota","Herviviricetes","Herpesvirales","Herpesviridae","Varicellovirus","Bovine alphaherpesvirus 1","unclassified Bovine alphaherpesvirus 1 subspecies/strain","unclassified Bovine alphaherpesvirus 1 strain","QCMD1_Q1",15476661
"KY490071.1",235397,11945,110,0.069182605,0.0301936,"Human betaherpesvirus 5 strain HANChild1, complete genome",10359,"Viruses","Peploviricota","Herviviricetes","Herpesvirales","Herpesviridae","Cytomegalovirus","Human betaherpesvirus 5","unclassified Human betaherpesvirus 5 subspecies/strain","unclassified Human betaherpesvirus 5 strain","QCMD1_Q1",15476661
"KY523072.1",6125,150,1,0.025104603,0.0105491,"Pepper vein yellows virus 5 isolate Spain-Almeria 2-2013, complete genome",1965355,"Viruses","Pisuviricota","Pisoniviricetes","Sobelivirales","Solemoviridae","Polerovirus","Pepper vein yellows virus 5","unclassified Pepper vein yellows virus 5 subspecies/strain","unclassified Pepper vein yellows virus 5 strain","QCMD1_Q1",15476661
"KY549446.1",137712,746,0,0.1831974,0,"Bovine alphaherpesvirus 5 strain ISO 97/45, complete genome",35244,"Viruses","Peploviricota","Herviviricetes","Herpesvirales","Herpesviridae","Varicellovirus","Bovine alphaherpesvirus 5","unclassified Bovine alphaherpesvirus 5 subspecies/strain","unclassified Bovine alphaherpesvirus 5 strain","QCMD1_Q1",15476661
"KY581736.1",4872,902,23,0.7276578,0.305031,"Gorilla bocaparvovirus 2 isolate GBOV2/GAB1, partial genome",1986196,"Viruses","Cossaviricota","Quintoviricetes","Piccovirales","Parvoviridae","Bocaparvovirus","Primate bocaparvovirus 2","Gorilla bocaparvovirus 2","Gorilla bocaparvovirus 2","QCMD1_Q1",15476661
"KY628971.1",155462,863,29,0.04376996,0.012053,"Macacine alphaherpesvirus 1 isolate 12930, complete genome",10325,"Viruses","Peploviricota","Herviviricetes","Herpesvirales","Herpesviridae","Simplexvirus","Macacine alphaherpesvirus 1","unclassified Macacine alphaherpesvirus 1 subspecies/strain","unclassified Macacine alphaherpesvirus 1 strain","QCMD1_Q1",15476661
"KY965444.1",167212,145,0,0.00265171,0,"Common bottlenose dolphin gammaherpesvirus 1 strain Sarasota, complete genome",2022783,"Viruses","Peploviricota","Herviviricetes","Herpesvirales","Herpesviridae","Rhadinovirus","Common bottlenose dolphin gammaherpesvirus 1 strain Sarasota","unclassified Common bottlenose dolphin gammaherpesvirus 1 strain Sarasota subspecies/strain","unclassified Common bottlenose dolphin gammaherpesvirus 1 strain Sarasota strain","QCMD1_Q1",15476661
"L23427.1",5075,2844,39,1.1508629,0.496537,"Porcine parvovirus (NADL-2) DNA fragment encoding PT4 and PT40",10796,"Viruses","Cossaviricota","Quintoviricetes","Piccovirales","Parvoviridae","Protoparvovirus","Ungulate protoparvovirus 1","Porcine parvovirus","Porcine parvovirus","QCMD1_Q1",15476661
"LC075584.1",144636,205,0,0.019289065,0,"Equid alphaherpesvirus 4 DNA, complete genome, strain: 01-10-1",10331,"Viruses","Peploviricota","Herviviricetes","Herpesvirales","Herpesviridae","Varicellovirus","Equid alphaherpesvirus 4","unclassified Equid alphaherpesvirus 4 subspecies/strain","unclassified Equid alphaherpesvirus 4 strain","QCMD1_Q1",15476661
"LK021688.1",7407,163,2,0.03899683,0.0174466,"Enterovirus A120 complete genome, strain MAD-2741-11",1435148,"Viruses","Pisuviricota","Pisoniviricetes","Picornavirales","Picornaviridae","Enterovirus","Enterovirus A","Enterovirus A120","Enterovirus A120","QCMD1_Q1",15476661
"LR027540.1",7398,858,11,0.22944261,0.0960729,"Coxsackievirus A7 isolate CV-A7|37183|TKM|2010 genome assembly, complete genome: monopartite",42787,"Viruses","Pisuviricota","Pisoniviricetes","Picornavirales","Picornaviridae","Enterovirus","Enterovirus A","Coxsackievirus A7","Coxsackievirus A7","QCMD1_Q1",15476661
"LT594108.1",151216,9298,13847,14.417116,5.91672,"Human herpesvirus 1 isolate 1319_2005 genome assembly, complete genome: monopartite",10298,"Viruses","Peploviricota","Herviviricetes","Herpesvirales","Herpesviridae","Simplexvirus","Human alphaherpesvirus 1","unclassified Human alphaherpesvirus 1 subspecies/strain","unclassified Human alphaherpesvirus 1 strain","QCMD1_Q1",15476661
"M20219.1",7937,281,150,2.693977,1.22112,"Bovine papillomavirus type 2, complete genome",2758382,"Viruses","Cossaviricota","Papovaviricetes","Zurhausenvirales","Papillomaviridae","Deltapapillomavirus","Deltapapillomavirus 4","Bos taurus papillomavirus 2","Bos taurus papillomavirus 2","QCMD1_Q1",15476661
"M22820.1",4901,463,43,1.176384,0.5669,"Snyder-Theilen feline sarcoma virus genomic sequence, sequence",11780,"Viruses","Artverviricota","Revtraviricetes","Ortervirales","Retroviridae","Gammaretrovirus","Snyder-Theilen feline sarcoma virus","unclassified Snyder-Theilen feline sarcoma virus subspecies/strain","unclassified Snyder-Theilen feline sarcoma virus strain","QCMD1_Q1",15476661
"M96687.1",12480,146,1,0.011759935,0.00517736,"Bovine viral diarrhea virus strain Osloss polyprotein gene, complete cds",229907,"Viruses","Kitrinoviricota","Flasuviricetes","Amarillovirales","Flaviviridae","Pestivirus","Pestivirus A","Bovine viral diarrhea virus 1-Osloss","Bovine viral diarrhea virus 1-Osloss","QCMD1_Q1",15476661
"M96751.1",12308,130,1,0.010692548,0.00524971,"Bovine viral diarrhea virus 1-SD1 polyprotein gene, complete cds",31656,"Viruses","Kitrinoviricota","Flasuviricetes","Amarillovirales","Flaviviridae","Pestivirus","Pestivirus A","Bovine viral diarrhea virus 1-SD1","Bovine viral diarrhea virus 1-SD1","QCMD1_Q1",15476661
"MF098862.1",1467,161,3,0.3166287,0.132134,"Influenza A virus (A/swine/Mallarauco/VN1401-988/2015(H1N2)) segment 6 neuraminidase (NA) gene, complete cds",1987452,"Viruses","Negarnaviricota","Insthoviricetes","Articulavirales","Orthomyxoviridae","Alphainfluenzavirus","Influenza A virus","Influenza A virus (A/swine/Mallarauco/VN1401-988/2015(H1N2))","Influenza A virus (A/swine/Mallarauco/VN1401-988/2015(H1N2))","QCMD1_Q1",15476661
"MF116344.1",2341,151,3,0.20447284,0.0828023,"Influenza A virus (A/duck/China/E26/2012(H5N1)) segment 1 polymerase PB2 (PB2) gene, complete cds",2002796,"Viruses","Negarnaviricota","Insthoviricetes","Articulavirales","Orthomyxoviridae","Alphainfluenzavirus","Influenza A virus","Influenza A virus (A/duck/China/E26/2012(H5N1))","Influenza A virus (A/duck/China/E26/2012(H5N1))","QCMD1_Q1",15476661
"MF198460.1",35158,117,0,0.0033420932,0,"Rhesus adenovirus 66, complete genome",2064742,"Viruses","Preplasmiviricota","Tectiliviricetes","Rowavirales","Adenoviridae","Mastadenovirus","Rhesus adenovirus 66","unclassified Rhesus adenovirus 66 subspecies/strain","unclassified Rhesus adenovirus 66 strain","QCMD1_Q1",15476661
"MF327535.1",7676,116,0,0.7102046,0,"Ailuropoda melanoleuca papillomavirus 1 strain gpam001, complete genome",2016454,"Viruses","Cossaviricota","Papovaviricetes","Zurhausenvirales","Papillomaviridae","Omegapapillomavirus","Omegapapillomavirus 1","Ailuropoda melanoleuca papillomavirus 1","Ailuropoda melanoleuca papillomavirus 1","QCMD1_Q1",15476661
"MF694106.1",2233,130,1,0.044167068,0.0289357,"Influenza A virus (A/black-headed gull/Netherlands/1/2016(H16N3)) segment 3 polymerase PA (PA) and PA-X protein (PA-X) genes, complete cds",2028508,"Viruses","Negarnaviricota","Insthoviricetes","Articulavirales","Orthomyxoviridae","Alphainfluenzavirus","Influenza A virus","Influenza A virus (A/black-headed gull/Netherlands/1/2016(H16N3))","Influenza A virus (A/black-headed gull/Netherlands/1/2016(H16N3))","QCMD1_Q1",15476661
"MG212485.1",7395,924,33,0.6552105,0.288336,"Enterovirus A isolate 13688, complete genome",138948,"Viruses","Pisuviricota","Pisoniviricetes","Picornavirales","Picornaviridae","Enterovirus","Enterovirus A","unclassified Enterovirus A subspecies/strain","unclassified Enterovirus A strain","QCMD1_Q1",15476661
"MG280559.1",2316,322,3,1.2253001,0.0836961,"Influenza A virus (A/common goldeneye/Wisconsin/16OS4144/2016(H10N7)) segment 2 polymerase PB1 (PB1) and PB1-F2 protein (PB1-F2) genes, complete cds",2050479,"Viruses","Negarnaviricota","Insthoviricetes","Articulavirales","Orthomyxoviridae","Alphainfluenzavirus","Influenza A virus","Influenza A virus (A/common goldeneye/Wisconsin/16OS4144/2016(H10N7))","Influenza A virus (A/common goldeneye/Wisconsin/16OS4144/2016(H10N7))","QCMD1_Q1",15476661
"MG543471.1",3999,1493,14,0.5154586,0.226204,"Porcine parvovirus 7 isolate GX49, complete genome",1820046,"Viruses","Cossaviricota","Quintoviricetes","Piccovirales","Parvoviridae","Chaphamaparvovirus","Ungulate chaphamaparvovirus 1","Porcine parvovirus 7","Porcine parvovirus 7","QCMD1_Q1",15476661
"MG712775.1",44454,131,1,0.44826654,0.00145349,"Fowl adenovirus 8b isolate SD1356, complete genome",586029,"Viruses","Preplasmiviricota","Tectiliviricetes","Rowavirales","Adenoviridae","Aviadenovirus","Fowl aviadenovirus E","Fowl adenovirus 8b","Fowl adenovirus 8b","QCMD1_Q1",15476661
"MG972981.1",5759,1007,2496,57.723125,28.004,"Ungulate copiparvovirus 1 strain QQHE16, complete genome",1511889,"Viruses","Cossaviricota","Quintoviricetes","Piccovirales","Parvoviridae","Copiparvovirus","Ungulate copiparvovirus 1","unclassified Ungulate copiparvovirus 1 subspecies/strain","unclassified Ungulate copiparvovirus 1 strain","QCMD1_Q1",15476661
"MH036942.1",138199,1305,32,0.5652993,0.0149612,"Cervid alphaherpesvirus 1 strain Anlier, complete genome",79891,"Viruses","Peploviricota","Herviviricetes","Herpesvirales","Herpesviridae","Varicellovirus","Cervid alphaherpesvirus 1","unclassified Cervid alphaherpesvirus 1 subspecies/strain","unclassified Cervid alphaherpesvirus 1 strain","QCMD1_Q1",15476661
"MH036943.1",142633,2026,2294,1.8845406,1.03919,"Cervid alphaherpesvirus 2 strain Norway, complete genome",365327,"Viruses","Peploviricota","Herviviricetes","Herpesvirales","Herpesviridae","Varicellovirus","Cervid alphaherpesvirus 2","unclassified Cervid alphaherpesvirus 2 subspecies/strain","unclassified Cervid alphaherpesvirus 2 strain","QCMD1_Q1",15476661
"MH698402.1",162076,3940,715,0.67820483,0.285043,"Human betaherpesvirus 6B strain GTEX-OXRO_icihv6b, complete genome",32604,"Viruses","Peploviricota","Herviviricetes","Herpesvirales","Herpesviridae","Roseolovirus","Human betaherpesvirus 6B","unclassified Human betaherpesvirus 6B subspecies/strain","unclassified Human betaherpesvirus 6B strain","QCMD1_Q1",15476661
"MN205539.1",137429,710,1319,1.1589464,0.620139,"UNVERIFIED: Human gammaherpesvirus 8 strain BCBL-1, complete genome",37296,"Viruses","Peploviricota","Herviviricetes","Herpesvirales","Herpesviridae","Rhadinovirus","Human gammaherpesvirus 8","unclassified Human gammaherpesvirus 8 subspecies/strain","unclassified Human gammaherpesvirus 8 strain","QCMD1_Q1",15476661
"MN240300.1",210797,5002,29,0.14429829,0.00888907,"Alaskapox virus isolate Alaska_2015, complete genome",2602439,"Viruses","Nucleocytoviricota","Pokkesviricetes","Chitovirales","Poxviridae","Orthopoxvirus","Alaskapox virus","unclassified Alaskapox virus subspecies/strain","unclassified Alaskapox virus strain","QCMD1_Q1",15476661
"MN244297.1",221153,29500,443,0.31595045,0.12943,"Akhmeta virus strain A39, complete genome",2200830,"Viruses","Nucleocytoviricota","Pokkesviricetes","Chitovirales","Poxviridae","Orthopoxvirus","Akhmeta virus","unclassified Akhmeta virus subspecies/strain","unclassified Akhmeta virus strain","QCMD1_Q1",15476661
"NC_001664.4",159378,1086,439,0.36425754,0.177975,"Human betaherpesvirus 6A, variant A DNA, complete virion genome, isolate U1102",32603,"Viruses","Peploviricota","Herviviricetes","Herpesvirales","Herpesviridae","Roseolovirus","Human betaherpesvirus 6A","unclassified Human betaherpesvirus 6A subspecies/strain","unclassified Human betaherpesvirus 6A strain","QCMD1_Q1",15476661
"NC_001716.2",153080,2453,98,0.06490551,0.0413647,"Human herpesvirus 7, complete genome",10372,"Viruses","Peploviricota","Herviviricetes","Herpesvirales","Herpesviridae","Roseolovirus","Human betaherpesvirus 7","unclassified Human betaherpesvirus 7 subspecies/strain","unclassified Human betaherpesvirus 7 strain","QCMD1_Q1",15476661
"NC_001987.1",108409,377,25,0.052097287,0.0149004,"Ateline herpesvirus 3 complete genome",85618,"Viruses","Peploviricota","Herviviricetes","Herpesvirales","Herpesviridae","Rhadinovirus","Ateline gammaherpesvirus 3","unclassified Ateline gammaherpesvirus 3 subspecies/strain","unclassified Ateline gammaherpesvirus 3 strain","QCMD1_Q1",15476661
"NC_002665.1",108873,1545,832,1.1138674,0.493771,"Bovine herpesvirus 4 long unique region, complete sequence",10385,"Viruses","Peploviricota","Herviviricetes","Herpesvirales","Herpesviridae","Rhadinovirus","Bovine gammaherpesvirus 4","unclassified Bovine gammaherpesvirus 4 subspecies/strain","unclassified Bovine gammaherpesvirus 4 strain","QCMD1_Q1",15476661
"NC_006151.1",143461,761,20,0.20869996,0.0090078,"Suid herpesvirus 1, complete genome",10345,"Viruses","Peploviricota","Herviviricetes","Herpesvirales","Herpesviridae","Varicellovirus","Suid alphaherpesvirus 1","unclassified Suid alphaherpesvirus 1 subspecies/strain","unclassified Suid alphaherpesvirus 1 strain","QCMD1_Q1",15476661
"NC_006560.1",150715,1865,10,0.2143194,0.00428713,"Cercopithecine herpesvirus 2, complete genome",10317,"Viruses","Peploviricota","Herviviricetes","Herpesvirales","Herpesviridae","Simplexvirus","Cercopithecine alphaherpesvirus 2","unclassified Cercopithecine alphaherpesvirus 2 subspecies/strain","unclassified Cercopithecine alphaherpesvirus 2 strain","QCMD1_Q1",15476661
"NC_007653.1",156487,1868,69,0.1205025,0.0284901,"Papiine herpesvirus 2, complete genome",340907,"Viruses","Peploviricota","Herviviricetes","Herpesvirales","Herpesviridae","Simplexvirus","Papiine alphaherpesvirus 2","unclassified Papiine alphaherpesvirus 2 subspecies/strain","unclassified Papiine alphaherpesvirus 2 strain","QCMD1_Q1",15476661
"NC_009334.1",172764,707,177,0.26590544,0.0661977,"Human herpesvirus 4, complete genome",12509,"Viruses","Peploviricota","Herviviricetes","Herpesvirales","Herpesviridae","Lymphocryptovirus","Human gammaherpesvirus 4","Human herpesvirus 4 type 2","Human herpesvirus 4 type 2","QCMD1_Q1",15476661
"NC_012783.2",226205,154,1,0.016566765,0.000285641,"Cercopithecine herpesvirus 5 strain 2715, complete genome",50292,"Viruses","Peploviricota","Herviviricetes","Herpesvirales","Herpesviridae","Cytomegalovirus","Cercopithecine betaherpesvirus 5","unclassified Cercopithecine betaherpesvirus 5 subspecies/strain","unclassified Cercopithecine betaherpesvirus 5 strain","QCMD1_Q1",15476661
"NC_014567.1",156742,719,0,0.09479412,0,"Saimiriine herpesvirus 1, complete genome",10353,"Viruses","Peploviricota","Herviviricetes","Herpesvirales","Herpesviridae","Simplexvirus","Saimiriine alphaherpesvirus 1","unclassified Saimiriine alphaherpesvirus 1 subspecies/strain","unclassified Saimiriine alphaherpesvirus 1 strain","QCMD1_Q1",15476661
"NC_016447.1",219474,135,4,0.038395252,0.00117761,"Aotine herpesvirus 1 strain S34E, complete genome",50290,"Viruses","Peploviricota","Herviviricetes","Herpesvirales","Herpesviridae","Cytomegalovirus","Aotine betaherpesvirus 1","unclassified Aotine betaherpesvirus 1 subspecies/strain","unclassified Aotine betaherpesvirus 1 strain","QCMD1_Q1",15476661
"NC_016448.1",196691,194,0,0.003414046,0,"Saimiriine herpesvirus 4 strain SqSHV, complete genome",1535247,"Viruses","Peploviricota","Herviviricetes","Herpesvirales","Herpesviridae","Cytomegalovirus","Saimiriine betaherpesvirus 4","unclassified Saimiriine betaherpesvirus 4 subspecies/strain","unclassified Saimiriine betaherpesvirus 4 strain","QCMD1_Q1",15476661
"NC_023677.1",153158,57961,9130,12.917057,3.85171,"Chimpanzee alpha-1 herpesvirus strain 105640, complete genome",332937,"Viruses","Peploviricota","Herviviricetes","Herpesvirales","Herpesviridae","Simplexvirus","Panine alphaherpesvirus 3","Chimpanzee herpesvirus strain 105640","Chimpanzee herpesvirus strain 105640","QCMD1_Q1",15476661
"NC_024771.1",151601,312,127,0.11187777,0.0541283,"Equid herpesvirus 3 strain AR/2007/C3A, complete genome",80341,"Viruses","Peploviricota","Herviviricetes","Herpesvirales","Herpesviridae","Varicellovirus","Equid alphaherpesvirus 3","unclassified Equid alphaherpesvirus 3 subspecies/strain","unclassified Equid alphaherpesvirus 3 strain","QCMD1_Q1",15476661
"NC_029311.1",124049,305,0,0.004761943,0,"Leporid herpesvirus 4 isolate LHV4012612, complete genome",481315,"Viruses","Peploviricota","Herviviricetes","Herpesvirales","Herpesviridae","Simplexvirus","Leporid alphaherpesvirus 4","unclassified Leporid alphaherpesvirus 4 subspecies/strain","unclassified Leporid alphaherpesvirus 4 strain","QCMD1_Q1",15476661
"U31790.1",7184,300,2,0.042649984,0.0179881,"Human papillomavirus type 50, complete genome",40539,"Viruses","Cossaviricota","Papovaviricetes","Zurhausenvirales","Papillomaviridae","Gammapapillomavirus","Gammapapillomavirus 3","Human papillomavirus type 50","Human papillomavirus type 50","QCMD1_Q1",15476661
"U63479.1",12247,1928,17,0.20302555,0.0896896,"Bovine viral diarrhea virus 1-CP7 polyprotein gene, complete cds",268305,"Viruses","Kitrinoviricota","Flasuviricetes","Amarillovirales","Flaviviridae","Pestivirus","Pestivirus A","Bovine viral diarrhea virus 1-CP7","Bovine viral diarrhea virus 1-CP7","QCMD1_Q1",15476661
"U89790.1",4767,693,109,3.4580896,1.47742,"Adeno-associated virus 4, complete genome",57579,"Viruses","Cossaviricota","Quintoviricetes","Piccovirales","Parvoviridae","Dependoparvovirus","Adeno-associated dependoparvovirus A","Adeno-associated virus - 4","Adeno-associated virus - 4","QCMD1_Q1",15476661
"V01201.1",5779,211,1,0.5580032,0.0111807,"Simian sarcoma virus proviral sequence with genes coding for envelope protein (env) and polymerase (pol)",11970,"Viruses","Artverviricota","Revtraviricetes","Ortervirales","Retroviridae","Gammaretrovirus","Woolly monkey sarcoma virus","unclassified Woolly monkey sarcoma virus subspecies/strain","unclassified Woolly monkey sarcoma virus strain","QCMD1_Q1",15476661
"X03711.1",2473,245,2,0.105467066,0.0522551,"Hardy-Zuckermann 4 feline sarcoma virus (H24-FeSV) kit oncogene",11777,"Viruses","Artverviricota","Revtraviricetes","Ortervirales","Retroviridae","Gammaretrovirus","Hardy-Zuckerman feline sarcoma virus","Feline sarcoma virus (STRAIN HARDY-ZUCKERMAN 4)","Feline sarcoma virus (STRAIN HARDY-ZUCKERMAN 4)","QCMD1_Q1",15476661
"X13063.1",5641,2630,98,2.584775,1.12252,"Turnip yellows virus (BWYV-FL1) genomic RNA",131083,"Viruses","Pisuviricota","Pisoniviricetes","Sobelivirales","Solemoviridae","Polerovirus","Turnip yellows virus","unclassified Turnip yellows virus subspecies/strain","unclassified Turnip yellows virus strain","QCMD1_Q1",15476661
"X83110.1",5722,509,9,0.23528355,0.101629,"Beet mild yellowing virus genomic RNA",156690,"Viruses","Pisuviricota","Pisoniviricetes","Sobelivirales","Solemoviridae","Polerovirus","Beet mild yellowing virus","unclassified Beet mild yellowing virus subspecies/strain","unclassified Beet mild yellowing virus strain","QCMD1_Q1",15476661
"MW722956.1",43739,159,4,0.053476796,0.005909,"Duck adenovirus 2 isolate GD, complete genome",1520006,"Viruses","Preplasmiviricota","Tectiliviricetes","Rowavirales","Adenoviridae","Aviadenovirus","Duck aviadenovirus B","Duck adenovirus 2","Duck adenovirus 2","QCMD1_Q1",15476661
"MF588677.1",7550,196,1,0.029594595,0.00855807,"Betapapillomavirus 1 isolate Beta01_HIVGc36, complete genome",337051,"Viruses","Cossaviricota","Papovaviricetes","Zurhausenvirales","Papillomaviridae","Betapapillomavirus","Betapapillomavirus 1","unclassified Betapapillomavirus 1 subspecies/strain","unclassified Betapapillomavirus 1 strain","QCMD1_Q1",15476661
"KF764701.1",2853,202,7,0.39141694,0.158533,"TTV-like mini virus isolate D11, complete genome",93678,"Viruses","unclassified Viruses phylum","unclassified Viruses class","unclassified Viruses order","Anelloviridae","Betatorquevirus","TTV-like mini virus","unclassified TTV-like mini virus subspecies/strain","unclassified TTV-like mini virus strain","QCMD1_Q1",15476661
"AY421766.1",7396,155,1,0.024841292,0.00873627,"Human coxsackievirus A8 strain Donovan, complete genome",42788,"Viruses","Pisuviricota","Pisoniviricetes","Picornavirales","Picornaviridae","Enterovirus","Enterovirus A","Coxsackievirus A8","Coxsackievirus A8","QCMD1_Q1",15476661
"AY421764.1",7434,144,2,0.05409116,0.0173832,"Human coxsackievirus A6 strain Gdula, complete genome",86107,"Viruses","Pisuviricota","Pisoniviricetes","Picornavirales","Picornaviridae","Enterovirus","Enterovirus A","Coxsackievirus A6","Coxsackievirus A6","QCMD1_Q1",15476661
"AY421763.1",7400,140,1,0.019310344,0.00873154,"Human coxsackievirus A5 strain Swartz, complete genome",42786,"Viruses","Pisuviricota","Pisoniviricetes","Picornavirales","Picornaviridae","Enterovirus","Enterovirus A","Coxsackievirus A5","Coxsackievirus A5","QCMD1_Q1",15476661
"AY421762.1",7434,166,19,0.3400604,0.165141,"Human coxsackievirus A4 strain High Point, complete genome",42785,"Viruses","Pisuviricota","Pisoniviricetes","Picornavirales","Picornaviridae","Enterovirus","Enterovirus A","Coxsackievirus A4","Coxsackievirus A4","QCMD1_Q1",15476661
"AY302549.1",7426,123,1,0.016904892,0.00870097,"Human echovirus 25 strain JV-4 complete genome",45101,"Viruses","Pisuviricota","Pisoniviricetes","Picornavirales","Picornaviridae","Enterovirus","Enterovirus B","Echovirus E25","Echovirus E25","QCMD1_Q1",15476661
"AF499642.1",7436,114,0,0.022508921,0,"Human coxsackievirus A20 strain IH35, complete genome",42782,"Viruses","Pisuviricota","Pisoniviricetes","Picornavirales","Picornaviridae","Enterovirus","Enterovirus C","Coxsackievirus A20","Coxsackievirus A20","QCMD1_Q1",15476661
"MG026728.1",5333,181,182,4.93498,2.20507,"Bovine parvovirus 3 isolate ujs497 nonstructural protein and structural protein genes, complete cds",172297,"Viruses","Cossaviricota","Quintoviricetes","Piccovirales","Parvoviridae","Erythroparvovirus","Ungulate erythroparvovirus 1","Bovine parvovirus 3","Bovine parvovirus 3","QCMD1_Q1",15476661
"AY423387.1",9359,300,2,0.032576825,0.0138078,"HIV-1 isolate 671-00T36 from Netherlands, complete genome",11676,"Viruses","Artverviricota","Revtraviricetes","Ortervirales","Retroviridae","Lentivirus","Human immunodeficiency virus 1","unclassified Human immunodeficiency virus 1 subspecies/strain","unclassified Human immunodeficiency virus 1 strain","QCMD1_Q1",15476661
"AY455778.1",8767,521,5,0.08506441,0.0368504,"HIV-1 isolate 99UFRJ-1 from Brazil, complete genome",11676,"Viruses","Artverviricota","Revtraviricetes","Ortervirales","Retroviridae","Lentivirus","Human immunodeficiency virus 1","unclassified Human immunodeficiency virus 1 subspecies/strain","unclassified Human immunodeficiency virus 1 strain","QCMD1_Q1",15476661
"AY588970.1",8693,121,1,0.014163643,0.00743281,"HIV-1 isolate CU38 from Cuba, complete genome",11676,"Viruses","Artverviricota","Revtraviricetes","Ortervirales","Retroviridae","Lentivirus","Human immunodeficiency virus 1","unclassified Human immunodeficiency virus 1 subspecies/strain","unclassified Human immunodeficiency virus 1 strain","QCMD1_Q1",15476661
"DQ085872.1",8902,285,2,0.032563984,0.0145166,"HIV-1 isolate BREPM12313 from Brazil, complete genome",11676,"Viruses","Artverviricota","Revtraviricetes","Ortervirales","Retroviridae","Lentivirus","Human immunodeficiency virus 1","unclassified Human immunodeficiency virus 1 subspecies/strain","unclassified Human immunodeficiency virus 1 strain","QCMD1_Q1",15476661
"DQ358811.1",8875,143,1,0.016389685,0.00728039,"HIV-1 isolate 02BR033 from Brazil, complete genome",11676,"Viruses","Artverviricota","Revtraviricetes","Ortervirales","Retroviridae","Lentivirus","Human immunodeficiency virus 1","unclassified Human immunodeficiency virus 1 subspecies/strain","unclassified Human immunodeficiency virus 1 strain","QCMD1_Q1",15476661
"DQ366664.1",8925,131,1,0.014928775,0.0072396,"HIV-1 isolate 03MYKL018.1 from Malaysia, complete genome",11676,"Viruses","Artverviricota","Revtraviricetes","Ortervirales","Retroviridae","Lentivirus","Human immunodeficiency virus 1","unclassified Human immunodeficiency virus 1 subspecies/strain","unclassified Human immunodeficiency virus 1 strain","QCMD1_Q1",15476661
"DQ853463.1",9210,517,9,0.14801325,0.0631402,"HIV-1 isolate 15384.1 from USA, complete genome",11676,"Viruses","Artverviricota","Revtraviricetes","Ortervirales","Retroviridae","Lentivirus","Human immunodeficiency virus 1","unclassified Human immunodeficiency virus 1 subspecies/strain","unclassified Human immunodeficiency virus 1 strain","QCMD1_Q1",15476661
"KJ849759.1",9236,132,1,0.014527845,0.00699582,"HIV-1 isolate 10BR_PE008 from Brazil gag protein (gag), pol protein (pol), vif protein (vif), vpr protein (vpr), tat protein (tat), rev protein (rev), vpu protein (vpu), envelope glycoprotein (env), and nef protein (nef) genes, complete cds",11676,"Viruses","Artverviricota","Revtraviricetes","Ortervirales","Retroviridae","Lentivirus","Human immunodeficiency virus 1","unclassified Human immunodeficiency virus 1 subspecies/strain","unclassified Human immunodeficiency virus 1 strain","QCMD1_Q1",15476661
"M17451.1",9128,851,8,0.122298956,0.0566288,"Human immunodeficiency virus type 1, isolate RF (HAT-3), complete genome",11676,"Viruses","Artverviricota","Revtraviricetes","Ortervirales","Retroviridae","Lentivirus","Human immunodeficiency virus 1","unclassified Human immunodeficiency virus 1 subspecies/strain","unclassified Human immunodeficiency virus 1 strain","QCMD1_Q1",15476661
"KJ140263.2",9126,132,1,0.014705882,0.00708015,"HIV-1 isolate HP-18:07JHS10-3909 from South Korea, partial genome",11676,"Viruses","Artverviricota","Revtraviricetes","Ortervirales","Retroviridae","Lentivirus","Human immunodeficiency virus 1","unclassified Human immunodeficiency virus 1 subspecies/strain","unclassified Human immunodeficiency virus 1 strain","QCMD1_Q1",15476661
"D00835.1",11443,713,1109,13.053041,6.26202,"Human immunodeficiency virus 2 proviral DNA, complete genome",11709,"Viruses","Artverviricota","Revtraviricetes","Ortervirales","Retroviridae","Lentivirus","Human immunodeficiency virus 2","unclassified Human immunodeficiency virus 2 subspecies/strain","unclassified Human immunodeficiency virus 2 strain","QCMD1_Q1",15476661
"DQ054367.2",9490,145,1,0.015524625,0.00680858,"HIV-1 isolate 04KBH8 from South Korea, complete genome",11676,"Viruses","Artverviricota","Revtraviricetes","Ortervirales","Retroviridae","Lentivirus","Human immunodeficiency virus 1","unclassified Human immunodeficiency virus 1 subspecies/strain","unclassified Human immunodeficiency virus 1 strain","QCMD1_Q1",15476661
"MF373204.1",8750,128,1,0.014883721,0.00738439,"HIV-1 isolate 102SE from Sweden, partial genome",11676,"Viruses","Artverviricota","Revtraviricetes","Ortervirales","Retroviridae","Lentivirus","Human immunodeficiency virus 1","unclassified Human immunodeficiency virus 1 subspecies/strain","unclassified Human immunodeficiency virus 1 strain","QCMD1_Q1",15476661
"OM460002.1",220276,96606,2208,1.5061737,0.647671,"Cowpox virus isolate No-H2, complete genome",10243,"Viruses","Nucleocytoviricota","Pokkesviricetes","Chitovirales","Poxviridae","Orthopoxvirus","Cowpox virus","unclassified Cowpox virus subspecies/strain","unclassified Cowpox virus strain","QCMD1_Q1",15476661
"MG012796.1",194711,8068,48,0.048349876,0.0159284,"Vaccinia virus isolate CEyV2, complete genome",10245,"Viruses","Nucleocytoviricota","Pokkesviricetes","Chitovirales","Poxviridae","Orthopoxvirus","Vaccinia virus","unclassified Vaccinia virus subspecies/strain","unclassified Vaccinia virus strain","QCMD1_Q1",15476661
"GQ329670.1",145289,213,6,0.23817168,0.00266834,"Pseudocowpox virus strain VR634, complete genome",129726,"Viruses","Nucleocytoviricota","Pokkesviricetes","Chitovirales","Poxviridae","Parapoxvirus","Pseudocowpox virus","unclassified Pseudocowpox virus subspecies/strain","unclassified Pseudocowpox virus strain","QCMD1_Q1",15476661
"KM875470.1",136055,237,34,0.16331996,0.0161468,"Bovine papular stomatitis virus strain BV-TX09c15, complete genome",129727,"Viruses","Nucleocytoviricota","Pokkesviricetes","Chitovirales","Poxviridae","Parapoxvirus","Bovine papular stomatitis virus","unclassified Bovine papular stomatitis virus subspecies/strain","unclassified Bovine papular stomatitis virus strain","QCMD1_Q1",15476661
"FJ527854.1",12284,444,3,0.037085876,0.0157799,"Bovine viral diarrhea virus 2 strain XJ-04, complete genome",54315,"Viruses","Kitrinoviricota","Flasuviricetes","Amarillovirales","Flaviviridae","Pestivirus","Pestivirus B","Bovine viral diarrhea virus 2","Bovine viral diarrhea virus 2","QCMD1_Q1",15476661
"LT907991.1",12681,216,14,0.1299178,0.0713341,"Bovine viral diarrhea virus 1 isolate VE_138cp_05 genome assembly, complete genome: monopartite",11099,"Viruses","Kitrinoviricota","Flasuviricetes","Amarillovirales","Flaviviridae","Pestivirus","Pestivirus A","Bovine viral diarrhea virus 1","Bovine viral diarrhea virus 1","QCMD1_Q1",15476661
"MH464873.1",5631,847,35,0.943441,0.401611,"Faba bean polerovirus 1 strain 5253, complete genome",2283388,"Viruses","Pisuviricota","Pisoniviricetes","Sobelivirales","Solemoviridae","Polerovirus","Faba bean polerovirus 1","unclassified Faba bean polerovirus 1 subspecies/strain","unclassified Faba bean polerovirus 1 strain","QCMD1_Q1",15476661
"MG800833.2",5810,263,4,0.10600707,0.0444843,"Pumpkin polerovirus isolate PuPV, complete genome",2518373,"Viruses","Pisuviricota","Pisoniviricetes","Sobelivirales","Solemoviridae","Polerovirus","Pumpkin polerovirus","unclassified Pumpkin polerovirus subspecies/strain","unclassified Pumpkin polerovirus strain","QCMD1_Q1",15476661
"MF351889.1",32399,222,0,0.22295265,0,"Morelia viridis nidovirus strain S14-1323_MVNV, complete genome",2016400,"Viruses","Pisuviricota","Pisoniviricetes","Nidovirales","Tobaniviridae","Pregotovirus","Pregotovirus heba","Morelia viridis nidovirus","Morelia viridis nidovirus","QCMD1_Q1",15476661
"KX171543.1",2546,150,1,0.06260434,0.0253784,"Human rotavirus A strain CAU14-10 RNA capping enzyme (VP3) gene, complete cds",10941,"Viruses","Duplornaviricota","Resentoviricetes","Reovirales","Sedoreoviridae","Rotavirus","Rotavirus A","Human rotavirus A","Human rotavirus A","QCMD1_Q1",15476661
"KY628968.1",157447,657,2,0.07995067,0.000820764,"Macacine alphaherpesvirus 1 isolate 8100812, complete genome",10325,"Viruses","Peploviricota","Herviviricetes","Herpesvirales","Herpesviridae","Simplexvirus","Macacine alphaherpesvirus 1","unclassified Macacine alphaherpesvirus 1 subspecies/strain","unclassified Macacine alphaherpesvirus 1 strain","QCMD1_Q1",15476661
"KY628970.1",157321,714,2,0.037589632,0.000821421,"Macacine alphaherpesvirus 1 isolate KQ, complete genome",10325,"Viruses","Peploviricota","Herviviricetes","Herpesvirales","Herpesviridae","Simplexvirus","Macacine alphaherpesvirus 1","unclassified Macacine alphaherpesvirus 1 subspecies/strain","unclassified Macacine alphaherpesvirus 1 strain","QCMD1_Q1",15476661
"MT862163.1",131245,554,1,0.22885694,0.000492311,"Bovine alphaherpesvirus 2 strain C1Z FZR",10295,"Viruses","Peploviricota","Herviviricetes","Herpesvirales","Herpesviridae","Simplexvirus","Bovine alphaherpesvirus 2","unclassified Bovine alphaherpesvirus 2 subspecies/strain","unclassified Bovine alphaherpesvirus 2 strain","QCMD1_Q1",15476661
"LS480640.1",155503,153564,2408394,2324.8662,1000.72,"Human alphaherpesvirus 2 isolate 333 genome assembly, chromosome: I",10310,"Viruses","Peploviricota","Herviviricetes","Herpesvirales","Herpesviridae","Simplexvirus","Human alphaherpesvirus 2","unclassified Human alphaherpesvirus 2 subspecies/strain","unclassified Human alphaherpesvirus 2 strain","QCMD1_Q1",15476661
"MF678601.1",144144,451,0,0.00783366,0,"Beluga whale alphaherpesvirus 1 strain LN3131-1",1434720,"Viruses","Peploviricota","Herviviricetes","Herpesvirales","Herpesviridae","Varicellovirus","Monodontid alphaherpesvirus 1","Beluga whale alphaherpesvirus 1","Beluga whale alphaherpesvirus 1","QCMD1_Q1",15476661
"MG989243.1",134617,596,0,0.3816029,0,"Caprine alphaherpesvirus 1 strain JSHA1405",39944,"Viruses","Peploviricota","Herviviricetes","Herpesvirales","Herpesviridae","Varicellovirus","Caprine alphaherpesvirus 1","unclassified Caprine alphaherpesvirus 1 subspecies/strain","unclassified Caprine alphaherpesvirus 1 strain","QCMD1_Q1",15476661
"JX017384.1",7412,297,4,0.07876618,0.060854,"Human enterovirus 71 isolate 01011Y, complete genome",39054,"Viruses","Pisuviricota","Pisoniviricetes","Picornavirales","Picornaviridae","Enterovirus","Enterovirus A","Enterovirus A71","Enterovirus A71","QCMD4_Q4",8868193
"KT280503.1",7332,7315,106810,2198.6936,1642.69,"Enterovirus D68 isolate 2011-21186, complete genome",42789,"Viruses","Pisuviricota","Pisoniviricetes","Picornavirales","Picornaviridae","Enterovirus","Enterovirus D","enterovirus D68","enterovirus D68","QCMD4_Q4",8868193
"KX868289.2",33676,293,2,0.008739485,0.00669691,"Human adenovirus 12 isolate GyK010, complete genome",28282,"Viruses","Preplasmiviricota","Tectiliviricetes","Rowavirales","Adenoviridae","Mastadenovirus","Human mastadenovirus A","Human adenovirus 12","Human adenovirus 12","QCMD4_Q4",8868193
"GU191019.1",34177,8424,124,0.56158346,0.409122,"Human adenovirus 18 isolate D.C., complete genome",10528,"Viruses","Preplasmiviricota","Tectiliviricetes","Rowavirales","Adenoviridae","Mastadenovirus","Human mastadenovirus A","Human adenovirus 18","Human adenovirus 18","QCMD4_Q4",8868193
"AM749299.1",33763,148,1,0.0044030584,0.00333983,"Human adenovirus type 31 complete genome, serotype 31",10529,"Viruses","Preplasmiviricota","Tectiliviricetes","Rowavirales","Adenoviridae","Mastadenovirus","Human mastadenovirus A","Human adenovirus 31","Human adenovirus 31","QCMD4_Q4",8868193
"MF502426.1",35341,577,6,0.024779063,0.0191442,"Human adenovirus 21 isolate OHT-006, complete genome",32608,"Viruses","Preplasmiviricota","Tectiliviricetes","Rowavirales","Adenoviridae","Mastadenovirus","Human mastadenovirus B","Human adenovirus 21","Human adenovirus 21","QCMD4_Q4",8868193
"NC_001611.1",185578,29596,320,0.28589535,0.194441,"Variola virus, complete genome",10255,"Viruses","Nucleocytoviricota","Pokkesviricetes","Chitovirales","Poxviridae","Orthopoxvirus","Variola virus","unclassified Variola virus subspecies/strain","unclassified Variola virus strain","QCMD4_Q4",8868193
"AB746853.1",34978,300,3,0.012633514,0.00967144,"Human adenovirus 8 DNA, complete genome, strain: Trim variant",31545,"Viruses","Preplasmiviricota","Tectiliviricetes","Rowavirales","Adenoviridae","Mastadenovirus","Human mastadenovirus D","Human adenovirus D8","Human adenovirus D8","QCMD4_Q4",8868193
"JQ326209.1",35153,514,6,0.02576922,0.0192466,"Human adenovirus 19, complete genome",28278,"Viruses","Preplasmiviricota","Tectiliviricetes","Rowavirales","Adenoviridae","Mastadenovirus","Human mastadenovirus D","Human adenovirus 19","Human adenovirus 19","QCMD4_Q4",8868193
"AB448776.1",35215,300,2,0.00855554,0.00640423,"Human adenovirus 37 genomic DNA, complete genome, isolate: 1991",52275,"Viruses","Preplasmiviricota","Tectiliviricetes","Rowavirales","Adenoviridae","Mastadenovirus","Human mastadenovirus D","Human adenovirus D37","Human adenovirus D37","QCMD4_Q4",8868193
"NC_003266.2",35994,5759,63,0.25438008,0.197367,"Human adenovirus E, complete genome",130308,"Viruses","Preplasmiviricota","Tectiliviricetes","Rowavirales","Adenoviridae","Mastadenovirus","Human mastadenovirus E","unclassified Human mastadenovirus E subspecies/strain","unclassified Human mastadenovirus E strain","QCMD4_Q4",8868193
"NC_006998.1",194711,54230,641,0.49807,0.371221,"Vaccinia virus, complete genome",10245,"Viruses","Nucleocytoviricota","Pokkesviricetes","Chitovirales","Poxviridae","Orthopoxvirus","Vaccinia virus","unclassified Vaccinia virus subspecies/strain","unclassified Vaccinia virus strain","QCMD4_Q4",8868193
"NC_003663.2",224499,171505,3698,2.436543,1.85745,"Cowpox virus, complete genome",10243,"Viruses","Nucleocytoviricota","Pokkesviricetes","Chitovirales","Poxviridae","Orthopoxvirus","Cowpox virus","unclassified Cowpox virus subspecies/strain","unclassified Cowpox virus strain","QCMD4_Q4",8868193
"NC_003310.1",196858,159081,3015,2.2966478,1.72703,"Monkeypox virus Zaire-96-I-16, complete genome",10244,"Viruses","Nucleocytoviricota","Pokkesviricetes","Chitovirales","Poxviridae","Orthopoxvirus","Monkeypox virus","unclassified Monkeypox virus subspecies/strain","unclassified Monkeypox virus strain","QCMD4_Q4",8868193
"AY484669.1",197731,59372,712,0.5447335,0.406041,"Rabbitpox virus, complete genome",32606,"Viruses","Nucleocytoviricota","Pokkesviricetes","Chitovirales","Poxviridae","Orthopoxvirus","Vaccinia virus","Rabbitpox virus","Rabbitpox virus","QCMD4_Q4",8868193
"NC_012564.1",5242,2332,106,3.0196385,2.2802,"Human bocavirus 3, complete genome",638313,"Viruses","Cossaviricota","Quintoviricetes","Piccovirales","Parvoviridae","Bocaparvovirus","Primate bocaparvovirus 1","Human bocavirus 3","Human bocavirus 3","QCMD4_Q4",8868193
"NC_012042.1",5196,304,7,0.19242965,0.151913,"Human bocavirus 2c PK isolate PK-5510, complete genome",1511882,"Viruses","Cossaviricota","Quintoviricetes","Piccovirales","Parvoviridae","Bocaparvovirus","Primate bocaparvovirus 2","Human bocavirus 2c PK","Human bocavirus 2c PK","QCMD4_Q4",8868193
"NC_012729.2",5104,146,4,0.11122325,0.0883719,"Human bocavirus 4 NI strain HBoV4-NI-385, complete genome",1511883,"Viruses","Cossaviricota","Quintoviricetes","Piccovirales","Parvoviridae","Bocaparvovirus","Primate bocaparvovirus 2","Human bocavirus 4 NI","Human bocavirus 4 NI","QCMD4_Q4",8868193
"NC_001802.1",9181,719,6,0.08847304,0.073693,"Human immunodeficiency virus 1, complete genome",11676,"Viruses","Artverviricota","Revtraviricetes","Ortervirales","Retroviridae","Lentivirus","Human immunodeficiency virus 1","unclassified Human immunodeficiency virus 1 subspecies/strain","unclassified Human immunodeficiency virus 1 strain","QCMD4_Q4",8868193
"NC_026438.1",10878,1306,10313,144.8284,106.906,"influenza A H1N1 all segments",641809,"Viruses","Negarnaviricota","Insthoviricetes","Articulavirales","Orthomyxoviridae","Alphainfluenzavirus","Influenza A virus","Influenza A virus (A/California/07/2009(H1N1))","Influenza A virus (A/California/07/2009(H1N1))","QCMD4_Q4",8868193
"NC_007373.1",11286,1260,27,0.33512932,0.269767,"influenza A H3N2 all segments",335341,"Viruses","Negarnaviricota","Insthoviricetes","Articulavirales","Orthomyxoviridae","Alphainfluenzavirus","Influenza A virus","Influenza A virus (A/New York/392/2004(H3N2))","Influenza A virus (A/New York/392/2004(H3N2))","QCMD4_Q4",8868193
"AB076001.1",2878,150,1,0.054985337,0.0391809,"Torque teno sus virus 1 ORF3, ORF2, ORF1 genes, complete cds, isolate: Sd-TTV31",687386,"Viruses","unclassified Viruses phylum","unclassified Viruses class","unclassified Viruses order","Anelloviridae","Iotatorquevirus","Torque teno sus virus 1a","unclassified Torque teno sus virus 1a subspecies/strain","unclassified Torque teno sus virus 1a strain","QCMD4_Q4",8868193
"AB111964.2",8978,150,1,0.016991392,0.0125599,"Bovine viral diarrhea virus 839cp gene for poryprotein, partai cds, strain: 839cp",233886,"Viruses","Kitrinoviricota","Flasuviricetes","Amarillovirales","Flaviviridae","Pestivirus","Pestivirus A","Bovine viral diarrhea virus 839cp","Bovine viral diarrhea virus 839cp","QCMD4_Q4",8868193
"AB573670.2",2341,153,1,0.08443633,0.0481685,"Influenza A virus (A/swine/Obihiro/10/1985(H3N2)) PB2 gene for polymerase basic protein 2, complete cds",668549,"Viruses","Negarnaviricota","Insthoviricetes","Articulavirales","Orthomyxoviridae","Alphainfluenzavirus","Influenza A virus","Influenza A virus (A/swine/Obihiro/10/1985(H3N2))","Influenza A virus (A/swine/Obihiro/10/1985(H3N2))","QCMD4_Q4",8868193
"AB620192.1",1515,120,1,0.08791209,0.0744307,"Influenza A virus (A/swine/Saraburi/NIAH107725-28/2008(H3N2)) NP gene for nucleoprotein, complete cds",1000408,"Viruses","Negarnaviricota","Insthoviricetes","Articulavirales","Orthomyxoviridae","Alphainfluenzavirus","Influenza A virus","Influenza A virus (A/swine/Saraburi/NIAH107725-28/2008(H3N2))","Influenza A virus (A/swine/Saraburi/NIAH107725-28/2008(H3N2))","QCMD4_Q4",8868193
"AC090446.27",170275,343,421,0.33766347,0.278802,"Baboon cytomegalovirus OCOM4-37 clone bacmv, WORKING DRAFT SEQUENCE, 22 unordered pieces",153301,"Viruses","Peploviricota","Herviviricetes","Herpesvirales","Herpesviridae","Cytomegalovirus","Papiine betaherpesvirus 3","Baboon cytomegalovirus OCOM4-37","Baboon cytomegalovirus OCOM4-37","QCMD4_Q4",8868193
"AF033808.1",9392,261,47,0.6498593,0.564293,"Rous sarcoma virus, complete genome",11886,"Viruses","Artverviricota","Revtraviricetes","Ortervirales","Retroviridae","Alpharetrovirus","Rous sarcoma virus","unclassified Rous sarcoma virus subspecies/strain","unclassified Rous sarcoma virus strain","QCMD4_Q4",8868193
"AF033812.1",5894,128,20,0.44533426,0.382635,"Abelson murine leukemia virus, complete genome",11788,"Viruses","Artverviricota","Revtraviricetes","Ortervirales","Retroviridae","Gammaretrovirus","Abelson murine leukemia virus","unclassified Abelson murine leukemia virus subspecies/strain","unclassified Abelson murine leukemia virus strain","QCMD4_Q4",8868193
"AF033815.1",8557,1186,143,2.0242655,1.88443,"Mason-Pfizer monkey virus, complete genome",11855,"Viruses","Artverviricota","Revtraviricetes","Ortervirales","Retroviridae","Betaretrovirus","Mason-Pfizer monkey virus","unclassified Mason-Pfizer monkey virus subspecies/strain","unclassified Mason-Pfizer monkey virus strain","QCMD4_Q4",8868193
"AF033818.1",8419,144,30,0.52243316,0.401815,"Bovine leukemia virus complete genome",11901,"Viruses","Artverviricota","Revtraviricetes","Ortervirales","Retroviridae","Deltaretrovirus","Bovine leukemia virus","unclassified Bovine leukemia virus subspecies/strain","unclassified Bovine leukemia virus strain","QCMD4_Q4",8868193
"AF043303.1",4679,3422,333,10.522411,8.0252,"Adeno-associated virus 2, complete genome",10804,"Viruses","Cossaviricota","Quintoviricetes","Piccovirales","Parvoviridae","Dependoparvovirus","Adeno-associated dependoparvovirus A","adeno-associated virus 2","adeno-associated virus 2","QCMD4_Q4",8868193
"AF109397.1",1768,1032,35,3.1279356,2.23229,"Bovine circovirus, complete genome",85542,"Viruses","Cressdnaviricota","Arfiviricetes","Cirlivirales","Circoviridae","Circovirus","Porcine circovirus 2","Bovine circovirus","Bovine circovirus","QCMD4_Q4",8868193
"AF126467.1",8105,1221,1716,31.06851,23.8742,"Simian retrovirus 2, complete genome",39068,"Viruses","Artverviricota","Revtraviricetes","Ortervirales","Retroviridae","Betaretrovirus","Mason-Pfizer monkey virus","Simian retrovirus 2","Simian retrovirus 2","QCMD4_Q4",8868193
"AF193276.1",8808,133,1,0.015361516,0.0128023,"HIV-1 CRF03_AB isolate KAL153 from Russia, complete genome",540995,"Viruses","Artverviricota","Revtraviricetes","Ortervirales","Retroviridae","Lentivirus","Human immunodeficiency virus 1","HIV-1 CRF03_AB","HIV-1 CRF03_AB","QCMD4_Q4",8868193
"AF316321.2",7411,241,2,0.040628012,0.0304311,"Enterovirus 5865/sin/000009, complete genome",150846,"Viruses","Pisuviricota","Pisoniviricetes","Picornavirales","Picornaviridae","Enterovirus","Enterovirus A","Enterovirus 5865/sin/000009","Enterovirus 5865/sin/000009","QCMD4_Q4",8868193
"AF352024.1",5776,405,5,0.12904373,0.097613,"Beet chlorosis virus isolate BChV-2a, complete genome",131082,"Viruses","Pisuviricota","Pisoniviricetes","Sobelivirales","Solemoviridae","Polerovirus","Beet chlorosis virus","unclassified Beet chlorosis virus subspecies/strain","unclassified Beet chlorosis virus strain","QCMD4_Q4",8868193
"AF356697.1",8072,150,2,0.037869226,0.0279392,"Porcine endogenous retrovirus class E clone P14.1, complete genome",168238,"Viruses","Artverviricota","Revtraviricetes","Ortervirales","Retroviridae","Gammaretrovirus","Porcine type-C oncovirus","Porcine endogenous retrovirus E","Porcine endogenous retrovirus E","QCMD4_Q4",8868193
"AF406966.1",5610,1094,1231,32.873444,24.7434,"Bovine parvovirus 2 putative non-structural protein and putative capsid protein genes, complete cds",172296,"Viruses","Cossaviricota","Quintoviricetes","Piccovirales","Parvoviridae","Copiparvovirus","Ungulate copiparvovirus 1","Bovine parvovirus - 2","Bovine parvovirus - 2","QCMD4_Q4",8868193
"AF473561.1",5666,438,3,0.07940537,0.0597048,"Beet western yellows virus strain USA, complete genome",12042,"Viruses","Pisuviricota","Pisoniviricetes","Sobelivirales","Solemoviridae","Polerovirus","Beet western yellows virus","unclassified Beet western yellows virus subspecies/strain","unclassified Beet western yellows virus strain","QCMD4_Q4",8868193
"AF502399.1",12332,150,1,0.0123132495,0.0091439,"Bovine viral diarrhea virus 2-New York'93, complete genome",358768,"Viruses","Kitrinoviricota","Flasuviricetes","Amarillovirales","Flaviviridae","Pestivirus","Pestivirus B","Bovine viral diarrhea virus 2 New York'93","Bovine viral diarrhea virus 2 New York'93","QCMD4_Q4",8868193
"AY037928.1",9472,6018,385,5.662197,4.58336,"Human endogenous retrovirus K113 complete genome",166122,"Viruses","Artverviricota","Revtraviricetes","Ortervirales","Retroviridae","unclassified Retroviridae genus","Human endogenous retrovirus K","Human endogenous retrovirus K113","Human endogenous retrovirus K113","QCMD4_Q4",8868193
"AY421761.1",7395,150,1,0.020703934,0.0152485,"Human coxsackievirus A3 strain Olson, complete genome",42784,"Viruses","Pisuviricota","Pisoniviricetes","Picornavirales","Picornaviridae","Enterovirus","Enterovirus A","Coxsackievirus A3","Coxsackievirus A3","QCMD4_Q4",8868193
"AY695933.1",5723,1046,8,0.21029966,0.157627,"Carrot red leaf virus strain UK-1, complete genome",66200,"Viruses","Pisuviricota","Pisoniviricetes","Sobelivirales","Solemoviridae","Polerovirus","Carrot red leaf virus","unclassified Carrot red leaf virus subspecies/strain","unclassified Carrot red leaf virus strain","QCMD4_Q4",8868193
"AY823990.1",2872,522,6,0.29243204,0.235576,"Torque teno sus virus 1b isolate 1p, complete genome",687387,"Viruses","unclassified Viruses phylum","unclassified Viruses class","unclassified Viruses order","Anelloviridae","Iotatorquevirus","Torque teno sus virus 1b","unclassified Torque teno sus virus 1b subspecies/strain","unclassified Torque teno sus virus 1b strain","QCMD4_Q4",8868193
"CY045584.1",1551,150,1,0.10706638,0.0727031,"Influenza A virus (A/swine/Texas/008648/2008(H1N2)) segment 5 sequence",670134,"Viruses","Negarnaviricota","Insthoviricetes","Articulavirales","Orthomyxoviridae","Alphainfluenzavirus","Influenza A virus","Influenza A virus (A/swine/Texas/008648/2008(H1N2))","Influenza A virus (A/swine/Texas/008648/2008(H1N2))","QCMD4_Q4",8868193
"CY107827.1",1764,150,2,0.18587361,0.127849,"Influenza A virus (A/swine/Korea/1130/2009(H1N2)) hemagglutinin (HA) gene, complete cds",1141720,"Viruses","Negarnaviricota","Insthoviricetes","Articulavirales","Orthomyxoviridae","Alphainfluenzavirus","Influenza A virus","Influenza A virus (A/swine/Korea/1130/2009(H1N2))","Influenza A virus (A/swine/Korea/1130/2009(H1N2))","QCMD4_Q4",8868193
"CY159108.1",1507,150,1,0.11053795,0.0748258,"Influenza A virus (A/swine/Nebraska/00178/2003(H1N1)) nucleocapsid protein (NP) gene, complete cds",1425862,"Viruses","Negarnaviricota","Insthoviricetes","Articulavirales","Orthomyxoviridae","Alphainfluenzavirus","Influenza A virus","Influenza A virus (A/swine/Nebraska/00178/2003(H1N1))","Influenza A virus (A/swine/Nebraska/00178/2003(H1N1))","QCMD4_Q4",8868193
"CY179818.1",2316,191,3,0.20637119,0.146065,"Influenza A virus (A/black duck/Alabama/748/1975(H6N2)) polymerase PB2 (PB2) gene, complete cds",1406667,"Viruses","Negarnaviricota","Insthoviricetes","Articulavirales","Orthomyxoviridae","Alphainfluenzavirus","Influenza A virus","Influenza A virus (A/black duck/Alabama/748/1975(H6N2))","Influenza A virus (A/black duck/Alabama/748/1975(H6N2))","QCMD4_Q4",8868193
"CY187632.1",2309,129,2,0.061139416,0.0976722,"Influenza A virus (A/Houston/JMM_42/2012(H3N2)) polymerase PB1 (PB1) and PB1-F2 protein (PB1-F2) genes, complete cds",1383502,"Viruses","Negarnaviricota","Insthoviricetes","Articulavirales","Orthomyxoviridae","Alphainfluenzavirus","Influenza A virus","Influenza A virus (A/Houston/JMM_42/2012(H3N2))","Influenza A virus (A/Houston/JMM_42/2012(H3N2))","QCMD4_Q4",8868193
"D10032.1",8507,6851,53651,948.6134,711.158,"Baboon endogenous virus strain M7 proviral DNA, complete genome",11764,"Viruses","Artverviricota","Revtraviricetes","Ortervirales","Retroviridae","Gammaretrovirus","Baboon endogenous virus","Baboon endogenous virus strain M7","Baboon endogenous virus strain M7","QCMD4_Q4",8868193
"DQ150431.2",2341,261,1,22.062984,0.0481685,"Influenza A virus (A/swine/IN/PU542/04 (H3N1)) polymerase (PB1) gene, complete cds",345297,"Viruses","Negarnaviricota","Insthoviricetes","Articulavirales","Orthomyxoviridae","Alphainfluenzavirus","Influenza A virus","Influenza A virus (A/swine/IN/PU542/04 (H3N1))","Influenza A virus (A/swine/IN/PU542/04 (H3N1))","QCMD4_Q4",8868193
"EU030001.1",8406,2219,105,3.319283,1.40853,"RD114 retrovirus isolate SC3C, complete genome",11834,"Viruses","Artverviricota","Revtraviricetes","Ortervirales","Retroviridae","Gammaretrovirus","RD114 retrovirus","unclassified RD114 retrovirus subspecies/strain","unclassified RD114 retrovirus strain","QCMD4_Q4",8868193
"FJ025900.1",37188,396,4,0.108402185,0.0121289,"Simian adenovirus 43, complete genome",585077,"Viruses","Preplasmiviricota","Tectiliviricetes","Rowavirales","Adenoviridae","Mastadenovirus","Human mastadenovirus C","Simian adenovirus 43","Simian adenovirus 43","QCMD4_Q4",8868193
"FJ025902.1",37820,16630,195,0.76259625,0.581404,"Simian adenovirus 42.2, complete genome",585098,"Viruses","Preplasmiviricota","Tectiliviricetes","Rowavirales","Adenoviridae","Mastadenovirus","Human mastadenovirus C","Simian adenovirus 42.2","Simian adenovirus 42.2","QCMD4_Q4",8868193
"FJ025904.1",37860,1608,19,0.09127552,0.0565898,"Simian adenovirus 31.2, complete genome",585088,"Viruses","Preplasmiviricota","Tectiliviricetes","Rowavirales","Adenoviridae","Mastadenovirus","Human mastadenovirus C","Simian adenovirus 31.2","Simian adenovirus 31.2","QCMD4_Q4",8868193
"FJ025908.1",35694,666,5,0.021353815,0.0157957,"Simian adenovirus 33, complete genome",585067,"Viruses","Preplasmiviricota","Tectiliviricetes","Rowavirales","Adenoviridae","Mastadenovirus","Human mastadenovirus B","Simian adenovirus 33","Simian adenovirus 33","QCMD4_Q4",8868193
"FJ025910.1",35620,387,2,0.010910628,0.00633142,"Simian adenovirus 35.2, complete genome",585090,"Viruses","Preplasmiviricota","Tectiliviricetes","Rowavirales","Adenoviridae","Mastadenovirus","Human mastadenovirus B","Simian adenovirus 35.2","Simian adenovirus 35.2","QCMD4_Q4",8868193
"FJ025921.1",36635,12697,300,1.1811703,0.9234,"Simian adenovirus 37.1, complete genome",585091,"Viruses","Preplasmiviricota","Tectiliviricetes","Rowavirales","Adenoviridae","Mastadenovirus","Human mastadenovirus E","Simian adenovirus 37.1","Simian adenovirus 37.1","QCMD4_Q4",8868193
"FJ025927.1",35767,764,5,0.024819609,0.0157635,"Simian adenovirus 41.2, complete genome",585096,"Viruses","Preplasmiviricota","Tectiliviricetes","Rowavirales","Adenoviridae","Mastadenovirus","Human mastadenovirus B","Simian adenovirus 41.2","Simian adenovirus 41.2","QCMD4_Q4",8868193
"FJ655418.1",1767,592,6,0.48979592,0.382895,"Porcine circovirus type 1/2a isolate FMV08-1114252, complete genome",720569,"Viruses","Cressdnaviricota","Arfiviricetes","Cirlivirales","Circoviridae","Circovirus","Porcine circovirus type 1/2a","unclassified Porcine circovirus type 1/2a subspecies/strain","unclassified Porcine circovirus type 1/2a strain","QCMD4_Q4",8868193
"FJ971077.1",8126,809,315,6.7897444,4.37118,"Simian retrovirus 4 strain SRV4/TEX/2009/V1, complete genome",723802,"Viruses","Artverviricota","Revtraviricetes","Ortervirales","Retroviridae","Betaretrovirus","Simian retrovirus 4","unclassified Simian retrovirus 4 subspecies/strain","unclassified Simian retrovirus 4 strain","QCMD4_Q4",8868193
"FJ973560.1",4958,415,3,0.08631448,0.0682307,"Human bocavirus 2b NI strain HBoV2B-NI-213, complete genome",1511881,"Viruses","Cossaviricota","Quintoviricetes","Piccovirales","Parvoviridae","Bocaparvovirus","Primate bocaparvovirus 2","Human bocavirus 2b NI","Human bocavirus 2b NI","QCMD4_Q4",8868193
"FN824512.2",45480,137,0,0.10436797,0,"Pigeon adenovirus 1 complete genome, strain IDA4",764030,"Viruses","Preplasmiviricota","Tectiliviricetes","Rowavirales","Adenoviridae","Aviadenovirus","Pigeon aviadenovirus A","Pigeon adenovirus 1","Pigeon adenovirus 1","QCMD4_Q4",8868193
"GQ387499.1",5905,1340,14,0.33483928,0.267346,"Porcine parvovirus 4 clone 17 replicase, ORF3, and capsid genes, complete cds",707546,"Viruses","Cossaviricota","Quintoviricetes","Piccovirales","Parvoviridae","Copiparvovirus","Ungulate copiparvovirus 2","Porcine parvovirus 4","Porcine parvovirus 4","QCMD4_Q4",8868193
"GU936707.2",45413,138,1,0.011797716,0.00248305,"Turkey adenovirus 1 strain D90/2, complete genome",878329,"Viruses","Preplasmiviricota","Tectiliviricetes","Rowavirales","Adenoviridae","Aviadenovirus","Turkey aviadenovirus B","Turkey adenovirus 1","Turkey adenovirus 1","QCMD4_Q4",8868193
"HM011556.1",5387,173,2,0.057284705,0.0418647,"Merkel cell polyomavirus isolate R17b, complete genome",493803,"Viruses","Cossaviricota","Papovaviricetes","Sepolyvirales","Polyomaviridae","Alphapolyomavirus","Alphapolyomavirus quintihominis","Merkel cell polyomavirus","Merkel cell polyomavirus","QCMD4_Q4",8868193
"HM011560.1",4926,1040,10,0.32558626,0.228913,"Polyomavirus HPyV6 isolate 607a, complete genome",746830,"Viruses","Cossaviricota","Papovaviricetes","Sepolyvirales","Polyomaviridae","Deltapolyomavirus","Deltapolyomavirus sextihominis","Human polyomavirus 6","Human polyomavirus 6","QCMD4_Q4",8868193
"HM145750.1",4944,1260,22,0.6493534,0.501775,"Bocavirus gorilla/GBoV1/2009, complete genome",864686,"Viruses","Cossaviricota","Quintoviricetes","Piccovirales","Parvoviridae","Bocaparvovirus","Primate bocaparvovirus 1","Bocavirus gorilla/GBoV1/2009","Bocavirus gorilla/GBoV1/2009","QCMD4_Q4",8868193
"HM189301.1",2328,304,16,8.169881,0.775,"Influenza A virus (A/swine/Guangdong/1/2010(H1N1)) segment 1 polymerase PB2 (PB2) gene, complete cds",762299,"Viruses","Negarnaviricota","Insthoviricetes","Articulavirales","Orthomyxoviridae","Alphainfluenzavirus","Influenza A virus","Influenza A virus (A/swine/Guangdong/1/2010(H1N1))","Influenza A virus (A/swine/Guangdong/1/2010(H1N1))","QCMD4_Q4",8868193
"HQ388348.2",5666,713,8,0.19216824,0.159213,"Brassica yellows virus isolate BrYV-ABJ, complete genome",1046403,"Viruses","Pisuviricota","Pisoniviricetes","Sobelivirales","Solemoviridae","Polerovirus","Turnip yellows virus","Brassica yellows virus","Brassica yellows virus","QCMD4_Q4",8868193
"J02207.1",997,150,1,0.17709564,0.113102,"harvey murine sarcoma virus p21 v-has protein gene",11807,"Viruses","Artverviricota","Revtraviricetes","Ortervirales","Retroviridae","Gammaretrovirus","Harvey murine sarcoma virus","unclassified Harvey murine sarcoma virus subspecies/strain","unclassified Harvey murine sarcoma virus strain","QCMD4_Q4",8868193
"JF304767.1",7664,118,317,8.497738,4.66411,"Saimiri sciureus papillomavirus type 3 isolate Mac2167.2, complete genome",990306,"Viruses","Cossaviricota","Papovaviricetes","Zurhausenvirales","Papillomaviridae","Dyoomikronpapillomavirus","Dyoomikronpapillomavirus 1","Saimiri sciureus papillomavirus 3","Saimiri sciureus papillomavirus 3","QCMD4_Q4",8868193
"JN254802.1",36711,14559,377,1.4853532,1.158,"Chimpanzee adenovirus Y25, complete genome",1123958,"Viruses","Preplasmiviricota","Tectiliviricetes","Rowavirales","Adenoviridae","Mastadenovirus","Human mastadenovirus E","Chimpanzee adenovirus Y25","Chimpanzee adenovirus Y25","QCMD4_Q4",8868193
"JN681175.1",5235,150,1,0.01612586,0.0215401,"Porcine bocavirus 3C isolate pig/ZJD/China/2006, complete genome",1138844,"Viruses","Cossaviricota","Quintoviricetes","Piccovirales","Parvoviridae","Bocaparvovirus","Ungulate bocaparvovirus 5","Porcine bocavirus 3C","Porcine bocavirus 3C","QCMD4_Q4",8868193
"JN880450.1",35726,268,1,0.011721386,0.00315632,"Simian adenovirus A1173, complete genome",1159188,"Viruses","Preplasmiviricota","Tectiliviricetes","Rowavirales","Adenoviridae","Mastadenovirus","Simian adenovirus B","Simian adenovirus A1173","Simian adenovirus A1173","QCMD4_Q4",8868193
"JN880454.1",35578,112,0,0.0112340525,0,"Simian adenovirus A1312, complete genome",1159192,"Viruses","Preplasmiviricota","Tectiliviricetes","Rowavirales","Adenoviridae","Mastadenovirus","Simian adenovirus B","Simian adenovirus A1312","Simian adenovirus A1312","QCMD4_Q4",8868193
"JN885137.1",129085,152,199,0.19682011,0.173837,"Macaca fuscata rhadinovirus isolate 12E2, complete genome",272551,"Viruses","Peploviricota","Herviviricetes","Herpesvirales","Herpesviridae","Rhadinovirus","Macacine gammaherpesvirus 11","Macaca fuscata rhadinovirus","Macaca fuscata rhadinovirus","QCMD4_Q4",8868193
"JX027296.1",4822,296,2,0.06335616,0.04677,"Primate protoparvovirus 1 strain BF.86 NS1, putative VP1, hypothetical protein, and VP2 genes, complete cds",1511907,"Viruses","Cossaviricota","Quintoviricetes","Piccovirales","Parvoviridae","Protoparvovirus","Primate protoparvovirus 1","unclassified Primate protoparvovirus 1 subspecies/strain","unclassified Primate protoparvovirus 1 strain","QCMD4_Q4",8868193
"JX896321.1",5805,985,9,0.23536693,0.174826,"Porcine parvovirus 5 isolate IA469 clone 1, complete genome",1241957,"Viruses","Cossaviricota","Quintoviricetes","Piccovirales","Parvoviridae","Protoparvovirus","Porcine parvovirus 5","unclassified Porcine parvovirus 5 subspecies/strain","unclassified Porcine parvovirus 5 strain","QCMD4_Q4",8868193
"JX975041.1",1704,125,1,0.08043758,0.0661752,"Influenza A virus (A/swine/South Dakota/23/2012(H1N1)) segment 4 hemagglutinin (HA) gene, complete cds",1243889,"Viruses","Negarnaviricota","Insthoviricetes","Articulavirales","Orthomyxoviridae","Alphainfluenzavirus","Influenza A virus","Influenza A virus (A/swine/South Dakota/23/2012(H1N1))","Influenza A virus (A/swine/South Dakota/23/2012(H1N1))","QCMD4_Q4",8868193
"KC471361.1",1701,150,1,0.0967118,0.0662919,"Influenza A virus (A/swine/Korea/CY12-03/2011(H1N2)) segment 4 hemagglutinin (HA) gene, complete cds",1281718,"Viruses","Negarnaviricota","Insthoviricetes","Articulavirales","Orthomyxoviridae","Alphainfluenzavirus","Influenza A virus","Influenza A virus (A/swine/Korea/CY12-03/2011(H1N2))","Influenza A virus (A/swine/Korea/CY12-03/2011(H1N2))","QCMD4_Q4",8868193
"KC617868.1",3780,337,27,1.4969697,0.805447,"Parvovirus NIH-CQV putative 15-kDa protein, putative replication associated protein (rep), and putative capsid protein (cap) genes, complete cds",1341019,"Viruses","Cossaviricota","Quintoviricetes","Piccovirales","Parvoviridae","unclassified Parvoviridae genus","Parvovirus NIH-CQV","unclassified Parvovirus NIH-CQV subspecies/strain","unclassified Parvovirus NIH-CQV strain","QCMD4_Q4",8868193
"KC802221.1",15696,7108,66,0.6336035,0.474154,"Phocine distemper virus strain PDV/Wadden_Sea.NLD/1988, complete genome",11240,"Viruses","Negarnaviricota","Monjiviricetes","Mononegavirales","Paramyxoviridae","Morbillivirus","Phocine morbillivirus","unclassified Phocine morbillivirus subspecies/strain","unclassified Phocine morbillivirus strain","QCMD4_Q4",8868193
"KC859230.1",1779,141,1,0.08655617,0.0633854,"Influenza A virus (A/swine/Thailand/CB001/2009(H1N1)) segment 4 hemagglutinin (HA) gene, complete cds",1315801,"Viruses","Negarnaviricota","Insthoviricetes","Articulavirales","Orthomyxoviridae","Alphainfluenzavirus","Influenza A virus","Influenza A virus (A/swine/Thailand/CB001/2009(H1N1))","Influenza A virus (A/swine/Thailand/CB001/2009(H1N1))","QCMD4_Q4",8868193
"KF360047.1",34163,30654,1111,4.8386793,3.6671,"UNVERIFIED: Simian adenovirus ch1 isolate SAdV-ch1 genomic sequence",1509400,"Viruses","Preplasmiviricota","Tectiliviricetes","Rowavirales","Adenoviridae","Mastadenovirus","Human mastadenovirus A","Simian adenovirus ch1","Simian adenovirus ch1","QCMD4_Q4",8868193
"KF533719.2",6944,177,1,0.016337946,0.0162388,"Carrot torradovirus 1 isolate CTV-1_RNA1_H6 polyprotein gene, complete cds",1425364,"Viruses","Pisuviricota","Pisoniviricetes","Picornavirales","Secoviridae","Torradovirus","Carrot torradovirus 1","unclassified Carrot torradovirus 1 subspecies/strain","unclassified Carrot torradovirus 1 strain","QCMD4_Q4",8868193
"KF703446.1",127320,590,8,0.039380357,0.0070853,"Retroperitoneal fibromatosis-associated herpesvirus isolate RFHVMnM78114, complete genome",111469,"Viruses","Peploviricota","Herviviricetes","Herpesvirales","Herpesviridae","Rhadinovirus","Macacine gammaherpesvirus 8","Retroperitoneal fibromatosis-associated herpesvirus","Retroperitoneal fibromatosis-associated herpesvirus","QCMD4_Q4",8868193
"KJ541164.1",7411,125,1,0.01721526,0.0152156,"Coxsackievirus A4 isolate 1047/SH/CHN/2010, complete genome",42785,"Viruses","Pisuviricota","Pisoniviricetes","Picornavirales","Picornaviridae","Enterovirus","Enterovirus A","Coxsackievirus A4","Coxsackievirus A4","QCMD4_Q4",8868193
"KJ541167.1",7371,537,6,0.12851405,0.0917888,"Coxsackievirus A6 isolate 1232/SH/CHN/2010, complete genome",86107,"Viruses","Pisuviricota","Pisoniviricetes","Picornavirales","Picornaviridae","Enterovirus","Enterovirus A","Coxsackievirus A6","Coxsackievirus A6","QCMD4_Q4",8868193
"KJ541759.1",33452,194,462,1.4650772,1.55734,"Ball python nidovirus strain 07-53, complete genome",1986118,"Viruses","Pisuviricota","Pisoniviricetes","Nidovirales","Tobaniviridae","Pregotovirus","Ball python nidovirus 1","unclassified Ball python nidovirus 1 subspecies/strain","unclassified Ball python nidovirus 1 strain","QCMD4_Q4",8868193
"KM269482.1",7875,150,3,0.28038836,0.0429572,"Encephalomyocarditis virus strain ATCC VR-129B, complete genome",12104,"Viruses","Pisuviricota","Pisoniviricetes","Picornavirales","Picornaviridae","Cardiovirus","Cardiovirus A","Encephalomyocarditis virus","Encephalomyocarditis virus","QCMD4_Q4",8868193
"KM972720.1",4467,107,2,0.018994672,0.0504869,"Tete virus strain SaAn 3518 glycoprotein precursor, gene, complete cds",35319,"Viruses","Negarnaviricota","Ellioviricetes","Bunyavirales","Peribunyaviridae","Orthobunyavirus","Tete orthobunyavirus","unclassified Tete orthobunyavirus subspecies/strain","unclassified Tete orthobunyavirus strain","QCMD4_Q4",8868193
"KP289357.1",7398,437,5,0.093681015,0.0762115,"Coxsackievirus A2 isolate CV-A2/P14/2013/China, complete genome",33757,"Viruses","Pisuviricota","Pisoniviricetes","Picornavirales","Picornaviridae","Enterovirus","Enterovirus A","Coxsackievirus A2","Coxsackievirus A2","QCMD4_Q4",8868193
"KP657910.1",1497,133,1,0.09873793,0.0753257,"Influenza A virus (A/duck/Zhejiang/LS02/2014(H7N9)) segment 5 nucleocapsid protein (NP) gene, complete cds",1602921,"Viruses","Negarnaviricota","Insthoviricetes","Articulavirales","Orthomyxoviridae","Alphainfluenzavirus","Influenza A virus","Influenza A virus (A/duck/Zhejiang/LS02/2014(H7N9))","Influenza A virus (A/duck/Zhejiang/LS02/2014(H7N9))","QCMD4_Q4",8868193
"KR135164.1",43842,171,6,0.0603543,0.0154321,"Duck adenovirus 2 strain CH-GD-12-2014, complete genome",1520006,"Viruses","Preplasmiviricota","Tectiliviricetes","Rowavirales","Adenoviridae","Aviadenovirus","Duck aviadenovirus B","Duck adenovirus 2","Duck adenovirus 2","QCMD4_Q4",8868193
"KT149397.1",2985,2057,1155,61.26596,43.6317,"Circovirus-like genome DCCV-4, complete genome",1788444,"Viruses","Cressdnaviricota","Arfiviricetes","Cirlivirales","Circoviridae","unclassified Circoviridae genus","Circovirus-like genome DCCV-4","unclassified Circovirus-like genome DCCV-4 subspecies/strain","unclassified Circovirus-like genome DCCV-4 strain","QCMD4_Q4",8868193
"KT149406.1",2433,1210,425,28.474813,19.6975,"Circovirus-like genome DCCV-13, complete genome",1788441,"Viruses","Cressdnaviricota","Arfiviricetes","Cirlivirales","Circoviridae","unclassified Circoviridae genus","Circovirus-like genome DCCV-13","unclassified Circovirus-like genome DCCV-13 subspecies/strain","unclassified Circovirus-like genome DCCV-13 strain","QCMD4_Q4",8868193
"KT156670.1",7341,146,8,0.16242525,0.122885,"Avian leukosis and sarcoam virus Fu-J strain, complete genome",1806567,"Viruses","Artverviricota","Revtraviricetes","Ortervirales","Retroviridae","Alpharetrovirus","Avian leukosis virus","Avian leukosis and sarcoma virus","Avian leukosis and sarcoma virus","QCMD4_Q4",8868193
"KU172423.1",5254,1030,1169,32.998238,25.0893,"Bovine hokovirus 2 strain bovine hokovirus 2 strain BS-S13 nonstructural protein (NS1), minor capsid protein (VP1), and major capsid protein (VP2) genes, complete cds",1096141,"Viruses","Cossaviricota","Quintoviricetes","Piccovirales","Parvoviridae","Tetraparvovirus","Ungulate tetraparvovirus 1","Bovine hokovirus 2","Bovine hokovirus 2","QCMD4_Q4",8868193
"KU315178.1",5813,355,4,0.09464948,0.0775934,"Pepo aphid-borne yellows virus isolate RSA BB Marrow, complete genome",1462681,"Viruses","Pisuviricota","Pisoniviricetes","Sobelivirales","Solemoviridae","Polerovirus","Pepo aphid-borne yellows virus","unclassified Pepo aphid-borne yellows virus subspecies/strain","unclassified Pepo aphid-borne yellows virus strain","QCMD4_Q4",8868193
"KU320885.1",2210,123,2,0.11796117,0.102048,"Influenza A virus (A/guinea fowl/France/150207n/2015(H5N9)) segment 3 polymerase PA (PA) and PA-X protein (PA-X) genes, complete cds",1774573,"Viruses","Negarnaviricota","Insthoviricetes","Articulavirales","Orthomyxoviridae","Alphainfluenzavirus","Influenza A virus","Influenza A virus (A/guinea fowl/France/150207n/2015(H5N9))","Influenza A virus (A/guinea fowl/France/150207n/2015(H5N9))","QCMD4_Q4",8868193
"KU351741.1",137448,233,1,0.04796137,0.000820401,"Macaca nemestrina herpesvirus 7, complete genome",1846169,"Viruses","Peploviricota","Herviviricetes","Herpesvirales","Herpesviridae","Roseolovirus","Macacine betaherpesvirus 9","Macaca nemestrina herpesvirus 7","Macaca nemestrina herpesvirus 7","QCMD4_Q4",8868193
"KU513742.1",1701,150,2,0.1934236,0.132584,"Influenza A virus (A/swine/Oklahoma/A01727394/2015(H1N1)) segment 4 hemagglutinin (HA) gene, complete cds",1778359,"Viruses","Negarnaviricota","Insthoviricetes","Articulavirales","Orthomyxoviridae","Alphainfluenzavirus","Influenza A virus","Influenza A virus (A/swine/Oklahoma/A01727394/2015(H1N1))","Influenza A virus (A/swine/Oklahoma/A01727394/2015(H1N1))","QCMD4_Q4",8868193
"KU605777.1",8126,554,242,4.2122617,3.35818,"Simian retrovirus 8 strain SRV8/SUZ/2012, complete genome",1904439,"Viruses","Artverviricota","Revtraviricetes","Ortervirales","Retroviridae","Betaretrovirus","Simian retrovirus 8","unclassified Simian retrovirus 8 subspecies/strain","unclassified Simian retrovirus 8 strain","QCMD4_Q4",8868193
"KU749309.1",203453,499,2,0.0024544646,0.00110849,"Raccoonpox virus strain 85A, complete genome",10256,"Viruses","Nucleocytoviricota","Pokkesviricetes","Chitovirales","Poxviridae","Orthopoxvirus","Raccoonpox virus","unclassified Raccoonpox virus subspecies/strain","unclassified Raccoonpox virus strain","QCMD4_Q4",8868193
"KU749310.1",222832,450,8,0.5242768,0.00404834,"Skunkpox virus strain WA, complete genome",160796,"Viruses","Nucleocytoviricota","Pokkesviricetes","Chitovirales","Poxviridae","Orthopoxvirus","Skunkpox virus","unclassified Skunkpox virus subspecies/strain","unclassified Skunkpox virus strain","QCMD4_Q4",8868193
"KU749311.1",217124,118,8,0.09385456,0.00415477,"Volepox virus strain CA, complete genome",28874,"Viruses","Nucleocytoviricota","Pokkesviricetes","Chitovirales","Poxviridae","Orthopoxvirus","Volepox virus","unclassified Volepox virus subspecies/strain","unclassified Volepox virus strain","QCMD4_Q4",8868193
"KU936049.1",137452,2173,129,1.3952456,0.105829,"Bubaline alphaherpesvirus 1 strain b6, complete genome",202910,"Viruses","Peploviricota","Herviviricetes","Herpesvirales","Herpesviridae","Varicellovirus","Bubaline alphaherpesvirus 1","unclassified Bubaline alphaherpesvirus 1 subspecies/strain","unclassified Bubaline alphaherpesvirus 1 strain","QCMD4_Q4",8868193
"KU976657.1",2341,307,2,7.1510725,0.0963371,"Influenza A virus (A/swine/Mexico/AVX3/2011(H1N1)) segment 1 polymerase PB2 (PB2) gene, complete cds",1820554,"Viruses","Negarnaviricota","Insthoviricetes","Articulavirales","Orthomyxoviridae","Alphainfluenzavirus","Influenza A virus","Influenza A virus (A/swine/Mexico/AVX3/2011(H1N1))","Influenza A virus (A/swine/Mexico/AVX3/2011(H1N1))","QCMD4_Q4",8868193
"KU976877.1",2342,388,4564,308.84717,219.747,"Influenza A virus (A/swine/Mexico/AVX49/2013(H1N2)) segment 1 polymerase PB2 (PB2) gene, complete cds",1820574,"Viruses","Negarnaviricota","Insthoviricetes","Articulavirales","Orthomyxoviridae","Alphainfluenzavirus","Influenza A virus","Influenza A virus (A/swine/Mexico/AVX49/2013(H1N2))","Influenza A virus (A/swine/Mexico/AVX49/2013(H1N2))","QCMD4_Q4",8868193
"KX351646.1",2233,123,1,0.059049446,0.0504982,"Influenza A virus (A/mallard/California/UCD736/2015(H3N8)) segment 3 polymerase PA (PA) and PA-X protein (PA-X) genes, complete cds",1856716,"Viruses","Negarnaviricota","Insthoviricetes","Articulavirales","Orthomyxoviridae","Alphainfluenzavirus","Influenza A virus","Influenza A virus (A/mallard/California/UCD736/2015(H3N8))","Influenza A virus (A/mallard/California/UCD736/2015(H3N8))","QCMD4_Q4",8868193
"KY040274.1",192183,368,5,0.0060093836,0.00293373,"Molluscum contagiosum virus subtype 2 isolate Madrid 2016_1, complete genome",10281,"Viruses","Nucleocytoviricota","Pokkesviricetes","Chitovirales","Poxviridae","Molluscipoxvirus","Molluscum contagiosum virus","Molluscum contagiosum virus subtype 2","Molluscum contagiosum virus subtype 2","QCMD4_Q4",8868193
"KY040275.1",188253,712,6,0.049813133,0.00359397,"Molluscum contagiosum virus subtype 1 isolate Madrid 2016_3, complete genome",10280,"Viruses","Nucleocytoviricota","Pokkesviricetes","Chitovirales","Poxviridae","Molluscipoxvirus","Molluscum contagiosum virus","Molluscum contagiosum virus subtype 1","Molluscum contagiosum virus subtype 1","QCMD4_Q4",8868193
"KY215944.1",135301,991,495,0.7410822,0.412543,"Bovine alphaherpesvirus 1 isolate 216 II, complete genome",10320,"Viruses","Peploviricota","Herviviricetes","Herpesvirales","Herpesviridae","Varicellovirus","Bovine alphaherpesvirus 1","unclassified Bovine alphaherpesvirus 1 subspecies/strain","unclassified Bovine alphaherpesvirus 1 strain","QCMD4_Q4",8868193
"KY385637.1",147346,219,1,0.0025272425,0.000765291,"Ateline alphaherpesvirus 1 isolate Lennette, complete genome",35243,"Viruses","Peploviricota","Herviviricetes","Herpesvirales","Herpesviridae","Simplexvirus","Ateline alphaherpesvirus 1","unclassified Ateline alphaherpesvirus 1 subspecies/strain","unclassified Ateline alphaherpesvirus 1 strain","QCMD4_Q4",8868193
"KY490071.1",235397,6546,56,0.034682695,0.0268258,"Human betaherpesvirus 5 strain HANChild1, complete genome",10359,"Viruses","Peploviricota","Herviviricetes","Herpesvirales","Herpesviridae","Cytomegalovirus","Human betaherpesvirus 5","unclassified Human betaherpesvirus 5 subspecies/strain","unclassified Human betaherpesvirus 5 strain","QCMD4_Q4",8868193
"KY523072.1",6125,291,2,0.04870293,0.0368204,"Pepper vein yellows virus 5 isolate Spain-Almeria 2-2013, complete genome",1965355,"Viruses","Pisuviricota","Pisoniviricetes","Sobelivirales","Solemoviridae","Polerovirus","Pepper vein yellows virus 5","unclassified Pepper vein yellows virus 5 subspecies/strain","unclassified Pepper vein yellows virus 5 strain","QCMD4_Q4",8868193
"KY549446.1",137712,637,7,0.37316993,0.0057318,"Bovine alphaherpesvirus 5 strain ISO 97/45, complete genome",35244,"Viruses","Peploviricota","Herviviricetes","Herpesvirales","Herpesviridae","Varicellovirus","Bovine alphaherpesvirus 5","unclassified Bovine alphaherpesvirus 5 subspecies/strain","unclassified Bovine alphaherpesvirus 5 strain","QCMD4_Q4",8868193
"KY581736.1",4872,434,8,0.24099958,0.18516,"Gorilla bocaparvovirus 2 isolate GBOV2/GAB1, partial genome",1986196,"Viruses","Cossaviricota","Quintoviricetes","Piccovirales","Parvoviridae","Bocaparvovirus","Primate bocaparvovirus 2","Gorilla bocaparvovirus 2","Gorilla bocaparvovirus 2","QCMD4_Q4",8868193
"L23427.1",5075,1721,15,0.44832486,0.333288,"Porcine parvovirus (NADL-2) DNA fragment encoding PT4 and PT40",10796,"Viruses","Cossaviricota","Quintoviricetes","Piccovirales","Parvoviridae","Protoparvovirus","Ungulate protoparvovirus 1","Porcine parvovirus","Porcine parvovirus","QCMD4_Q4",8868193
"LC075584.1",144636,252,1,0.005869081,0.00077963,"Equid alphaherpesvirus 4 DNA, complete genome, strain: 01-10-1",10331,"Viruses","Peploviricota","Herviviricetes","Herpesvirales","Herpesviridae","Varicellovirus","Equid alphaherpesvirus 4","unclassified Equid alphaherpesvirus 4 subspecies/strain","unclassified Equid alphaherpesvirus 4 strain","QCMD4_Q4",8868193
"LR027540.1",7398,294,3,0.055463575,0.0457269,"Coxsackievirus A7 isolate CV-A7|37183|TKM|2010 genome assembly, complete genome: monopartite",42787,"Viruses","Pisuviricota","Pisoniviricetes","Picornavirales","Picornaviridae","Enterovirus","Enterovirus A","Coxsackievirus A7","Coxsackievirus A7","QCMD4_Q4",8868193
"LT594108.1",151216,7947,21723,21.668219,16.199,"Human herpesvirus 1 isolate 1319_2005 genome assembly, complete genome: monopartite",10298,"Viruses","Peploviricota","Herviviricetes","Herpesvirales","Herpesviridae","Simplexvirus","Human alphaherpesvirus 1","unclassified Human alphaherpesvirus 1 subspecies/strain","unclassified Human alphaherpesvirus 1 strain","QCMD4_Q4",8868193
"M22820.1",4901,337,17,0.48368764,0.391137,"Snyder-Theilen feline sarcoma virus genomic sequence, sequence",11780,"Viruses","Artverviricota","Revtraviricetes","Ortervirales","Retroviridae","Gammaretrovirus","Snyder-Theilen feline sarcoma virus","unclassified Snyder-Theilen feline sarcoma virus subspecies/strain","unclassified Snyder-Theilen feline sarcoma virus strain","QCMD4_Q4",8868193
"M96687.1",12480,146,2,0.023682076,0.0180709,"Bovine viral diarrhea virus strain Osloss polyprotein gene, complete cds",229907,"Viruses","Kitrinoviricota","Flasuviricetes","Amarillovirales","Flaviviridae","Pestivirus","Pestivirus A","Bovine viral diarrhea virus 1-Osloss","Bovine viral diarrhea virus 1-Osloss","QCMD4_Q4",8868193
"MF327535.1",7676,133,1,0.8679245,0.0146903,"Ailuropoda melanoleuca papillomavirus 1 strain gpam001, complete genome",2016454,"Viruses","Cossaviricota","Papovaviricetes","Zurhausenvirales","Papillomaviridae","Omegapapillomavirus","Omegapapillomavirus 1","Ailuropoda melanoleuca papillomavirus 1","Ailuropoda melanoleuca papillomavirus 1","QCMD4_Q4",8868193
"MF898328.1",125095,114,0,0.005938613,0,"Human alphaherpesvirus 3 strain Baike, complete genome",10335,"Viruses","Peploviricota","Herviviricetes","Herpesvirales","Herpesviridae","Varicellovirus","Human alphaherpesvirus 3","unclassified Human alphaherpesvirus 3 subspecies/strain","unclassified Human alphaherpesvirus 3 strain","QCMD4_Q4",8868193
"MG212485.1",7395,594,9,0.17004831,0.137236,"Enterovirus A isolate 13688, complete genome",138948,"Viruses","Pisuviricota","Pisoniviricetes","Picornavirales","Picornaviridae","Enterovirus","Enterovirus A","unclassified Enterovirus A subspecies/strain","unclassified Enterovirus A strain","QCMD4_Q4",8868193
"MG543471.1",3999,450,3,0.13276176,0.0845931,"Porcine parvovirus 7 isolate GX49, complete genome",1820046,"Viruses","Cossaviricota","Quintoviricetes","Piccovirales","Parvoviridae","Chaphamaparvovirus","Ungulate chaphamaparvovirus 1","Porcine parvovirus 7","Porcine parvovirus 7","QCMD4_Q4",8868193
"MG712775.1",44454,130,1,0.27381274,0.00253661,"Fowl adenovirus 8b isolate SD1356, complete genome",586029,"Viruses","Preplasmiviricota","Tectiliviricetes","Rowavirales","Adenoviridae","Aviadenovirus","Fowl aviadenovirus E","Fowl adenovirus 8b","Fowl adenovirus 8b","QCMD4_Q4",8868193
"MG972981.1",5759,332,591,13.505081,11.5719,"Ungulate copiparvovirus 1 strain QQHE16, complete genome",1511889,"Viruses","Cossaviricota","Quintoviricetes","Piccovirales","Parvoviridae","Copiparvovirus","Ungulate copiparvovirus 1","unclassified Ungulate copiparvovirus 1 subspecies/strain","unclassified Ungulate copiparvovirus 1 strain","QCMD4_Q4",8868193
"MH036942.1",138199,861,0,0.1453904,0,"Cervid alphaherpesvirus 1 strain Anlier, complete genome",79891,"Viruses","Peploviricota","Herviviricetes","Herpesvirales","Herpesviridae","Varicellovirus","Cervid alphaherpesvirus 1","unclassified Cervid alphaherpesvirus 1 subspecies/strain","unclassified Cervid alphaherpesvirus 1 strain","QCMD4_Q4",8868193
"MH036943.1",142633,1155,1894,1.2477138,1.49736,"Cervid alphaherpesvirus 2 strain Norway, complete genome",365327,"Viruses","Peploviricota","Herviviricetes","Herpesvirales","Herpesviridae","Varicellovirus","Cervid alphaherpesvirus 2","unclassified Cervid alphaherpesvirus 2 subspecies/strain","unclassified Cervid alphaherpesvirus 2 strain","QCMD4_Q4",8868193
"MH144598.1",7375,132,1,0.018269897,0.0152898,"Enterovirus B79 strain 17-2255-1_E79, complete genome",2760813,"Viruses","Pisuviricota","Pisoniviricetes","Picornavirales","Picornaviridae","Enterovirus","Enterovirus B","enterovirus B79","enterovirus B79","QCMD4_Q4",8868193
"MH698402.1",162076,2044,579,0.4967022,0.402833,"Human betaherpesvirus 6B strain GTEX-OXRO_icihv6b, complete genome",32604,"Viruses","Peploviricota","Herviviricetes","Herpesvirales","Herpesviridae","Roseolovirus","Human betaherpesvirus 6B","unclassified Human betaherpesvirus 6B subspecies/strain","unclassified Human betaherpesvirus 6B strain","QCMD4_Q4",8868193
"MN205539.1",137429,723,833,0.9687061,0.683489,"UNVERIFIED: Human gammaherpesvirus 8 strain BCBL-1, complete genome",37296,"Viruses","Peploviricota","Herviviricetes","Herpesvirales","Herpesviridae","Rhadinovirus","Human gammaherpesvirus 8","unclassified Human gammaherpesvirus 8 subspecies/strain","unclassified Human gammaherpesvirus 8 strain","QCMD4_Q4",8868193
"MN240300.1",210797,2126,16,0.14646304,0.00855895,"Alaskapox virus isolate Alaska_2015, complete genome",2602439,"Viruses","Nucleocytoviricota","Pokkesviricetes","Chitovirales","Poxviridae","Orthopoxvirus","Alaskapox virus","unclassified Alaskapox virus subspecies/strain","unclassified Alaskapox virus strain","QCMD4_Q4",8868193
"MN244297.1",221153,17239,185,0.13045524,0.0943287,"Akhmeta virus strain A39, complete genome",2200830,"Viruses","Nucleocytoviricota","Pokkesviricetes","Chitovirales","Poxviridae","Orthopoxvirus","Akhmeta virus","unclassified Akhmeta virus subspecies/strain","unclassified Akhmeta virus strain","QCMD4_Q4",8868193
"NC_001664.4",159378,865,349,0.28583542,0.246923,"Human betaherpesvirus 6A, variant A DNA, complete virion genome, isolate U1102",32603,"Viruses","Peploviricota","Herviviricetes","Herpesvirales","Herpesviridae","Roseolovirus","Human betaherpesvirus 6A","unclassified Human betaherpesvirus 6A subspecies/strain","unclassified Human betaherpesvirus 6A strain","QCMD4_Q4",8868193
"NC_001716.2",153080,1786,80,0.055764075,0.05893,"Human herpesvirus 7, complete genome",10372,"Viruses","Peploviricota","Herviviricetes","Herpesvirales","Herpesviridae","Roseolovirus","Human betaherpesvirus 7","unclassified Human betaherpesvirus 7 subspecies/strain","unclassified Human betaherpesvirus 7 strain","QCMD4_Q4",8868193
"NC_001987.1",108409,167,0,0.0044153375,0,"Ateline herpesvirus 3 complete genome",85618,"Viruses","Peploviricota","Herviviricetes","Herpesvirales","Herpesviridae","Rhadinovirus","Ateline gammaherpesvirus 3","unclassified Ateline gammaherpesvirus 3 subspecies/strain","unclassified Ateline gammaherpesvirus 3 strain","QCMD4_Q4",8868193
"NC_002665.1",108873,1339,386,0.51377356,0.39979,"Bovine herpesvirus 4 long unique region, complete sequence",10385,"Viruses","Peploviricota","Herviviricetes","Herpesvirales","Herpesviridae","Rhadinovirus","Bovine gammaherpesvirus 4","unclassified Bovine gammaherpesvirus 4 subspecies/strain","unclassified Bovine gammaherpesvirus 4 strain","QCMD4_Q4",8868193
"NC_006151.1",143461,325,4,0.08575057,0.00314406,"Suid herpesvirus 1, complete genome",10345,"Viruses","Peploviricota","Herviviricetes","Herpesvirales","Herpesviridae","Varicellovirus","Suid alphaherpesvirus 1","unclassified Suid alphaherpesvirus 1 subspecies/strain","unclassified Suid alphaherpesvirus 1 strain","QCMD4_Q4",8868193
"NC_006560.1",150715,1171,2,0.18005513,0.00149637,"Cercopithecine herpesvirus 2, complete genome",10317,"Viruses","Peploviricota","Herviviricetes","Herpesvirales","Herpesviridae","Simplexvirus","Cercopithecine alphaherpesvirus 2","unclassified Cercopithecine alphaherpesvirus 2 subspecies/strain","unclassified Cercopithecine alphaherpesvirus 2 strain","QCMD4_Q4",8868193
"NC_007653.1",156487,1513,108,0.15941204,0.0778234,"Papiine herpesvirus 2, complete genome",340907,"Viruses","Peploviricota","Herviviricetes","Herpesvirales","Herpesviridae","Simplexvirus","Papiine alphaherpesvirus 2","unclassified Papiine alphaherpesvirus 2 subspecies/strain","unclassified Papiine alphaherpesvirus 2 strain","QCMD4_Q4",8868193
"NC_009334.1",172764,688,52,0.08128541,0.0339402,"Human herpesvirus 4, complete genome",12509,"Viruses","Peploviricota","Herviviricetes","Herpesvirales","Herpesviridae","Lymphocryptovirus","Human gammaherpesvirus 4","Human herpesvirus 4 type 2","Human herpesvirus 4 type 2","QCMD4_Q4",8868193
"NC_012783.2",226205,171,0,0.011262746,0,"Cercopithecine herpesvirus 5 strain 2715, complete genome",50292,"Viruses","Peploviricota","Herviviricetes","Herpesvirales","Herpesviridae","Cytomegalovirus","Cercopithecine betaherpesvirus 5","unclassified Cercopithecine betaherpesvirus 5 subspecies/strain","unclassified Cercopithecine betaherpesvirus 5 strain","QCMD4_Q4",8868193
"NC_014567.1",156742,678,2,0.04689256,0.00143883,"Saimiriine herpesvirus 1, complete genome",10353,"Viruses","Peploviricota","Herviviricetes","Herpesvirales","Herpesviridae","Simplexvirus","Saimiriine alphaherpesvirus 1","unclassified Saimiriine alphaherpesvirus 1 subspecies/strain","unclassified Saimiriine alphaherpesvirus 1 strain","QCMD4_Q4",8868193
"NC_016448.1",196691,134,0,0.0022488947,0,"Saimiriine herpesvirus 4 strain SqSHV, complete genome",1535247,"Viruses","Peploviricota","Herviviricetes","Herpesvirales","Herpesviridae","Cytomegalovirus","Saimiriine betaherpesvirus 4","unclassified Saimiriine betaherpesvirus 4 subspecies/strain","unclassified Saimiriine betaherpesvirus 4 strain","QCMD4_Q4",8868193
"NC_023677.1",153158,2260,137,0.23167416,0.100866,"Chimpanzee alpha-1 herpesvirus strain 105640, complete genome",332937,"Viruses","Peploviricota","Herviviricetes","Herpesvirales","Herpesviridae","Simplexvirus","Panine alphaherpesvirus 3","Chimpanzee herpesvirus strain 105640","Chimpanzee herpesvirus strain 105640","QCMD4_Q4",8868193
"NC_024771.1",151601,246,113,0.09786003,0.0840507,"Equid herpesvirus 3 strain AR/2007/C3A, complete genome",80341,"Viruses","Peploviricota","Herviviricetes","Herpesvirales","Herpesviridae","Varicellovirus","Equid alphaherpesvirus 3","unclassified Equid alphaherpesvirus 3 subspecies/strain","unclassified Equid alphaherpesvirus 3 strain","QCMD4_Q4",8868193
"U31790.1",7184,590,4,0.08387831,0.0627854,"Human papillomavirus type 50, complete genome",40539,"Viruses","Cossaviricota","Papovaviricetes","Zurhausenvirales","Papillomaviridae","Gammapapillomavirus","Gammapapillomavirus 3","Human papillomavirus type 50","Human papillomavirus type 50","QCMD4_Q4",8868193
"U63479.1",12247,948,7,0.08134248,0.0644515,"Bovine viral diarrhea virus 1-CP7 polyprotein gene, complete cds",268305,"Viruses","Kitrinoviricota","Flasuviricetes","Amarillovirales","Flaviviridae","Pestivirus","Pestivirus A","Bovine viral diarrhea virus 1-CP7","Bovine viral diarrhea virus 1-CP7","QCMD4_Q4",8868193
"U89790.1",4767,614,27,0.84210527,0.63868,"Adeno-associated virus 4, complete genome",57579,"Viruses","Cossaviricota","Quintoviricetes","Piccovirales","Parvoviridae","Dependoparvovirus","Adeno-associated dependoparvovirus A","Adeno-associated virus - 4","Adeno-associated virus - 4","QCMD4_Q4",8868193
"X13063.1",5641,1773,44,1.1431433,0.879552,"Turnip yellows virus (BWYV-FL1) genomic RNA",131083,"Viruses","Pisuviricota","Pisoniviricetes","Sobelivirales","Solemoviridae","Polerovirus","Turnip yellows virus","unclassified Turnip yellows virus subspecies/strain","unclassified Turnip yellows virus strain","QCMD4_Q4",8868193
"X83110.1",5722,277,4,0.09565686,0.0788274,"Beet mild yellowing virus genomic RNA",156690,"Viruses","Pisuviricota","Pisoniviricetes","Sobelivirales","Solemoviridae","Polerovirus","Beet mild yellowing virus","unclassified Beet mild yellowing virus subspecies/strain","unclassified Beet mild yellowing virus strain","QCMD4_Q4",8868193
"JX134046.1",2915,136,2,0.096564196,0.0773671,"TTV-like mini virus isolate TTMV_LY3, complete genome",93678,"Viruses","unclassified Viruses phylum","unclassified Viruses class","unclassified Viruses order","Anelloviridae","Betatorquevirus","TTV-like mini virus","unclassified TTV-like mini virus subspecies/strain","unclassified TTV-like mini virus strain","QCMD4_Q4",8868193
"KF764701.1",2853,207,2,0.10025897,0.0790484,"TTV-like mini virus isolate D11, complete genome",93678,"Viruses","unclassified Viruses phylum","unclassified Viruses class","unclassified Viruses order","Anelloviridae","Betatorquevirus","TTV-like mini virus","unclassified TTV-like mini virus subspecies/strain","unclassified TTV-like mini virus strain","QCMD4_Q4",8868193
"MG026729.1",5573,403,778,17.19325,15.7418,"Bovine parvovirus - 2 isolate ujs2665 nonstructural protein and structural protein genes, complete cds",172296,"Viruses","Cossaviricota","Quintoviricetes","Piccovirales","Parvoviridae","Copiparvovirus","Ungulate copiparvovirus 1","Bovine parvovirus - 2","Bovine parvovirus - 2","QCMD4_Q4",8868193
"AY426531.1",7367,2520,185,10.542331,2.83169,"Human enterovirus 68 strain Fermon, complete genome",42789,"Viruses","Pisuviricota","Pisoniviricetes","Picornavirales","Picornaviridae","Enterovirus","Enterovirus D","enterovirus D68","enterovirus D68","QCMD4_Q4",8868193
"U22521.1",7408,182,1,0.025075778,0.0152217,"Human enterovirus 71 polyprotein gene, complete cds",39054,"Viruses","Pisuviricota","Pisoniviricetes","Picornavirales","Picornaviridae","Enterovirus","Enterovirus A","Enterovirus A71","Enterovirus A71","QCMD4_Q4",8868193
"AY421762.1",7434,143,7,0.12149917,0.106179,"Human coxsackievirus A4 strain High Point, complete genome",42785,"Viruses","Pisuviricota","Pisoniviricetes","Picornavirales","Picornaviridae","Enterovirus","Enterovirus A","Coxsackievirus A4","Coxsackievirus A4","QCMD4_Q4",8868193
"AY455778.1",8767,294,2,0.034118604,0.0257243,"HIV-1 isolate 99UFRJ-1 from Brazil, complete genome",11676,"Viruses","Artverviricota","Revtraviricetes","Ortervirales","Retroviridae","Lentivirus","Human immunodeficiency virus 1","unclassified Human immunodeficiency virus 1 subspecies/strain","unclassified Human immunodeficiency virus 1 strain","QCMD4_Q4",8868193
"EU735538.1",9123,253,1,0.054719716,0.0123602,"HIV-1 isolate 04BRRJ115 from Brazil, complete genome",11676,"Viruses","Artverviricota","Revtraviricetes","Ortervirales","Retroviridae","Lentivirus","Human immunodeficiency virus 1","unclassified Human immunodeficiency virus 1 subspecies/strain","unclassified Human immunodeficiency virus 1 strain","QCMD4_Q4",8868193
"M17451.1",9128,427,3,0.047226556,0.0370604,"Human immunodeficiency virus type 1, isolate RF (HAT-3), complete genome",11676,"Viruses","Artverviricota","Revtraviricetes","Ortervirales","Retroviridae","Lentivirus","Human immunodeficiency virus 1","unclassified Human immunodeficiency virus 1 subspecies/strain","unclassified Human immunodeficiency virus 1 strain","QCMD4_Q4",8868193
"KF716496.1",8846,120,1,0.013799448,0.0127473,"HIV-1 isolate DEMB11FR001 from France gag protein (gag) gene, complete cds; pol protein (pol) gene, partial cds; and vif protein (vif), vpr protein (vpr), tat protein (tat), rev protein (rev), vpu protein (vpu), envelope glycoprotein (env), and nef protein (nef) genes, complete cds",11676,"Viruses","Artverviricota","Revtraviricetes","Ortervirales","Retroviridae","Lentivirus","Human immunodeficiency virus 1","unclassified Human immunodeficiency virus 1 subspecies/strain","unclassified Human immunodeficiency virus 1 strain","QCMD4_Q4",8868193
"KP411828.1",8813,241,2,0.027819462,0.02559,"HIV-1 isolate SE600057 from Sweden gag protein (gag) gene, complete cds; pol protein (pol) gene, partial cds; vif protein (vif), vpr protein (vpr), tat protein (tat), and rev protein (rev) genes, complete cds; nonfunctional vpu protein (vpu) gene, complete sequence; and envelope glycoprotein (env) and nef protein (nef) genes, complete cds",11676,"Viruses","Artverviricota","Revtraviricetes","Ortervirales","Retroviridae","Lentivirus","Human immunodeficiency virus 1","unclassified Human immunodeficiency virus 1 subspecies/strain","unclassified Human immunodeficiency virus 1 strain","QCMD4_Q4",8868193
"D00835.1",11443,344,726,8.610732,7.15421,"Human immunodeficiency virus 2 proviral DNA, complete genome",11709,"Viruses","Artverviricota","Revtraviricetes","Ortervirales","Retroviridae","Lentivirus","Human immunodeficiency virus 2","unclassified Human immunodeficiency virus 2 subspecies/strain","unclassified Human immunodeficiency virus 2 strain","QCMD4_Q4",8868193
"EU170151.1",9126,282,2,0.025846703,0.0247124,"HIV-1 isolate luBF_01.03 from Luxembourg, partial genome",11676,"Viruses","Artverviricota","Revtraviricetes","Ortervirales","Retroviridae","Lentivirus","Human immunodeficiency virus 1","unclassified Human immunodeficiency virus 1 subspecies/strain","unclassified Human immunodeficiency virus 1 strain","QCMD4_Q4",8868193
"OM460002.1",220276,68500,950,0.6444627,0.486319,"Cowpox virus isolate No-H2, complete genome",10243,"Viruses","Nucleocytoviricota","Pokkesviricetes","Chitovirales","Poxviridae","Orthopoxvirus","Cowpox virus","unclassified Cowpox virus subspecies/strain","unclassified Cowpox virus strain","QCMD4_Q4",8868193
"MG012796.1",194711,3342,20,0.018662527,0.0115826,"Vaccinia virus isolate CEyV2, complete genome",10245,"Viruses","Nucleocytoviricota","Pokkesviricetes","Chitovirales","Poxviridae","Orthopoxvirus","Vaccinia virus","unclassified Vaccinia virus subspecies/strain","unclassified Vaccinia virus strain","QCMD4_Q4",8868193
"GQ329670.1",145289,181,1,0.16691585,0.000776126,"Pseudocowpox virus strain VR634, complete genome",129726,"Viruses","Nucleocytoviricota","Pokkesviricetes","Chitovirales","Poxviridae","Parapoxvirus","Pseudocowpox virus","unclassified Pseudocowpox virus subspecies/strain","unclassified Pseudocowpox virus strain","QCMD4_Q4",8868193
"KM875470.1",136055,228,12,0.13633788,0.00994561,"Bovine papular stomatitis virus strain BV-TX09c15, complete genome",129727,"Viruses","Nucleocytoviricota","Pokkesviricetes","Chitovirales","Poxviridae","Parapoxvirus","Bovine papular stomatitis virus","unclassified Bovine papular stomatitis virus subspecies/strain","unclassified Bovine papular stomatitis virus strain","QCMD4_Q4",8868193
"LT907991.1",12681,253,6,0.06910861,0.0533535,"Bovine viral diarrhea virus 1 isolate VE_138cp_05 genome assembly, complete genome: monopartite",11099,"Viruses","Kitrinoviricota","Flasuviricetes","Amarillovirales","Flaviviridae","Pestivirus","Pestivirus A","Bovine viral diarrhea virus 1","Bovine viral diarrhea virus 1","QCMD4_Q4",8868193
"MF351889.1",32399,229,0,0.18109089,0,"Morelia viridis nidovirus strain S14-1323_MVNV, complete genome",2016400,"Viruses","Pisuviricota","Pisoniviricetes","Nidovirales","Tobaniviridae","Pregotovirus","Pregotovirus heba","Morelia viridis nidovirus","Morelia viridis nidovirus","QCMD4_Q4",8868193
"KY628968.1",157447,188,0,0.009319949,0,"Macacine alphaherpesvirus 1 isolate 8100812, complete genome",10325,"Viruses","Peploviricota","Herviviricetes","Herpesvirales","Herpesviridae","Simplexvirus","Macacine alphaherpesvirus 1","unclassified Macacine alphaherpesvirus 1 subspecies/strain","unclassified Macacine alphaherpesvirus 1 strain","QCMD4_Q4",8868193
"KY628970.1",157321,167,0,0.007011472,0,"Macacine alphaherpesvirus 1 isolate KQ, complete genome",10325,"Viruses","Peploviricota","Herviviricetes","Herpesvirales","Herpesviridae","Simplexvirus","Macacine alphaherpesvirus 1","unclassified Macacine alphaherpesvirus 1 subspecies/strain","unclassified Macacine alphaherpesvirus 1 strain","QCMD4_Q4",8868193
"MT862163.1",131245,355,0,0.32238454,0,"Bovine alphaherpesvirus 2 strain C1Z FZR",10295,"Viruses","Peploviricota","Herviviricetes","Herpesvirales","Herpesviridae","Simplexvirus","Bovine alphaherpesvirus 2","unclassified Bovine alphaherpesvirus 2 subspecies/strain","unclassified Bovine alphaherpesvirus 2 strain","QCMD4_Q4",8868193
"LS480640.1",155503,29855,16821,16.762896,12.1977,"Human alphaherpesvirus 2 isolate 333 genome assembly, chromosome: I",10310,"Viruses","Peploviricota","Herviviricetes","Herpesvirales","Herpesviridae","Simplexvirus","Human alphaherpesvirus 2","unclassified Human alphaherpesvirus 2 subspecies/strain","unclassified Human alphaherpesvirus 2 strain","QCMD4_Q4",8868193
"MF678601.1",144144,199,0,0.10617804,0,"Beluga whale alphaherpesvirus 1 strain LN3131-1",1434720,"Viruses","Peploviricota","Herviviricetes","Herpesvirales","Herpesviridae","Varicellovirus","Monodontid alphaherpesvirus 1","Beluga whale alphaherpesvirus 1","Beluga whale alphaherpesvirus 1","QCMD4_Q4",8868193
"MG989243.1",134617,536,3,0.45265383,0.00251296,"Caprine alphaherpesvirus 1 strain JSHA1405",39944,"Viruses","Peploviricota","Herviviricetes","Herpesvirales","Herpesviridae","Varicellovirus","Caprine alphaherpesvirus 1","unclassified Caprine alphaherpesvirus 1 subspecies/strain","unclassified Caprine alphaherpesvirus 1 strain","QCMD4_Q4",8868193
"JX017384.1",7412,300,2,0.041310932,0.0209196,"Human enterovirus 71 isolate 01011Y, complete genome",39054,"Viruses","Pisuviricota","Pisoniviricetes","Picornavirales","Picornaviridae","Enterovirus","Enterovirus A","Enterovirus A71","Enterovirus A71","QCMD5_Q5",12898543
"KT280503.1",7332,3788,55,1.088137,0.581567,"Enterovirus D68 isolate 2011-21186, complete genome",42789,"Viruses","Pisuviricota","Pisoniviricetes","Picornavirales","Picornaviridae","Enterovirus","Enterovirus D","enterovirus D68","enterovirus D68","QCMD5_Q5",12898543
"KX868289.2",33676,321,3,0.012527591,0.00690653,"Human adenovirus 12 isolate GyK010, complete genome",28282,"Viruses","Preplasmiviricota","Tectiliviricetes","Rowavirales","Adenoviridae","Mastadenovirus","Human mastadenovirus A","Human adenovirus 12","Human adenovirus 12","QCMD5_Q5",12898543
"GU191019.1",34177,9367,138,0.6315279,0.313043,"Human adenovirus 18 isolate D.C., complete genome",10528,"Viruses","Preplasmiviricota","Tectiliviricetes","Rowavirales","Adenoviridae","Mastadenovirus","Human mastadenovirus A","Human adenovirus 18","Human adenovirus 18","QCMD5_Q5",12898543
"JN860680.1",35384,343,1,0.009734916,0.00219105,"Human adenovirus 16 strain E26, complete genome",31544,"Viruses","Preplasmiviricota","Tectiliviricetes","Rowavirales","Adenoviridae","Mastadenovirus","Human mastadenovirus B","Human adenovirus 16","Human adenovirus 16","QCMD5_Q5",12898543
"MF502426.1",35341,339,3,0.017333977,0.00658115,"Human adenovirus 21 isolate OHT-006, complete genome",32608,"Viruses","Preplasmiviricota","Tectiliviricetes","Rowavirales","Adenoviridae","Mastadenovirus","Human mastadenovirus B","Human adenovirus 21","Human adenovirus 21","QCMD5_Q5",12898543
"AC_000007.1",35937,334,123,0.51314723,0.265352,"Human adenovirus 2, complete genome",10515,"Viruses","Preplasmiviricota","Tectiliviricetes","Rowavirales","Adenoviridae","Mastadenovirus","Human mastadenovirus C","Human adenovirus 2","Human adenovirus 2","QCMD5_Q5",12898543
"NC_001611.1",185578,31006,329,0.3000302,0.137445,"Variola virus, complete genome",10255,"Viruses","Nucleocytoviricota","Pokkesviricetes","Chitovirales","Poxviridae","Orthopoxvirus","Variola virus","unclassified Variola virus subspecies/strain","unclassified Variola virus strain","QCMD5_Q5",12898543
"AB746853.1",34978,150,1,0.0043068794,0.00221648,"Human adenovirus 8 DNA, complete genome, strain: Trim variant",31545,"Viruses","Preplasmiviricota","Tectiliviricetes","Rowavirales","Adenoviridae","Mastadenovirus","Human mastadenovirus D","Human adenovirus D8","Human adenovirus D8","QCMD5_Q5",12898543
"JQ326209.1",35153,802,6,0.027054824,0.0132327,"Human adenovirus 19, complete genome",28278,"Viruses","Preplasmiviricota","Tectiliviricetes","Rowavirales","Adenoviridae","Mastadenovirus","Human mastadenovirus D","Human adenovirus 19","Human adenovirus 19","QCMD5_Q5",12898543
"AB448776.1",35215,419,3,0.013546271,0.0066047,"Human adenovirus 37 genomic DNA, complete genome, isolate: 1991",52275,"Viruses","Preplasmiviricota","Tectiliviricetes","Rowavirales","Adenoviridae","Mastadenovirus","Human mastadenovirus D","Human adenovirus D37","Human adenovirus D37","QCMD5_Q5",12898543
"NC_003266.2",35994,6854,113,0.45843098,0.243393,"Human adenovirus E, complete genome",130308,"Viruses","Preplasmiviricota","Tectiliviricetes","Rowavirales","Adenoviridae","Mastadenovirus","Human mastadenovirus E","unclassified Human mastadenovirus E subspecies/strain","unclassified Human mastadenovirus E strain","QCMD5_Q5",12898543
"NC_006998.1",194711,64539,845,0.6573928,0.336454,"Vaccinia virus, complete genome",10245,"Viruses","Nucleocytoviricota","Pokkesviricetes","Chitovirales","Poxviridae","Orthopoxvirus","Vaccinia virus","unclassified Vaccinia virus subspecies/strain","unclassified Vaccinia virus strain","QCMD5_Q5",12898543
"NC_003663.2",224499,179406,4746,3.1336846,1.63898,"Cowpox virus, complete genome",10243,"Viruses","Nucleocytoviricota","Pokkesviricetes","Chitovirales","Poxviridae","Orthopoxvirus","Cowpox virus","unclassified Cowpox virus subspecies/strain","unclassified Cowpox virus strain","QCMD5_Q5",12898543
"NC_003310.1",196858,169228,3726,2.8454206,1.4674,"Monkeypox virus Zaire-96-I-16, complete genome",10244,"Viruses","Nucleocytoviricota","Pokkesviricetes","Chitovirales","Poxviridae","Orthopoxvirus","Monkeypox virus","unclassified Monkeypox virus subspecies/strain","unclassified Monkeypox virus strain","QCMD5_Q5",12898543
"AY484669.1",197731,66388,848,0.6493388,0.332491,"Rabbitpox virus, complete genome",32606,"Viruses","Nucleocytoviricota","Pokkesviricetes","Chitovirales","Poxviridae","Orthopoxvirus","Vaccinia virus","Rabbitpox virus","Rabbitpox virus","QCMD5_Q5",12898543
"NC_007455.1",5299,673,24,0.66906196,0.351137,"Primate bocaparvovirus 1 isolate st2, complete genome",1511871,"Viruses","Cossaviricota","Quintoviricetes","Piccovirales","Parvoviridae","Bocaparvovirus","Primate bocaparvovirus 1","unclassified Primate bocaparvovirus 1 subspecies/strain","unclassified Primate bocaparvovirus 1 strain","QCMD5_Q5",12898543
"NC_012564.1",5242,2272,119,3.3690102,1.75999,"Human bocavirus 3, complete genome",638313,"Viruses","Cossaviricota","Quintoviricetes","Piccovirales","Parvoviridae","Bocaparvovirus","Primate bocaparvovirus 1","Human bocavirus 3","Human bocavirus 3","QCMD5_Q5",12898543
"NC_012042.1",5196,544,7,0.18192628,0.104445,"Human bocavirus 2c PK isolate PK-5510, complete genome",1511882,"Viruses","Cossaviricota","Quintoviricetes","Piccovirales","Parvoviridae","Bocaparvovirus","Primate bocaparvovirus 2","Human bocavirus 2c PK","Human bocavirus 2c PK","QCMD5_Q5",12898543
"NC_012729.2",5104,266,3,0.07690755,0.045569,"Human bocavirus 4 NI strain HBoV4-NI-385, complete genome",1511883,"Viruses","Cossaviricota","Quintoviricetes","Piccovirales","Parvoviridae","Bocaparvovirus","Primate bocaparvovirus 2","Human bocavirus 4 NI","Human bocavirus 4 NI","QCMD5_Q5",12898543
"NC_001802.1",9181,748,7,0.103310816,0.0591109,"Human immunodeficiency virus 1, complete genome",11676,"Viruses","Artverviricota","Revtraviricetes","Ortervirales","Retroviridae","Lentivirus","Human immunodeficiency virus 1","unclassified Human immunodeficiency virus 1 subspecies/strain","unclassified Human immunodeficiency virus 1 strain","QCMD5_Q5",12898543
"NC_026438.1",10878,150,1,0.013982103,0.00712706,"influenza A H1N1 all segments",641809,"Viruses","Negarnaviricota","Insthoviricetes","Articulavirales","Orthomyxoviridae","Alphainfluenzavirus","Influenza A virus","Influenza A virus (A/California/07/2009(H1N1))","Influenza A virus (A/California/07/2009(H1N1))","QCMD5_Q5",12898543
"NC_007373.1",11286,1612,17,0.22117457,0.11678,"influenza A H3N2 all segments",335341,"Viruses","Negarnaviricota","Insthoviricetes","Articulavirales","Orthomyxoviridae","Alphainfluenzavirus","Influenza A virus","Influenza A virus (A/New York/392/2004(H3N2))","Influenza A virus (A/New York/392/2004(H3N2))","QCMD5_Q5",12898543
"AB038630.1",2897,150,1,0.03858755,0.0267615,"Torque teno mini virus 3 DNA, complete genome, isolate: TLMV-NLC026",687371,"Viruses","unclassified Viruses phylum","unclassified Viruses class","unclassified Viruses order","Anelloviridae","Betatorquevirus","Torque teno mini virus 3","unclassified Torque teno mini virus 3 subspecies/strain","unclassified Torque teno mini virus 3 strain","QCMD5_Q5",12898543
"AB076001.1",2878,300,2,0.109970674,0.0538764,"Torque teno sus virus 1 ORF3, ORF2, ORF1 genes, complete cds, isolate: Sd-TTV31",687386,"Viruses","unclassified Viruses phylum","unclassified Viruses class","unclassified Viruses order","Anelloviridae","Iotatorquevirus","Torque teno sus virus 1a","unclassified Torque teno sus virus 1a subspecies/strain","unclassified Torque teno sus virus 1a strain","QCMD5_Q5",12898543
"AB111964.2",8978,139,1,0.015745355,0.00863535,"Bovine viral diarrhea virus 839cp gene for poryprotein, partai cds, strain: 839cp",233886,"Viruses","Kitrinoviricota","Flasuviricetes","Amarillovirales","Flaviviridae","Pestivirus","Pestivirus A","Bovine viral diarrhea virus 839cp","Bovine viral diarrhea virus 839cp","QCMD5_Q5",12898543
"AB290917.1",3245,161,2,0.15444265,0.0477831,"Torque teno midi virus 1 DNA, complete genome, isolate: MD1-032",687379,"Viruses","unclassified Viruses phylum","unclassified Viruses class","unclassified Viruses order","Anelloviridae","Gammatorquevirus","Torque teno midi virus 1","unclassified Torque teno midi virus 1 subspecies/strain","unclassified Torque teno midi virus 1 strain","QCMD5_Q5",12898543
"AB825953.1",149459,118,105,0.082861714,0.0544661,"Fruit bat alphaherpesvirus 1 DNA, complete genome",1343901,"Viruses","Peploviricota","Herviviricetes","Herpesvirales","Herpesviridae","Simplexvirus","Pteropodid alphaherpesvirus 1","Fruit bat alphaherpesvirus 1","Fruit bat alphaherpesvirus 1","QCMD5_Q5",12898543
"AB847987.1",4733,132,1,0.028802095,0.0163803,"Bufavirus-3 genes for NS1, putative VP1, hypothetical protein, VP2, complete cds, strain: BTN-63",1391667,"Viruses","Cossaviricota","Quintoviricetes","Piccovirales","Parvoviridae","unclassified Parvoviridae genus","Bufavirus-3","unclassified Bufavirus-3 subspecies/strain","unclassified Bufavirus-3 strain","QCMD5_Q5",12898543
"AC090446.27",170275,500,498,0.38817927,0.226745,"Baboon cytomegalovirus OCOM4-37 clone bacmv, WORKING DRAFT SEQUENCE, 22 unordered pieces",153301,"Viruses","Peploviricota","Herviviricetes","Herpesvirales","Herpesviridae","Cytomegalovirus","Papiine betaherpesvirus 3","Baboon cytomegalovirus OCOM4-37","Baboon cytomegalovirus OCOM4-37","QCMD5_Q5",12898543
"AF033809.1",3392,127,1,0.03917335,0.0228562,"Avian myelocytomatosis virus 29, complete genome",11868,"Viruses","Artverviricota","Revtraviricetes","Ortervirales","Retroviridae","Alpharetrovirus","Avian myelocytomatosis virus 29","unclassified Avian myelocytomatosis virus 29 subspecies/strain","unclassified Avian myelocytomatosis virus 29 strain","QCMD5_Q5",12898543
"AF033812.1",5894,300,4,0.10445683,0.052615,"Abelson murine leukemia virus, complete genome",11788,"Viruses","Artverviricota","Revtraviricetes","Ortervirales","Retroviridae","Gammaretrovirus","Abelson murine leukemia virus","unclassified Abelson murine leukemia virus subspecies/strain","unclassified Abelson murine leukemia virus strain","QCMD5_Q5",12898543
"AF033814.1",3811,150,2,0.08194482,0.0406865,"Murine osteosarcoma virus, complete genome",11830,"Viruses","Artverviricota","Revtraviricetes","Ortervirales","Retroviridae","Gammaretrovirus","Murine osteosarcoma virus","unclassified Murine osteosarcoma virus subspecies/strain","unclassified Murine osteosarcoma virus strain","QCMD5_Q5",12898543
"AF033815.1",8557,1049,157,2.5159986,1.42245,"Mason-Pfizer monkey virus, complete genome",11855,"Viruses","Artverviricota","Revtraviricetes","Ortervirales","Retroviridae","Betaretrovirus","Mason-Pfizer monkey virus","unclassified Mason-Pfizer monkey virus subspecies/strain","unclassified Mason-Pfizer monkey virus strain","QCMD5_Q5",12898543
"AF033818.1",8419,189,243,4.1106544,2.23772,"Bovine leukemia virus complete genome",11901,"Viruses","Artverviricota","Revtraviricetes","Ortervirales","Retroviridae","Deltaretrovirus","Bovine leukemia virus","unclassified Bovine leukemia virus subspecies/strain","unclassified Bovine leukemia virus strain","QCMD5_Q5",12898543
"AF043303.1",4679,3321,425,13.584235,7.04199,"Adeno-associated virus 2, complete genome",10804,"Viruses","Cossaviricota","Quintoviricetes","Piccovirales","Parvoviridae","Dependoparvovirus","Adeno-associated dependoparvovirus A","adeno-associated virus 2","adeno-associated virus 2","QCMD5_Q5",12898543
"AF052428.1",9396,422,66,0.9431105,0.544578,"Rous sarcoma virus strain Schmidt-Ruppin B, complete genome",269447,"Viruses","Artverviricota","Revtraviricetes","Ortervirales","Retroviridae","Alpharetrovirus","Rous sarcoma virus","Rous sarcoma virus - Schmidt-Ruppin B","Rous sarcoma virus - Schmidt-Ruppin B","QCMD5_Q5",12898543
"AF063497.1",4718,1396,64,1.956436,1.05167,"Adeno-associated virus 1, complete genome",85106,"Viruses","Cossaviricota","Quintoviricetes","Piccovirales","Parvoviridae","Dependoparvovirus","Adeno-associated dependoparvovirus A","Adeno-associated virus - 1","Adeno-associated virus - 1","QCMD5_Q5",12898543
"AF085716.1",4642,127,1,0.044523597,0.0167015,"Adeno-associated virus 5 DNA binding trs helicase (Rep22) and capsid protein (VP1) genes, complete cds",82300,"Viruses","Cossaviricota","Quintoviricetes","Piccovirales","Parvoviridae","Dependoparvovirus","Adeno-associated dependoparvovirus B","adeno-associated virus 5","adeno-associated virus 5","QCMD5_Q5",12898543
"AF108105.1",35100,198,0,0.005665236,0,"Human adenovirus type 17 complete genome",46922,"Viruses","Preplasmiviricota","Tectiliviricetes","Rowavirales","Adenoviridae","Mastadenovirus","Human mastadenovirus D","Human adenovirus 17","Human adenovirus 17","QCMD5_Q5",12898543
"AF109397.1",1768,1257,39,3.6161928,1.71018,"Bovine circovirus, complete genome",85542,"Viruses","Cressdnaviricota","Arfiviricetes","Cirlivirales","Circoviridae","Circovirus","Porcine circovirus 2","Bovine circovirus","Bovine circovirus","QCMD5_Q5",12898543
"AF126467.1",8105,1551,2697,47.095413,25.7981,"Simian retrovirus 2, complete genome",39068,"Viruses","Artverviricota","Revtraviricetes","Ortervirales","Retroviridae","Betaretrovirus","Mason-Pfizer monkey virus","Simian retrovirus 2","Simian retrovirus 2","QCMD5_Q5",12898543
"AF345524.1",3193,133,1,0.043706868,0.0242807,"Torque teno virus 11 isolate TCHN-D1 Orf2 and Orf1 genes, complete cds",687350,"Viruses","unclassified Viruses phylum","unclassified Viruses class","unclassified Viruses order","Anelloviridae","Alphatorquevirus","Torque teno virus 11","unclassified Torque teno virus 11 subspecies/strain","unclassified Torque teno virus 11 strain","QCMD5_Q5",12898543
"AF352024.1",5776,150,1,0.026661927,0.0134225,"Beet chlorosis virus isolate BChV-2a, complete genome",131082,"Viruses","Pisuviricota","Pisoniviricetes","Sobelivirales","Solemoviridae","Polerovirus","Beet chlorosis virus","unclassified Beet chlorosis virus subspecies/strain","unclassified Beet chlorosis virus strain","QCMD5_Q5",12898543
"AF356697.1",8072,173,6,0.10300429,0.0576275,"Porcine endogenous retrovirus class E clone P14.1, complete genome",168238,"Viruses","Artverviricota","Revtraviricetes","Ortervirales","Retroviridae","Gammaretrovirus","Porcine type-C oncovirus","Porcine endogenous retrovirus E","Porcine endogenous retrovirus E","QCMD5_Q5",12898543
"AF406966.1",5610,1968,2820,68.463554,38.9714,"Bovine parvovirus 2 putative non-structural protein and putative capsid protein genes, complete cds",172296,"Viruses","Cossaviricota","Quintoviricetes","Piccovirales","Parvoviridae","Copiparvovirus","Ungulate copiparvovirus 1","Bovine parvovirus - 2","Bovine parvovirus - 2","QCMD5_Q5",12898543
"AF406967.1",5276,540,375,8.275848,5.51043,"Bovine parvovirus 3 putative non-structural protein and putative capsid protein genes, complete cds",172297,"Viruses","Cossaviricota","Quintoviricetes","Piccovirales","Parvoviridae","Erythroparvovirus","Ungulate erythroparvovirus 1","Bovine parvovirus 3","Bovine parvovirus 3","QCMD5_Q5",12898543
"AF473561.1",5666,390,3,0.07070341,0.0410491,"Beet western yellows virus strain USA, complete genome",12042,"Viruses","Pisuviricota","Pisoniviricetes","Sobelivirales","Solemoviridae","Polerovirus","Beet western yellows virus","unclassified Beet western yellows virus subspecies/strain","unclassified Beet western yellows virus strain","QCMD5_Q5",12898543
"AF502399.1",12332,126,1,0.010343129,0.00628674,"Bovine viral diarrhea virus 2-New York'93, complete genome",358768,"Viruses","Kitrinoviricota","Flasuviricetes","Amarillovirales","Flaviviridae","Pestivirus","Pestivirus B","Bovine viral diarrhea virus 2 New York'93","Bovine viral diarrhea virus 2 New York'93","QCMD5_Q5",12898543
"AF513851.1",4721,649,19,0.60796326,0.312017,"Adeno-associated virus 7 nonstructural protein and capsid protein genes, complete cds",202812,"Viruses","Cossaviricota","Quintoviricetes","Piccovirales","Parvoviridae","Dependoparvovirus","Adeno-associated dependoparvovirus A","Adeno-associated virus - 7","Adeno-associated virus - 7","QCMD5_Q5",12898543
"AY037928.1",9472,5569,303,4.5030036,2.48005,"Human endogenous retrovirus K113 complete genome",166122,"Viruses","Artverviricota","Revtraviricetes","Ortervirales","Retroviridae","unclassified Retroviridae genus","Human endogenous retrovirus K","Human endogenous retrovirus K113","Human endogenous retrovirus K113","QCMD5_Q5",12898543
"AY302556.1",7394,153,1,0.028989509,0.0104853,"Human echovirus 33 strain Toluca-3 complete genome",47515,"Viruses","Pisuviricota","Pisoniviricetes","Picornavirales","Picornaviridae","Enterovirus","Enterovirus B","Echovirus E33","Echovirus E33","QCMD5_Q5",12898543
"AY421761.1",7395,187,1,0.030917874,0.0104839,"Human coxsackievirus A3 strain Olson, complete genome",42784,"Viruses","Pisuviricota","Pisoniviricetes","Picornavirales","Picornaviridae","Enterovirus","Enterovirus A","Coxsackievirus A3","Coxsackievirus A3","QCMD5_Q5",12898543
"AY695933.1",5723,1069,8,0.20940247,0.108374,"Carrot red leaf virus strain UK-1, complete genome",66200,"Viruses","Pisuviricota","Pisoniviricetes","Sobelivirales","Solemoviridae","Polerovirus","Carrot red leaf virus","unclassified Carrot red leaf virus subspecies/strain","unclassified Carrot red leaf virus strain","QCMD5_Q5",12898543
"AY823990.1",2872,410,3,0.16054372,0.0809834,"Torque teno sus virus 1b isolate 1p, complete genome",687387,"Viruses","unclassified Viruses phylum","unclassified Viruses class","unclassified Viruses order","Anelloviridae","Iotatorquevirus","Torque teno sus virus 1b","unclassified Torque teno sus virus 1b subspecies/strain","unclassified Torque teno sus virus 1b strain","QCMD5_Q5",12898543
"CY187631.1",2192,136,1,0.06660137,0.0353687,"Influenza A virus (A/Houston/JMM_42/2012(H3N2)) polymerase PA (PA) gene, complete cds; and PA-X gene, complete sequence",1383502,"Viruses","Negarnaviricota","Insthoviricetes","Articulavirales","Orthomyxoviridae","Alphainfluenzavirus","Influenza A virus","Influenza A virus (A/Houston/JMM_42/2012(H3N2))","Influenza A virus (A/Houston/JMM_42/2012(H3N2))","QCMD5_Q5",12898543
"CY187633.1",2311,129,2,0.05367885,0.0670949,"Influenza A virus (A/Houston/JMM_42/2012(H3N2)) polymerase PB2 (PB2) gene, complete cds",1383502,"Viruses","Negarnaviricota","Insthoviricetes","Articulavirales","Orthomyxoviridae","Alphainfluenzavirus","Influenza A virus","Influenza A virus (A/Houston/JMM_42/2012(H3N2))","Influenza A virus (A/Houston/JMM_42/2012(H3N2))","QCMD5_Q5",12898543
"D10032.1",8507,6745,61709,1093.9233,562.382,"Baboon endogenous virus strain M7 proviral DNA, complete genome",11764,"Viruses","Artverviricota","Revtraviricetes","Ortervirales","Retroviridae","Gammaretrovirus","Baboon endogenous virus","Baboon endogenous virus strain M7","Baboon endogenous virus strain M7","QCMD5_Q5",12898543
"EU030001.1",8406,2398,246,4.3442345,2.26885,"RD114 retrovirus isolate SC3C, complete genome",11834,"Viruses","Artverviricota","Revtraviricetes","Ortervirales","Retroviridae","Gammaretrovirus","RD114 retrovirus","unclassified RD114 retrovirus subspecies/strain","unclassified RD114 retrovirus strain","QCMD5_Q5",12898543
"FJ025900.1",37188,646,3,0.07713699,0.00625429,"Simian adenovirus 43, complete genome",585077,"Viruses","Preplasmiviricota","Tectiliviricetes","Rowavirales","Adenoviridae","Mastadenovirus","Human mastadenovirus C","Simian adenovirus 43","Simian adenovirus 43","QCMD5_Q5",12898543
"FJ025902.1",37820,20937,268,1.0509955,0.54938,"Simian adenovirus 42.2, complete genome",585098,"Viruses","Preplasmiviricota","Tectiliviricetes","Rowavirales","Adenoviridae","Mastadenovirus","Human mastadenovirus C","Simian adenovirus 42.2","Simian adenovirus 42.2","QCMD5_Q5",12898543
"FJ025904.1",37860,1692,16,0.08090692,0.0327641,"Simian adenovirus 31.2, complete genome",585088,"Viruses","Preplasmiviricota","Tectiliviricetes","Rowavirales","Adenoviridae","Mastadenovirus","Human mastadenovirus C","Simian adenovirus 31.2","Simian adenovirus 31.2","QCMD5_Q5",12898543
"FJ025908.1",35694,332,3,0.0116475355,0.00651606,"Simian adenovirus 33, complete genome",585067,"Viruses","Preplasmiviricota","Tectiliviricetes","Rowavirales","Adenoviridae","Mastadenovirus","Human mastadenovirus B","Simian adenovirus 33","Simian adenovirus 33","QCMD5_Q5",12898543
"FJ025909.1",35592,669,6,0.025901472,0.0130695,"Simian adenovirus 27.1, complete genome",585083,"Viruses","Preplasmiviricota","Tectiliviricetes","Rowavirales","Adenoviridae","Mastadenovirus","Human mastadenovirus B","Simian adenovirus 27.1","Simian adenovirus 27.1","QCMD5_Q5",12898543
"FJ025910.1",35620,229,1,0.00645616,0.00217653,"Simian adenovirus 35.2, complete genome",585090,"Viruses","Preplasmiviricota","Tectiliviricetes","Rowavirales","Adenoviridae","Mastadenovirus","Human mastadenovirus B","Simian adenovirus 35.2","Simian adenovirus 35.2","QCMD5_Q5",12898543
"FJ025921.1",36635,13156,363,1.4239002,0.768192,"Simian adenovirus 37.1, complete genome",585091,"Viruses","Preplasmiviricota","Tectiliviricetes","Rowavirales","Adenoviridae","Mastadenovirus","Human mastadenovirus E","Simian adenovirus 37.1","Simian adenovirus 37.1","QCMD5_Q5",12898543
"FJ655418.1",1767,595,11,0.94186765,0.482631,"Porcine circovirus type 1/2a isolate FMV08-1114252, complete genome",720569,"Viruses","Cressdnaviricota","Arfiviricetes","Cirlivirales","Circoviridae","Circovirus","Porcine circovirus type 1/2a","unclassified Porcine circovirus type 1/2a subspecies/strain","unclassified Porcine circovirus type 1/2a strain","QCMD5_Q5",12898543
"FJ971077.1",8126,827,373,9.744483,3.5587,"Simian retrovirus 4 strain SRV4/TEX/2009/V1, complete genome",723802,"Viruses","Artverviricota","Revtraviricetes","Ortervirales","Retroviridae","Betaretrovirus","Simian retrovirus 4","unclassified Simian retrovirus 4 subspecies/strain","unclassified Simian retrovirus 4 strain","QCMD5_Q5",12898543
"FN824512.2",45480,156,1,0.09902934,0.00170466,"Pigeon adenovirus 1 complete genome, strain IDA4",764030,"Viruses","Preplasmiviricota","Tectiliviricetes","Rowavirales","Adenoviridae","Aviadenovirus","Pigeon aviadenovirus A","Pigeon adenovirus 1","Pigeon adenovirus 1","QCMD5_Q5",12898543
"GQ387499.1",5905,2252,18,0.45942658,0.236326,"Porcine parvovirus 4 clone 17 replicase, ORF3, and capsid genes, complete cds",707546,"Viruses","Cossaviricota","Quintoviricetes","Piccovirales","Parvoviridae","Copiparvovirus","Ungulate copiparvovirus 2","Porcine parvovirus 4","Porcine parvovirus 4","QCMD5_Q5",12898543
"GU937886.1",751,133,1,0.16638935,0.103233,"Caprine rotavirus A strain GO34 NSP4 protein (NSP4) gene, complete cds",204932,"Viruses","Duplornaviricota","Resentoviricetes","Reovirales","Sedoreoviridae","Rotavirus","Rotavirus A","Caprine rotavirus A","Caprine rotavirus A","QCMD5_Q5",12898543
"HM011560.1",4926,738,6,0.16603853,0.0944313,"Polyomavirus HPyV6 isolate 607a, complete genome",746830,"Viruses","Cossaviricota","Papovaviricetes","Sepolyvirales","Polyomaviridae","Deltapolyomavirus","Deltapolyomavirus sextihominis","Human polyomavirus 6","Human polyomavirus 6","QCMD5_Q5",12898543
"HM049560.1",35203,149,1,0.004250706,0.00220232,"Murine adenovirus 2 isolate K87, complete genome",931972,"Viruses","Preplasmiviricota","Tectiliviricetes","Rowavirales","Adenoviridae","Mastadenovirus","Murine mastadenovirus B","Murine adenovirus 2","Murine adenovirus 2","QCMD5_Q5",12898543
"HM145750.1",4944,1221,16,0.51314145,0.2509,"Bocavirus gorilla/GBoV1/2009, complete genome",864686,"Viruses","Cossaviricota","Quintoviricetes","Piccovirales","Parvoviridae","Bocaparvovirus","Primate bocaparvovirus 1","Bocavirus gorilla/GBoV1/2009","Bocavirus gorilla/GBoV1/2009","QCMD5_Q5",12898543
"HQ388348.2",5666,1675,18,0.4508702,0.246295,"Brassica yellows virus isolate BrYV-ABJ, complete genome",1046403,"Viruses","Pisuviricota","Pisoniviricetes","Sobelivirales","Solemoviridae","Polerovirus","Turnip yellows virus","Brassica yellows virus","Brassica yellows virus","QCMD5_Q5",12898543
"HQ913600.1",36838,181,1,0.004933493,0.00210457,"Titi monkey adenovirus ECC-2011, complete genome",994672,"Viruses","Preplasmiviricota","Tectiliviricetes","Rowavirales","Adenoviridae","Mastadenovirus","Platyrrhini mastadenovirus A","Titi monkey adenovirus ECC-2011","Titi monkey adenovirus ECC-2011","QCMD5_Q5",12898543
"JF304767.1",7664,119,238,11.063349,2.40758,"Saimiri sciureus papillomavirus type 3 isolate Mac2167.2, complete genome",990306,"Viruses","Cossaviricota","Papovaviricetes","Zurhausenvirales","Papillomaviridae","Dyoomikronpapillomavirus","Dyoomikronpapillomavirus 1","Saimiri sciureus papillomavirus 3","Saimiri sciureus papillomavirus 3","QCMD5_Q5",12898543
"JN254802.1",36711,15089,459,1.8202456,0.969339,"Chimpanzee adenovirus Y25, complete genome",1123958,"Viruses","Preplasmiviricota","Tectiliviricetes","Rowavirales","Adenoviridae","Mastadenovirus","Human mastadenovirus E","Chimpanzee adenovirus Y25","Chimpanzee adenovirus Y25","QCMD5_Q5",12898543
"JN880450.1",35726,168,0,0.0057904203,0,"Simian adenovirus A1173, complete genome",1159188,"Viruses","Preplasmiviricota","Tectiliviricetes","Rowavirales","Adenoviridae","Mastadenovirus","Simian adenovirus B","Simian adenovirus A1173","Simian adenovirus A1173","QCMD5_Q5",12898543
"JX027296.1",4822,450,3,0.09631849,0.048234,"Primate protoparvovirus 1 strain BF.86 NS1, putative VP1, hypothetical protein, and VP2 genes, complete cds",1511907,"Viruses","Cossaviricota","Quintoviricetes","Piccovirales","Parvoviridae","Protoparvovirus","Primate protoparvovirus 1","unclassified Primate protoparvovirus 1 subspecies/strain","unclassified Primate protoparvovirus 1 strain","QCMD5_Q5",12898543
"JX297512.1",11640,450,3,0.03916449,0.0199815,"Bovine viral diarrhea virus type 1b isolate 10270 polyprotein gene, complete cds",981676,"Viruses","Kitrinoviricota","Flasuviricetes","Amarillovirales","Flaviviridae","Pestivirus","Pestivirus A","Bovine viral diarrhea virus 1b","Bovine viral diarrhea virus 1b","QCMD5_Q5",12898543
"JX896321.1",5805,839,8,0.20795757,0.106843,"Porcine parvovirus 5 isolate IA469 clone 1, complete genome",1241957,"Viruses","Cossaviricota","Quintoviricetes","Piccovirales","Parvoviridae","Protoparvovirus","Porcine parvovirus 5","unclassified Porcine parvovirus 5 subspecies/strain","unclassified Porcine parvovirus 5 strain","QCMD5_Q5",12898543
"KC802221.1",15696,8068,82,0.7717741,0.405027,"Phocine distemper virus strain PDV/Wadden_Sea.NLD/1988, complete genome",11240,"Viruses","Negarnaviricota","Monjiviricetes","Mononegavirales","Paramyxoviridae","Morbillivirus","Phocine morbillivirus","unclassified Phocine morbillivirus subspecies/strain","unclassified Phocine morbillivirus strain","QCMD5_Q5",12898543
"KF360047.1",34163,31814,1413,6.1974835,3.20661,"UNVERIFIED: Simian adenovirus ch1 isolate SAdV-ch1 genomic sequence",1509400,"Viruses","Preplasmiviricota","Tectiliviricetes","Rowavirales","Adenoviridae","Mastadenovirus","Human mastadenovirus A","Simian adenovirus ch1","Simian adenovirus ch1","QCMD5_Q5",12898543
"KF533719.2",6944,180,1,0.022078304,0.0111648,"Carrot torradovirus 1 isolate CTV-1_RNA1_H6 polyprotein gene, complete cds",1425364,"Viruses","Pisuviricota","Pisoniviricetes","Picornavirales","Secoviridae","Torradovirus","Carrot torradovirus 1","unclassified Carrot torradovirus 1 subspecies/strain","unclassified Carrot torradovirus 1 strain","QCMD5_Q5",12898543
"KF703446.1",127320,866,32,0.09290713,0.0194856,"Retroperitoneal fibromatosis-associated herpesvirus isolate RFHVMnM78114, complete genome",111469,"Viruses","Peploviricota","Herviviricetes","Herpesvirales","Herpesviridae","Rhadinovirus","Macacine gammaherpesvirus 8","Retroperitoneal fibromatosis-associated herpesvirus","Retroperitoneal fibromatosis-associated herpesvirus","QCMD5_Q5",12898543
"KJ433989.1",3062,142,1,0.048763737,0.0253194,"Porcine stool-associated circular virus 5 isolate CP3, complete genome",1475063,"Viruses","Cressdnaviricota","Arfiviricetes","Cirlivirales","Circoviridae","unclassified Circoviridae genus","Porcine stool-associated circular virus 5","unclassified Porcine stool-associated circular virus 5 subspecies/strain","unclassified Porcine stool-associated circular virus 5 strain","QCMD5_Q5",12898543
"KJ541167.1",7371,300,5,0.09832433,0.05259,"Coxsackievirus A6 isolate 1232/SH/CHN/2010, complete genome",86107,"Viruses","Pisuviricota","Pisoniviricetes","Picornavirales","Picornaviridae","Enterovirus","Enterovirus A","Coxsackievirus A6","Coxsackievirus A6","QCMD5_Q5",12898543
"KJ541759.1",33452,200,26,0.24974476,0.0602574,"Ball python nidovirus strain 07-53, complete genome",1986118,"Viruses","Pisuviricota","Pisoniviricetes","Nidovirales","Tobaniviridae","Pregotovirus","Ball python nidovirus 1","unclassified Ball python nidovirus 1 subspecies/strain","unclassified Ball python nidovirus 1 strain","QCMD5_Q5",12898543
"KM269482.1",7875,173,3,0.22731392,0.0295345,"Encephalomyocarditis virus strain ATCC VR-129B, complete genome",12104,"Viruses","Pisuviricota","Pisoniviricetes","Picornavirales","Picornaviridae","Cardiovirus","Cardiovirus A","Encephalomyocarditis virus","Encephalomyocarditis virus","QCMD5_Q5",12898543
"KP175580.1",10485,175,126,1.6089017,0.931669,"Desmodus rotundus endogenous retrovirus isolate 824, complete genome",1622024,"Viruses","Artverviricota","Revtraviricetes","Ortervirales","Retroviridae","Betaretrovirus","Desmodus rotundus endogenous retrovirus","unclassified Desmodus rotundus endogenous retrovirus subspecies/strain","unclassified Desmodus rotundus endogenous retrovirus strain","QCMD5_Q5",12898543
"KP289357.1",7398,493,4,0.095474616,0.0419184,"Coxsackievirus A2 isolate CV-A2/P14/2013/China, complete genome",33757,"Viruses","Pisuviricota","Pisoniviricetes","Picornavirales","Picornaviridae","Enterovirus","Enterovirus A","Coxsackievirus A2","Coxsackievirus A2","QCMD5_Q5",12898543
"KP329566.1",35670,255,2,0.009684685,0.00434697,"Simian adenovirus 17 strain B-105, complete genome",1715779,"Viruses","Preplasmiviricota","Tectiliviricetes","Rowavirales","Adenoviridae","Mastadenovirus","Simian mastadenovirus F","Simian adenovirus 17","Simian adenovirus 17","QCMD5_Q5",12898543
"KT149397.1",2985,2345,2083,102.81164,54.1009,"Circovirus-like genome DCCV-4, complete genome",1788444,"Viruses","Cressdnaviricota","Arfiviricetes","Cirlivirales","Circoviridae","unclassified Circoviridae genus","Circovirus-like genome DCCV-4","unclassified Circovirus-like genome DCCV-4 subspecies/strain","unclassified Circovirus-like genome DCCV-4 strain","QCMD5_Q5",12898543
"KT149406.1",2433,1308,531,31.674112,16.9204,"Circovirus-like genome DCCV-13, complete genome",1788441,"Viruses","Cressdnaviricota","Arfiviricetes","Cirlivirales","Circoviridae","unclassified Circoviridae genus","Circovirus-like genome DCCV-13","unclassified Circovirus-like genome DCCV-13 subspecies/strain","unclassified Circovirus-like genome DCCV-13 strain","QCMD5_Q5",12898543
"KU172423.1",5254,1778,1387,39.67163,20.4666,"Bovine hokovirus 2 strain bovine hokovirus 2 strain BS-S13 nonstructural protein (NS1), minor capsid protein (VP1), and major capsid protein (VP2) genes, complete cds",1096141,"Viruses","Cossaviricota","Quintoviricetes","Piccovirales","Parvoviridae","Tetraparvovirus","Ungulate tetraparvovirus 1","Bovine hokovirus 2","Bovine hokovirus 2","QCMD5_Q5",12898543
"KU315178.1",5813,300,2,0.052975453,0.0266741,"Pepo aphid-borne yellows virus isolate RSA BB Marrow, complete genome",1462681,"Viruses","Pisuviricota","Pisoniviricetes","Sobelivirales","Solemoviridae","Polerovirus","Pepo aphid-borne yellows virus","unclassified Pepo aphid-borne yellows virus subspecies/strain","unclassified Pepo aphid-borne yellows virus strain","QCMD5_Q5",12898543
"KU351741.1",137448,275,19,0.07885767,0.010717,"Macaca nemestrina herpesvirus 7, complete genome",1846169,"Viruses","Peploviricota","Herviviricetes","Herpesvirales","Herpesviridae","Roseolovirus","Macacine betaherpesvirus 9","Macaca nemestrina herpesvirus 7","Macaca nemestrina herpesvirus 7","QCMD5_Q5",12898543
"KU605777.1",8126,637,615,10.873872,5.86756,"Simian retrovirus 8 strain SRV8/SUZ/2012, complete genome",1904439,"Viruses","Artverviricota","Revtraviricetes","Ortervirales","Retroviridae","Betaretrovirus","Simian retrovirus 8","unclassified Simian retrovirus 8 subspecies/strain","unclassified Simian retrovirus 8 strain","QCMD5_Q5",12898543
"KU727766.1",5166,133,10,0.12958533,0.150074,"Parus major densovirus isolate PmDNV-JL, complete genome",1907771,"Viruses","Cossaviricota","Quintoviricetes","Piccovirales","Parvoviridae","unclassified Parvoviridae genus","Parus major densovirus","unclassified Parus major densovirus subspecies/strain","unclassified Parus major densovirus strain","QCMD5_Q5",12898543
"KU749310.1",222832,226,4,0.266061,0.00139169,"Skunkpox virus strain WA, complete genome",160796,"Viruses","Nucleocytoviricota","Pokkesviricetes","Chitovirales","Poxviridae","Orthopoxvirus","Skunkpox virus","unclassified Skunkpox virus subspecies/strain","unclassified Skunkpox virus strain","QCMD5_Q5",12898543
"KU749311.1",217124,111,23,0.19005042,0.00821258,"Volepox virus strain CA, complete genome",28874,"Viruses","Nucleocytoviricota","Pokkesviricetes","Chitovirales","Poxviridae","Orthopoxvirus","Volepox virus","unclassified Volepox virus subspecies/strain","unclassified Volepox virus strain","QCMD5_Q5",12898543
"KU936049.1",137452,2314,95,1.429615,0.0535836,"Bubaline alphaherpesvirus 1 strain b6, complete genome",202910,"Viruses","Peploviricota","Herviviricetes","Herpesvirales","Herpesviridae","Varicellovirus","Bubaline alphaherpesvirus 1","unclassified Bubaline alphaherpesvirus 1 subspecies/strain","unclassified Bubaline alphaherpesvirus 1 strain","QCMD5_Q5",12898543
"KY019139.2",5371,153,65,1.7241907,0.938248,"Bosavirus MS-2016a, complete genome",1917013,"Viruses","Cossaviricota","Quintoviricetes","Piccovirales","Parvoviridae","Copiparvovirus","Ungulate copiparvovirus 5","Bosavirus MS-2016a","Bosavirus MS-2016a","QCMD5_Q5",12898543
"KY040274.1",192183,479,6,0.3107747,0.00242045,"Molluscum contagiosum virus subtype 2 isolate Madrid 2016_1, complete genome",10281,"Viruses","Nucleocytoviricota","Pokkesviricetes","Chitovirales","Poxviridae","Molluscipoxvirus","Molluscum contagiosum virus","Molluscum contagiosum virus subtype 2","Molluscum contagiosum virus subtype 2","QCMD5_Q5",12898543
"KY040275.1",188253,714,35,0.07919597,0.014414,"Molluscum contagiosum virus subtype 1 isolate Madrid 2016_3, complete genome",10280,"Viruses","Nucleocytoviricota","Pokkesviricetes","Chitovirales","Poxviridae","Molluscipoxvirus","Molluscum contagiosum virus","Molluscum contagiosum virus subtype 1","Molluscum contagiosum virus subtype 1","QCMD5_Q5",12898543
"KY214434.1",3081,125,1,0.04128284,0.0251633,"Porcine stool-associated circular virus/BEL/15V010 isolate 15V010, complete genome",2017724,"Viruses","Cressdnaviricota","Arfiviricetes","Cirlivirales","Circoviridae","unclassified Circoviridae genus","Porcine stool-associated circular virus/BEL/15V010","unclassified Porcine stool-associated circular virus/BEL/15V010 subspecies/strain","unclassified Porcine stool-associated circular virus/BEL/15V010 strain","QCMD5_Q5",12898543
"KY215944.1",135301,955,363,0.7215559,0.208001,"Bovine alphaherpesvirus 1 isolate 216 II, complete genome",10320,"Viruses","Peploviricota","Herviviricetes","Herpesvirales","Herpesviridae","Varicellovirus","Bovine alphaherpesvirus 1","unclassified Bovine alphaherpesvirus 1 subspecies/strain","unclassified Bovine alphaherpesvirus 1 strain","QCMD5_Q5",12898543
"KY385637.1",147346,175,0,0.0028873067,0,"Ateline alphaherpesvirus 1 isolate Lennette, complete genome",35243,"Viruses","Peploviricota","Herviviricetes","Herpesvirales","Herpesviridae","Simplexvirus","Ateline alphaherpesvirus 1","unclassified Ateline alphaherpesvirus 1 subspecies/strain","unclassified Ateline alphaherpesvirus 1 strain","QCMD5_Q5",12898543
"KY490071.1",235397,101944,402611,255.93454,132.6,"Human betaherpesvirus 5 strain HANChild1, complete genome",10359,"Viruses","Peploviricota","Herviviricetes","Herpesvirales","Herpesviridae","Cytomegalovirus","Human betaherpesvirus 5","unclassified Human betaherpesvirus 5 subspecies/strain","unclassified Human betaherpesvirus 5 strain","QCMD5_Q5",12898543
"KY549446.1",137712,667,9,0.6273753,0.00506676,"Bovine alphaherpesvirus 5 strain ISO 97/45, complete genome",35244,"Viruses","Peploviricota","Herviviricetes","Herpesvirales","Herpesviridae","Varicellovirus","Bovine alphaherpesvirus 5","unclassified Bovine alphaherpesvirus 5 subspecies/strain","unclassified Bovine alphaherpesvirus 5 strain","QCMD5_Q5",12898543
"KY581736.1",4872,548,9,0.31406185,0.143217,"Gorilla bocaparvovirus 2 isolate GBOV2/GAB1, partial genome",1986196,"Viruses","Cossaviricota","Quintoviricetes","Piccovirales","Parvoviridae","Bocaparvovirus","Primate bocaparvovirus 2","Gorilla bocaparvovirus 2","Gorilla bocaparvovirus 2","QCMD5_Q5",12898543
"KY628971.1",155462,110,0,0.0034382404,0,"Macacine alphaherpesvirus 1 isolate 12930, complete genome",10325,"Viruses","Peploviricota","Herviviricetes","Herpesvirales","Herpesviridae","Simplexvirus","Macacine alphaherpesvirus 1","unclassified Macacine alphaherpesvirus 1 subspecies/strain","unclassified Macacine alphaherpesvirus 1 strain","QCMD5_Q5",12898543
"L23427.1",5075,1828,19,0.5715736,0.290253,"Porcine parvovirus (NADL-2) DNA fragment encoding PT4 and PT40",10796,"Viruses","Cossaviricota","Quintoviricetes","Piccovirales","Parvoviridae","Protoparvovirus","Ungulate protoparvovirus 1","Porcine parvovirus","Porcine parvovirus","QCMD5_Q5",12898543
"LC075584.1",144636,131,1,0.0016195341,0.000536022,"Equid alphaherpesvirus 4 DNA, complete genome, strain: 01-10-1",10331,"Viruses","Peploviricota","Herviviricetes","Herpesvirales","Herpesviridae","Varicellovirus","Equid alphaherpesvirus 4","unclassified Equid alphaherpesvirus 4 subspecies/strain","unclassified Equid alphaherpesvirus 4 strain","QCMD5_Q5",12898543
"LR027540.1",7398,558,5,0.105546355,0.052398,"Coxsackievirus A7 isolate CV-A7|37183|TKM|2010 genome assembly, complete genome: monopartite",42787,"Viruses","Pisuviricota","Pisoniviricetes","Picornavirales","Picornaviridae","Enterovirus","Enterovirus A","Coxsackievirus A7","Coxsackievirus A7","QCMD5_Q5",12898543
"LT594108.1",151216,697,4,0.0046138773,0.00205079,"Human herpesvirus 1 isolate 1319_2005 genome assembly, complete genome: monopartite",10298,"Viruses","Peploviricota","Herviviricetes","Herpesvirales","Herpesviridae","Simplexvirus","Human alphaherpesvirus 1","unclassified Human alphaherpesvirus 1 subspecies/strain","unclassified Human alphaherpesvirus 1 strain","QCMD5_Q5",12898543
"LT797627.1",138912,5880,48,0.052175667,0.0267893,"Human herpesvirus 2 isolate 1 genome assembly, complete genome: monopartite",10310,"Viruses","Peploviricota","Herviviricetes","Herpesvirales","Herpesviridae","Simplexvirus","Human alphaherpesvirus 2","unclassified Human alphaherpesvirus 2 subspecies/strain","unclassified Human alphaherpesvirus 2 strain","QCMD5_Q5",12898543
"M22820.1",4901,125,19,0.49947378,0.300558,"Snyder-Theilen feline sarcoma virus genomic sequence, sequence",11780,"Viruses","Artverviricota","Revtraviricetes","Ortervirales","Retroviridae","Gammaretrovirus","Snyder-Theilen feline sarcoma virus","unclassified Snyder-Theilen feline sarcoma virus subspecies/strain","unclassified Snyder-Theilen feline sarcoma virus strain","QCMD5_Q5",12898543
"MF327535.1",7676,115,0,1.5402604,0,"Ailuropoda melanoleuca papillomavirus 1 strain gpam001, complete genome",2016454,"Viruses","Cossaviricota","Papovaviricetes","Zurhausenvirales","Papillomaviridae","Omegapapillomavirus","Omegapapillomavirus 1","Ailuropoda melanoleuca papillomavirus 1","Ailuropoda melanoleuca papillomavirus 1","QCMD5_Q5",12898543
"MG212485.1",7395,799,16,0.31608006,0.167742,"Enterovirus A isolate 13688, complete genome",138948,"Viruses","Pisuviricota","Pisoniviricetes","Picornavirales","Picornaviridae","Enterovirus","Enterovirus A","unclassified Enterovirus A subspecies/strain","unclassified Enterovirus A strain","QCMD5_Q5",12898543
"MG543471.1",3999,457,4,0.17199272,0.0775475,"Porcine parvovirus 7 isolate GX49, complete genome",1820046,"Viruses","Cossaviricota","Quintoviricetes","Piccovirales","Parvoviridae","Chaphamaparvovirus","Ungulate chaphamaparvovirus 1","Porcine parvovirus 7","Porcine parvovirus 7","QCMD5_Q5",12898543
"MG712775.1",44454,130,0,0.3313922,0,"Fowl adenovirus 8b isolate SD1356, complete genome",586029,"Viruses","Preplasmiviricota","Tectiliviricetes","Rowavirales","Adenoviridae","Aviadenovirus","Fowl aviadenovirus E","Fowl adenovirus 8b","Fowl adenovirus 8b","QCMD5_Q5",12898543
"MG972981.1",5759,825,3077,70.57604,41.4228,"Ungulate copiparvovirus 1 strain QQHE16, complete genome",1511889,"Viruses","Cossaviricota","Quintoviricetes","Piccovirales","Parvoviridae","Copiparvovirus","Ungulate copiparvovirus 1","unclassified Ungulate copiparvovirus 1 subspecies/strain","unclassified Ungulate copiparvovirus 1 strain","QCMD5_Q5",12898543
"MH036942.1",138199,960,11,0.47148475,0.00617088,"Cervid alphaherpesvirus 1 strain Anlier, complete genome",79891,"Viruses","Peploviricota","Herviviricetes","Herpesvirales","Herpesviridae","Varicellovirus","Cervid alphaherpesvirus 1","unclassified Cervid alphaherpesvirus 1 subspecies/strain","unclassified Cervid alphaherpesvirus 1 strain","QCMD5_Q5",12898543
"MH036943.1",142633,1294,3000,3.102265,1.63065,"Cervid alphaherpesvirus 2 strain Norway, complete genome",365327,"Viruses","Peploviricota","Herviviricetes","Herpesvirales","Herpesviridae","Varicellovirus","Cervid alphaherpesvirus 2","unclassified Cervid alphaherpesvirus 2 subspecies/strain","unclassified Cervid alphaherpesvirus 2 strain","QCMD5_Q5",12898543
"MH144598.1",7375,150,2,0.04152249,0.0210246,"Enterovirus B79 strain 17-2255-1_E79, complete genome",2760813,"Viruses","Pisuviricota","Pisoniviricetes","Picornavirales","Picornaviridae","Enterovirus","Enterovirus B","enterovirus B79","enterovirus B79","QCMD5_Q5",12898543
"MH144605.1",7441,137,1,0.01879029,0.010419,"Echovirus E9 strain 11-2042-1, complete genome",12060,"Viruses","Pisuviricota","Pisoniviricetes","Picornavirales","Picornaviridae","Enterovirus","Enterovirus B","Echovirus E9","Echovirus E9","QCMD5_Q5",12898543
"MH698402.1",162076,3474,741,0.62733597,0.354453,"Human betaherpesvirus 6B strain GTEX-OXRO_icihv6b, complete genome",32604,"Viruses","Peploviricota","Herviviricetes","Herpesvirales","Herpesviridae","Roseolovirus","Human betaherpesvirus 6B","unclassified Human betaherpesvirus 6B subspecies/strain","unclassified Human betaherpesvirus 6B strain","QCMD5_Q5",12898543
"MN205539.1",137429,852,2157,2.093037,1.21683,"UNVERIFIED: Human gammaherpesvirus 8 strain BCBL-1, complete genome",37296,"Viruses","Peploviricota","Herviviricetes","Herpesvirales","Herpesviridae","Rhadinovirus","Human gammaherpesvirus 8","unclassified Human gammaherpesvirus 8 subspecies/strain","unclassified Human gammaherpesvirus 8 strain","QCMD5_Q5",12898543
"MN240300.1",210797,2073,15,0.08578807,0.00551679,"Alaskapox virus isolate Alaska_2015, complete genome",2602439,"Viruses","Nucleocytoviricota","Pokkesviricetes","Chitovirales","Poxviridae","Orthopoxvirus","Alaskapox virus","unclassified Alaskapox virus subspecies/strain","unclassified Alaskapox virus strain","QCMD5_Q5",12898543
"MN244297.1",221153,20298,217,0.15225133,0.0760722,"Akhmeta virus strain A39, complete genome",2200830,"Viruses","Nucleocytoviricota","Pokkesviricetes","Chitovirales","Poxviridae","Orthopoxvirus","Akhmeta virus","unclassified Akhmeta virus subspecies/strain","unclassified Akhmeta virus strain","QCMD5_Q5",12898543
"NC_001664.4",159378,968,456,0.37870225,0.221818,"Human betaherpesvirus 6A, variant A DNA, complete virion genome, isolate U1102",32603,"Viruses","Peploviricota","Herviviricetes","Herpesvirales","Herpesviridae","Roseolovirus","Human betaherpesvirus 6A","unclassified Human betaherpesvirus 6A subspecies/strain","unclassified Human betaherpesvirus 6A strain","QCMD5_Q5",12898543
"NC_001716.2",153080,2726,114,0.084973514,0.0577359,"Human herpesvirus 7, complete genome",10372,"Viruses","Peploviricota","Herviviricetes","Herpesvirales","Herpesviridae","Roseolovirus","Human betaherpesvirus 7","unclassified Human betaherpesvirus 7 subspecies/strain","unclassified Human betaherpesvirus 7 strain","QCMD5_Q5",12898543
"NC_001987.1",108409,293,35,0.15465689,0.0250301,"Ateline herpesvirus 3 complete genome",85618,"Viruses","Peploviricota","Herviviricetes","Herpesvirales","Herpesviridae","Rhadinovirus","Ateline gammaherpesvirus 3","unclassified Ateline gammaherpesvirus 3 subspecies/strain","unclassified Ateline gammaherpesvirus 3 strain","QCMD5_Q5",12898543
"NC_002665.1",108873,1476,675,0.89842075,0.480665,"Bovine herpesvirus 4 long unique region, complete sequence",10385,"Viruses","Peploviricota","Herviviricetes","Herpesvirales","Herpesviridae","Rhadinovirus","Bovine gammaherpesvirus 4","unclassified Bovine gammaherpesvirus 4 subspecies/strain","unclassified Bovine gammaherpesvirus 4 strain","QCMD5_Q5",12898543
"NC_006151.1",143461,498,0,0.19046688,0,"Suid herpesvirus 1, complete genome",10345,"Viruses","Peploviricota","Herviviricetes","Herpesvirales","Herpesviridae","Varicellovirus","Suid alphaherpesvirus 1","unclassified Suid alphaherpesvirus 1 subspecies/strain","unclassified Suid alphaherpesvirus 1 strain","QCMD5_Q5",12898543
"NC_006560.1",150715,1406,81,0.42294025,0.0416666,"Cercopithecine herpesvirus 2, complete genome",10317,"Viruses","Peploviricota","Herviviricetes","Herpesvirales","Herpesviridae","Simplexvirus","Cercopithecine alphaherpesvirus 2","unclassified Cercopithecine alphaherpesvirus 2 subspecies/strain","unclassified Cercopithecine alphaherpesvirus 2 strain","QCMD5_Q5",12898543
"NC_007653.1",156487,1415,34,0.08591696,0.0168446,"Papiine herpesvirus 2, complete genome",340907,"Viruses","Peploviricota","Herviviricetes","Herpesvirales","Herpesviridae","Simplexvirus","Papiine alphaherpesvirus 2","unclassified Papiine alphaherpesvirus 2 subspecies/strain","unclassified Papiine alphaherpesvirus 2 strain","QCMD5_Q5",12898543
"NC_009334.1",172764,806,33,0.23987626,0.0148088,"Human herpesvirus 4, complete genome",12509,"Viruses","Peploviricota","Herviviricetes","Herpesvirales","Herpesviridae","Lymphocryptovirus","Human gammaherpesvirus 4","Human herpesvirus 4 type 2","Human herpesvirus 4 type 2","QCMD5_Q5",12898543
"NC_012783.2",226205,155,10,0.012682755,0.00342734,"Cercopithecine herpesvirus 5 strain 2715, complete genome",50292,"Viruses","Peploviricota","Herviviricetes","Herpesvirales","Herpesviridae","Cytomegalovirus","Cercopithecine betaherpesvirus 5","unclassified Cercopithecine betaherpesvirus 5 subspecies/strain","unclassified Cercopithecine betaherpesvirus 5 strain","QCMD5_Q5",12898543
"NC_014567.1",156742,831,11,0.21762286,0.00544085,"Saimiriine herpesvirus 1, complete genome",10353,"Viruses","Peploviricota","Herviviricetes","Herpesvirales","Herpesviridae","Simplexvirus","Saimiriine alphaherpesvirus 1","unclassified Saimiriine alphaherpesvirus 1 subspecies/strain","unclassified Saimiriine alphaherpesvirus 1 strain","QCMD5_Q5",12898543
"NC_016448.1",196691,142,0,0.004736925,0,"Saimiriine herpesvirus 4 strain SqSHV, complete genome",1535247,"Viruses","Peploviricota","Herviviricetes","Herpesvirales","Herpesviridae","Cytomegalovirus","Saimiriine betaherpesvirus 4","unclassified Saimiriine betaherpesvirus 4 subspecies/strain","unclassified Saimiriine betaherpesvirus 4 strain","QCMD5_Q5",12898543
"NC_023677.1",153158,838,6,0.4702434,0.00303718,"Chimpanzee alpha-1 herpesvirus strain 105640, complete genome",332937,"Viruses","Peploviricota","Herviviricetes","Herpesvirales","Herpesviridae","Simplexvirus","Panine alphaherpesvirus 3","Chimpanzee herpesvirus strain 105640","Chimpanzee herpesvirus strain 105640","QCMD5_Q5",12898543
"NC_024771.1",151601,246,132,0.11035252,0.0675043,"Equid herpesvirus 3 strain AR/2007/C3A, complete genome",80341,"Viruses","Peploviricota","Herviviricetes","Herpesvirales","Herpesviridae","Varicellovirus","Equid alphaherpesvirus 3","unclassified Equid alphaherpesvirus 3 subspecies/strain","unclassified Equid alphaherpesvirus 3 strain","QCMD5_Q5",12898543
"U63479.1",12247,886,7,0.08597173,0.0443126,"Bovine viral diarrhea virus 1-CP7 polyprotein gene, complete cds",268305,"Viruses","Kitrinoviricota","Flasuviricetes","Amarillovirales","Flaviviridae","Pestivirus","Pestivirus A","Bovine viral diarrhea virus 1-CP7","Bovine viral diarrhea virus 1-CP7","QCMD5_Q5",12898543
"U89790.1",4767,679,39,1.2295864,0.634277,"Adeno-associated virus 4, complete genome",57579,"Viruses","Cossaviricota","Quintoviricetes","Piccovirales","Parvoviridae","Dependoparvovirus","Adeno-associated dependoparvovirus A","Adeno-associated virus - 4","Adeno-associated virus - 4","QCMD5_Q5",12898543
"V01201.1",5779,203,23,0.5802096,0.308556,"Simian sarcoma virus proviral sequence with genes coding for envelope protein (env) and polymerase (pol)",11970,"Viruses","Artverviricota","Revtraviricetes","Ortervirales","Retroviridae","Gammaretrovirus","Woolly monkey sarcoma virus","unclassified Woolly monkey sarcoma virus subspecies/strain","unclassified Woolly monkey sarcoma virus strain","QCMD5_Q5",12898543
"X03711.1",2473,125,1,0.05380973,0.0313498,"Hardy-Zuckermann 4 feline sarcoma virus (H24-FeSV) kit oncogene",11777,"Viruses","Artverviricota","Revtraviricetes","Ortervirales","Retroviridae","Gammaretrovirus","Hardy-Zuckerman feline sarcoma virus","Feline sarcoma virus (STRAIN HARDY-ZUCKERMAN 4)","Feline sarcoma virus (STRAIN HARDY-ZUCKERMAN 4)","QCMD5_Q5",12898543
"X13063.1",5641,2021,64,1.6621745,0.879596,"Turnip yellows virus (BWYV-FL1) genomic RNA",131083,"Viruses","Pisuviricota","Pisoniviricetes","Sobelivirales","Solemoviridae","Polerovirus","Turnip yellows virus","unclassified Turnip yellows virus subspecies/strain","unclassified Turnip yellows virus strain","QCMD5_Q5",12898543
"X83110.1",5722,211,1,0.047918163,0.0135491,"Beet mild yellowing virus genomic RNA",156690,"Viruses","Pisuviricota","Pisoniviricetes","Sobelivirales","Solemoviridae","Polerovirus","Beet mild yellowing virus","unclassified Beet mild yellowing virus subspecies/strain","unclassified Beet mild yellowing virus strain","QCMD5_Q5",12898543
"MW722956.1",43739,134,0,0.014086123,0,"Duck adenovirus 2 isolate GD, complete genome",1520006,"Viruses","Preplasmiviricota","Tectiliviricetes","Rowavirales","Adenoviridae","Aviadenovirus","Duck aviadenovirus B","Duck adenovirus 2","Duck adenovirus 2","QCMD5_Q5",12898543
"KF764701.1",2853,150,2,0.103218645,0.0543485,"TTV-like mini virus isolate D11, complete genome",93678,"Viruses","unclassified Viruses phylum","unclassified Viruses class","unclassified Viruses order","Anelloviridae","Betatorquevirus","TTV-like mini virus","unclassified TTV-like mini virus subspecies/strain","unclassified TTV-like mini virus strain","QCMD5_Q5",12898543
"AY421762.1",7434,165,13,0.26235583,0.135575,"Human coxsackievirus A4 strain High Point, complete genome",42785,"Viruses","Pisuviricota","Pisoniviricetes","Picornavirales","Picornaviridae","Enterovirus","Enterovirus A","Coxsackievirus A4","Coxsackievirus A4","QCMD5_Q5",12898543
"AY302549.1",7426,123,2,0.033672348,0.0208802,"Human echovirus 25 strain JV-4 complete genome",45101,"Viruses","Pisuviricota","Pisoniviricetes","Picornavirales","Picornaviridae","Enterovirus","Enterovirus B","Echovirus E25","Echovirus E25","QCMD5_Q5",12898543
"AF530576.1",9017,134,1,0.015112214,0.008598,"HIV-1 isolate 99TH.R2399 subtype CRF15_01B from Thailand, complete genome",11676,"Viruses","Artverviricota","Revtraviricetes","Ortervirales","Retroviridae","Lentivirus","Human immunodeficiency virus 1","unclassified Human immunodeficiency virus 1 subspecies/strain","unclassified Human immunodeficiency virus 1 strain","QCMD5_Q5",12898543
"AY037281.1",8808,150,1,0.017325018,0.00880201,"HIV-1 isolate ARMA038 from Argentina gag protein (gag) and pol protein (pol) genes, partial cds; and vif protein (vif), vpr protein (vpr), tat protein (tat), rev protein (rev), vpu protein (vpu), envelope glycoprotein (env), and nef protein (nef) genes, complete cds",11676,"Viruses","Artverviricota","Revtraviricetes","Ortervirales","Retroviridae","Lentivirus","Human immunodeficiency virus 1","unclassified Human immunodeficiency virus 1 subspecies/strain","unclassified Human immunodeficiency virus 1 strain","QCMD5_Q5",12898543
"AY173951.1",8996,150,1,0.016956817,0.00861807,"HIV-1 isolate BK132 from Thailand, complete genome",11676,"Viruses","Artverviricota","Revtraviricetes","Ortervirales","Retroviridae","Lentivirus","Human immunodeficiency virus 1","unclassified Human immunodeficiency virus 1 subspecies/strain","unclassified Human immunodeficiency virus 1 strain","QCMD5_Q5",12898543
"AY331295.1",8834,286,4,0.06632888,0.0351044,"HIV-1 isolate 1058-11 from USA, partial genome",11676,"Viruses","Artverviricota","Revtraviricetes","Ortervirales","Retroviridae","Lentivirus","Human immunodeficiency virus 1","unclassified Human immunodeficiency virus 1 subspecies/strain","unclassified Human immunodeficiency virus 1 strain","QCMD5_Q5",12898543
"DQ085874.1",8890,173,1,0.01979405,0.00872083,"HIV-1 isolate BREPM12817 from Brazil, complete genome",11676,"Viruses","Artverviricota","Revtraviricetes","Ortervirales","Retroviridae","Lentivirus","Human immunodeficiency virus 1","unclassified Human immunodeficiency virus 1 subspecies/strain","unclassified Human immunodeficiency virus 1 strain","QCMD5_Q5",12898543
"DQ853463.1",9210,366,8,0.13245033,0.0673426,"HIV-1 isolate 15384.1 from USA, complete genome",11676,"Viruses","Artverviricota","Revtraviricetes","Ortervirales","Retroviridae","Lentivirus","Human immunodeficiency virus 1","unclassified Human immunodeficiency virus 1 subspecies/strain","unclassified Human immunodeficiency virus 1 strain","QCMD5_Q5",12898543
"KC522033.1",8914,121,1,0.013806481,0.00869735,"HIV-1 isolate 11MY1RJ704 from Malaysia, complete genome",11676,"Viruses","Artverviricota","Revtraviricetes","Ortervirales","Retroviridae","Lentivirus","Human immunodeficiency virus 1","unclassified Human immunodeficiency virus 1 subspecies/strain","unclassified Human immunodeficiency virus 1 strain","QCMD5_Q5",12898543
"KJ849778.1",9011,127,1,0.014332468,0.00860372,"HIV-1 isolate 10BR_PE092 from Brazil gag protein (gag), pol protein (pol), vif protein (vif), vpr protein (vpr), tat protein (tat), rev protein (rev), vpu protein (vpu), envelope glycoprotein (env), and nef protein (nef) genes, complete cds",11676,"Viruses","Artverviricota","Revtraviricetes","Ortervirales","Retroviridae","Lentivirus","Human immunodeficiency virus 1","unclassified Human immunodeficiency virus 1 subspecies/strain","unclassified Human immunodeficiency virus 1 strain","QCMD5_Q5",12898543
"M17451.1",9128,273,2,0.030073512,0.0169869,"Human immunodeficiency virus type 1, isolate RF (HAT-3), complete genome",11676,"Viruses","Artverviricota","Revtraviricetes","Ortervirales","Retroviridae","Lentivirus","Human immunodeficiency virus 1","unclassified Human immunodeficiency virus 1 subspecies/strain","unclassified Human immunodeficiency virus 1 strain","QCMD5_Q5",12898543
"KF716496.1",8846,278,8,0.1175253,0.0701136,"HIV-1 isolate DEMB11FR001 from France gag protein (gag) gene, complete cds; pol protein (pol) gene, partial cds; and vif protein (vif), vpr protein (vpr), tat protein (tat), rev protein (rev), vpu protein (vpu), envelope glycoprotein (env), and nef protein (nef) genes, complete cds",11676,"Viruses","Artverviricota","Revtraviricetes","Ortervirales","Retroviridae","Lentivirus","Human immunodeficiency virus 1","unclassified Human immunodeficiency virus 1 subspecies/strain","unclassified Human immunodeficiency virus 1 strain","QCMD5_Q5",12898543
"KP411828.1",8813,135,1,0.015583516,0.00879702,"HIV-1 isolate SE600057 from Sweden gag protein (gag) gene, complete cds; pol protein (pol) gene, partial cds; vif protein (vif), vpr protein (vpr), tat protein (tat), and rev protein (rev) genes, complete cds; nonfunctional vpu protein (vpu) gene, complete sequence; and envelope glycoprotein (env) and nef protein (nef) genes, complete cds",11676,"Viruses","Artverviricota","Revtraviricetes","Ortervirales","Retroviridae","Lentivirus","Human immunodeficiency virus 1","unclassified Human immunodeficiency virus 1 subspecies/strain","unclassified Human immunodeficiency virus 1 strain","QCMD5_Q5",12898543
"D00835.1",11443,403,796,9.40016,5.39303,"Human immunodeficiency virus 2 proviral DNA, complete genome",11709,"Viruses","Artverviricota","Revtraviricetes","Ortervirales","Retroviridae","Lentivirus","Human immunodeficiency virus 2","unclassified Human immunodeficiency virus 2 subspecies/strain","unclassified Human immunodeficiency virus 2 strain","QCMD5_Q5",12898543
"EU170151.1",9126,300,2,0.03342246,0.0169906,"HIV-1 isolate luBF_01.03 from Luxembourg, partial genome",11676,"Viruses","Artverviricota","Revtraviricetes","Ortervirales","Retroviridae","Lentivirus","Human immunodeficiency virus 1","unclassified Human immunodeficiency virus 1 subspecies/strain","unclassified Human immunodeficiency virus 1 strain","QCMD5_Q5",12898543
"OM460002.1",220276,76173,1214,0.8301564,0.427278,"Cowpox virus isolate No-H2, complete genome",10243,"Viruses","Nucleocytoviricota","Pokkesviricetes","Chitovirales","Poxviridae","Orthopoxvirus","Cowpox virus","unclassified Cowpox virus subspecies/strain","unclassified Cowpox virus strain","QCMD5_Q5",12898543
"MG012796.1",194711,4479,28,0.025107807,0.0111488,"Vaccinia virus isolate CEyV2, complete genome",10245,"Viruses","Nucleocytoviricota","Pokkesviricetes","Chitovirales","Poxviridae","Orthopoxvirus","Vaccinia virus","unclassified Vaccinia virus subspecies/strain","unclassified Vaccinia virus strain","QCMD5_Q5",12898543
"GQ329670.1",145289,194,4,0.26107386,0.00213445,"Pseudocowpox virus strain VR634, complete genome",129726,"Viruses","Nucleocytoviricota","Pokkesviricetes","Chitovirales","Poxviridae","Parapoxvirus","Pseudocowpox virus","unclassified Pseudocowpox virus subspecies/strain","unclassified Pseudocowpox virus strain","QCMD5_Q5",12898543
"KM875470.1",136055,225,18,0.12250469,0.0102569,"Bovine papular stomatitis virus strain BV-TX09c15, complete genome",129727,"Viruses","Nucleocytoviricota","Pokkesviricetes","Chitovirales","Poxviridae","Parapoxvirus","Bovine papular stomatitis virus","unclassified Bovine papular stomatitis virus subspecies/strain","unclassified Bovine papular stomatitis virus strain","QCMD5_Q5",12898543
"LT907991.1",12681,322,8,0.11347857,0.0489098,"Bovine viral diarrhea virus 1 isolate VE_138cp_05 genome assembly, complete genome: monopartite",11099,"Viruses","Kitrinoviricota","Flasuviricetes","Amarillovirales","Flaviviridae","Pestivirus","Pestivirus A","Bovine viral diarrhea virus 1","Bovine viral diarrhea virus 1","QCMD5_Q5",12898543
"MG800833.2",5810,300,2,0.053003535,0.0266878,"Pumpkin polerovirus isolate PuPV, complete genome",2518373,"Viruses","Pisuviricota","Pisoniviricetes","Sobelivirales","Solemoviridae","Polerovirus","Pumpkin polerovirus","unclassified Pumpkin polerovirus subspecies/strain","unclassified Pumpkin polerovirus strain","QCMD5_Q5",12898543
"MF351889.1",32399,164,0,0.13479488,0,"Morelia viridis nidovirus strain S14-1323_MVNV, complete genome",2016400,"Viruses","Pisuviricota","Pisoniviricetes","Nidovirales","Tobaniviridae","Pregotovirus","Pregotovirus heba","Morelia viridis nidovirus","Morelia viridis nidovirus","QCMD5_Q5",12898543
"KY628968.1",157447,292,0,0.20477186,0,"Macacine alphaherpesvirus 1 isolate 8100812, complete genome",10325,"Viruses","Peploviricota","Herviviricetes","Herpesvirales","Herpesviridae","Simplexvirus","Macacine alphaherpesvirus 1","unclassified Macacine alphaherpesvirus 1 subspecies/strain","unclassified Macacine alphaherpesvirus 1 strain","QCMD5_Q5",12898543
"KY628970.1",157321,390,1,0.0085066585,0.000492802,"Macacine alphaherpesvirus 1 isolate KQ, complete genome",10325,"Viruses","Peploviricota","Herviviricetes","Herpesvirales","Herpesviridae","Simplexvirus","Macacine alphaherpesvirus 1","unclassified Macacine alphaherpesvirus 1 subspecies/strain","unclassified Macacine alphaherpesvirus 1 strain","QCMD5_Q5",12898543
"MT862163.1",131245,336,39,0.86490715,0.0230378,"Bovine alphaherpesvirus 2 strain C1Z FZR",10295,"Viruses","Peploviricota","Herviviricetes","Herpesvirales","Herpesviridae","Simplexvirus","Bovine alphaherpesvirus 2","unclassified Bovine alphaherpesvirus 2 subspecies/strain","unclassified Bovine alphaherpesvirus 2 strain","QCMD5_Q5",12898543
"LS480640.1",155503,23030,198,0.26358035,0.0987156,"Human alphaherpesvirus 2 isolate 333 genome assembly, chromosome: I",10310,"Viruses","Peploviricota","Herviviricetes","Herpesvirales","Herpesviridae","Simplexvirus","Human alphaherpesvirus 2","unclassified Human alphaherpesvirus 2 subspecies/strain","unclassified Human alphaherpesvirus 2 strain","QCMD5_Q5",12898543
"MF678601.1",144144,161,0,0.0012917205,0,"Beluga whale alphaherpesvirus 1 strain LN3131-1",1434720,"Viruses","Peploviricota","Herviviricetes","Herpesvirales","Herpesviridae","Varicellovirus","Monodontid alphaherpesvirus 1","Beluga whale alphaherpesvirus 1","Beluga whale alphaherpesvirus 1","QCMD5_Q5",12898543
"MG989243.1",134617,464,0,0.04416697,0,"Caprine alphaherpesvirus 1 strain JSHA1405",39944,"Viruses","Peploviricota","Herviviricetes","Herpesvirales","Herpesviridae","Varicellovirus","Caprine alphaherpesvirus 1","unclassified Caprine alphaherpesvirus 1 subspecies/strain","unclassified Caprine alphaherpesvirus 1 strain","QCMD5_Q5",12898543
"KT280503.1",7332,1828,18,0.35630745,0.0620432,"Enterovirus D68 isolate 2011-21186, complete genome",42789,"Viruses","Pisuviricota","Pisoniviricetes","Picornavirales","Picornaviridae","Enterovirus","Enterovirus D","enterovirus D68","enterovirus D68","QCMD6_Q6",39569079
"GU191019.1",34177,5509,47,0.22276427,0.0347543,"Human adenovirus 18 isolate D.C., complete genome",10528,"Viruses","Preplasmiviricota","Tectiliviricetes","Rowavirales","Adenoviridae","Mastadenovirus","Human mastadenovirus A","Human adenovirus 18","Human adenovirus 18","QCMD6_Q6",39569079
"MH355567.1",35217,520,33,0.1402173,0.0236813,"Human adenovirus 7 strain BJ/CHN/2018, complete genome",10519,"Viruses","Preplasmiviricota","Tectiliviricetes","Rowavirales","Adenoviridae","Mastadenovirus","Human mastadenovirus B","Human adenovirus 7","Human adenovirus 7","QCMD6_Q6",39569079
"NC_001611.1",185578,14344,116,0.09654421,0.015797,"Variola virus, complete genome",10255,"Viruses","Nucleocytoviricota","Pokkesviricetes","Chitovirales","Poxviridae","Orthopoxvirus","Variola virus","unclassified Variola virus subspecies/strain","unclassified Variola virus strain","QCMD6_Q6",39569079
"JQ326209.1",35153,150,1,0.004285347,0.000718922,"Human adenovirus 19, complete genome",28278,"Viruses","Preplasmiviricota","Tectiliviricetes","Rowavirales","Adenoviridae","Mastadenovirus","Human mastadenovirus D","Human adenovirus 19","Human adenovirus 19","QCMD6_Q6",39569079
"AB448776.1",35215,274,2,0.00781406,0.00143531,"Human adenovirus 37 genomic DNA, complete genome, isolate: 1991",52275,"Viruses","Preplasmiviricota","Tectiliviricetes","Rowavirales","Adenoviridae","Mastadenovirus","Human mastadenovirus D","Human adenovirus D37","Human adenovirus D37","QCMD6_Q6",39569079
"NC_003266.2",35994,17275,2679,10.891669,1.88099,"Human adenovirus E, complete genome",130308,"Viruses","Preplasmiviricota","Tectiliviricetes","Rowavirales","Adenoviridae","Mastadenovirus","Human mastadenovirus E","unclassified Human mastadenovirus E subspecies/strain","unclassified Human mastadenovirus E strain","QCMD6_Q6",39569079
"NC_006998.1",194711,32640,282,0.22030109,0.0366018,"Vaccinia virus, complete genome",10245,"Viruses","Nucleocytoviricota","Pokkesviricetes","Chitovirales","Poxviridae","Orthopoxvirus","Vaccinia virus","unclassified Vaccinia virus subspecies/strain","unclassified Vaccinia virus strain","QCMD6_Q6",39569079
"NC_003663.2",224499,119468,1503,0.9883485,0.169195,"Cowpox virus, complete genome",10243,"Viruses","Nucleocytoviricota","Pokkesviricetes","Chitovirales","Poxviridae","Orthopoxvirus","Cowpox virus","unclassified Cowpox virus subspecies/strain","unclassified Cowpox virus strain","QCMD6_Q6",39569079
"NC_003310.1",196858,111935,1338,1.0140004,0.17177,"Monkeypox virus Zaire-96-I-16, complete genome",10244,"Viruses","Nucleocytoviricota","Pokkesviricetes","Chitovirales","Poxviridae","Orthopoxvirus","Monkeypox virus","unclassified Monkeypox virus subspecies/strain","unclassified Monkeypox virus strain","QCMD6_Q6",39569079
"AY484669.1",197731,31741,286,0.21888238,0.036554,"Rabbitpox virus, complete genome",32606,"Viruses","Nucleocytoviricota","Pokkesviricetes","Chitovirales","Poxviridae","Orthopoxvirus","Vaccinia virus","Rabbitpox virus","Rabbitpox virus","QCMD6_Q6",39569079
"NC_007455.1",5299,483,10,0.28549233,0.0476925,"Primate bocaparvovirus 1 isolate st2, complete genome",1511871,"Viruses","Cossaviricota","Quintoviricetes","Piccovirales","Parvoviridae","Bocaparvovirus","Primate bocaparvovirus 1","unclassified Primate bocaparvovirus 1 subspecies/strain","unclassified Primate bocaparvovirus 1 strain","QCMD6_Q6",39569079
"NC_012564.1",5242,1673,35,0.97682637,0.168739,"Human bocavirus 3, complete genome",638313,"Viruses","Cossaviricota","Quintoviricetes","Piccovirales","Parvoviridae","Bocaparvovirus","Primate bocaparvovirus 1","Human bocavirus 3","Human bocavirus 3","QCMD6_Q6",39569079
"NC_012042.1",5196,267,2,0.0529132,0.00972758,"Human bocavirus 2c PK isolate PK-5510, complete genome",1511882,"Viruses","Cossaviricota","Quintoviricetes","Piccovirales","Parvoviridae","Bocaparvovirus","Primate bocaparvovirus 2","Human bocavirus 2c PK","Human bocavirus 2c PK","QCMD6_Q6",39569079
"NC_012729.2",5104,149,1,0.030076705,0.00495146,"Human bocavirus 4 NI strain HBoV4-NI-385, complete genome",1511883,"Viruses","Cossaviricota","Quintoviricetes","Piccovirales","Parvoviridae","Bocaparvovirus","Primate bocaparvovirus 2","Human bocavirus 4 NI","Human bocavirus 4 NI","QCMD6_Q6",39569079
"NC_026438.1",10878,150,1,0.013982103,0.00232324,"influenza A H1N1 all segments",641809,"Viruses","Negarnaviricota","Insthoviricetes","Articulavirales","Orthomyxoviridae","Alphainfluenzavirus","Influenza A virus","Influenza A virus (A/California/07/2009(H1N1))","Influenza A virus (A/California/07/2009(H1N1))","QCMD6_Q6",39569079
"NC_007373.1",11286,205,1,0.018408764,0.00223926,"influenza A H3N2 all segments",335341,"Viruses","Negarnaviricota","Insthoviricetes","Articulavirales","Orthomyxoviridae","Alphainfluenzavirus","Influenza A virus","Influenza A virus (A/New York/392/2004(H3N2))","Influenza A virus (A/New York/392/2004(H3N2))","QCMD6_Q6",39569079
"AB064607.1",3770,140,1,0.038674034,0.00670352,"Torque teno virus 10 DNA, complete genome, isolate: JT34F",687349,"Viruses","unclassified Viruses phylum","unclassified Viruses class","unclassified Viruses order","Anelloviridae","Alphatorquevirus","Torque teno virus 10","unclassified Torque teno virus 10 subspecies/strain","unclassified Torque teno virus 10 strain","QCMD6_Q6",39569079
"AB111964.2",8978,7698,16716,279.33133,47.054,"Bovine viral diarrhea virus 839cp gene for poryprotein, partai cds, strain: 839cp",233886,"Viruses","Kitrinoviricota","Flasuviricetes","Amarillovirales","Flaviviridae","Pestivirus","Pestivirus A","Bovine viral diarrhea virus 839cp","Bovine viral diarrhea virus 839cp","QCMD6_Q6",39569079
"AB111966.1",9060,204,2,0.07654321,0.00557887,"Bovine viral diarrhea virus 190cp gene for poryprotein, partai cds, strain: 190cp",233888,"Viruses","Kitrinoviricota","Flasuviricetes","Amarillovirales","Flaviviridae","Pestivirus","Pestivirus A","Bovine viral diarrhea virus 190cp","Bovine viral diarrhea virus 190cp","QCMD6_Q6",39569079
"AC090446.27",170275,300,81,0.060467303,0.012022,"Baboon cytomegalovirus OCOM4-37 clone bacmv, WORKING DRAFT SEQUENCE, 22 unordered pieces",153301,"Viruses","Peploviricota","Herviviricetes","Herpesvirales","Herpesviridae","Cytomegalovirus","Papiine betaherpesvirus 3","Baboon cytomegalovirus OCOM4-37","Baboon cytomegalovirus OCOM4-37","QCMD6_Q6",39569079
"AF033808.1",9392,127,1,0.013741614,0.00269083,"Rous sarcoma virus, complete genome",11886,"Viruses","Artverviricota","Revtraviricetes","Ortervirales","Retroviridae","Alpharetrovirus","Rous sarcoma virus","unclassified Rous sarcoma virus subspecies/strain","unclassified Rous sarcoma virus strain","QCMD6_Q6",39569079
"AF033814.1",3811,583,11,0.42911774,0.0729454,"Murine osteosarcoma virus, complete genome",11830,"Viruses","Artverviricota","Revtraviricetes","Ortervirales","Retroviridae","Gammaretrovirus","Murine osteosarcoma virus","unclassified Murine osteosarcoma virus subspecies/strain","unclassified Murine osteosarcoma virus strain","QCMD6_Q6",39569079
"AF043303.1",4679,2708,123,3.8275557,0.664349,"Adeno-associated virus 2, complete genome",10804,"Viruses","Cossaviricota","Quintoviricetes","Piccovirales","Parvoviridae","Dependoparvovirus","Adeno-associated dependoparvovirus A","adeno-associated virus 2","adeno-associated virus 2","QCMD6_Q6",39569079
"AF052428.1",9396,163,7,0.109669045,0.0188278,"Rous sarcoma virus strain Schmidt-Ruppin B, complete genome",269447,"Viruses","Artverviricota","Revtraviricetes","Ortervirales","Retroviridae","Alpharetrovirus","Rous sarcoma virus","Rous sarcoma virus - Schmidt-Ruppin B","Rous sarcoma virus - Schmidt-Ruppin B","QCMD6_Q6",39569079
"AF063497.1",4718,832,14,0.4200963,0.0749919,"Adeno-associated virus 1, complete genome",85106,"Viruses","Cossaviricota","Quintoviricetes","Piccovirales","Parvoviridae","Dependoparvovirus","Adeno-associated dependoparvovirus A","Adeno-associated virus - 1","Adeno-associated virus - 1","QCMD6_Q6",39569079
"AF091605.1",12310,937,44,0.55008227,0.0903314,"Bovine viral diarrhea virus strain Oregon C24V, complete genome",82470,"Viruses","Kitrinoviricota","Flasuviricetes","Amarillovirales","Flaviviridae","Pestivirus","Pestivirus A","Bovine viral diarrhea virus strain Oregon C24V","Bovine viral diarrhea virus strain Oregon C24V","QCMD6_Q6",39569079
"AF109397.1",1768,864,17,1.5055624,0.243002,"Bovine circovirus, complete genome",85542,"Viruses","Cressdnaviricota","Arfiviricetes","Cirlivirales","Circoviridae","Circovirus","Porcine circovirus 2","Bovine circovirus","Bovine circovirus","QCMD6_Q6",39569079
"AF502399.1",12332,10536,4461,52.95764,9.14203,"Bovine viral diarrhea virus 2-New York'93, complete genome",358768,"Viruses","Kitrinoviricota","Flasuviricetes","Amarillovirales","Flaviviridae","Pestivirus","Pestivirus B","Bovine viral diarrhea virus 2 New York'93","Bovine viral diarrhea virus 2 New York'93","QCMD6_Q6",39569079
"AF513851.1",4721,775,8,0.24305403,0.0428253,"Adeno-associated virus 7 nonstructural protein and capsid protein genes, complete cds",202812,"Viruses","Cossaviricota","Quintoviricetes","Piccovirales","Parvoviridae","Dependoparvovirus","Adeno-associated dependoparvovirus A","Adeno-associated virus - 7","Adeno-associated virus - 7","QCMD6_Q6",39569079
"AJ585412.1",12308,8027,2089,25.646982,4.28938,"Bovine viral diarrhea virus VEDEVAC ORF1 for polyprotein, complete genome, genomic RNA, strain VEDEVAC",221918,"Viruses","Kitrinoviricota","Flasuviricetes","Amarillovirales","Flaviviridae","Pestivirus","Pestivirus A","Bovine viral diarrhea virus VEDEVAC","Bovine viral diarrhea virus VEDEVAC","QCMD6_Q6",39569079
"AY037928.1",9472,2782,71,1.0069728,0.189435,"Human endogenous retrovirus K113 complete genome",166122,"Viruses","Artverviricota","Revtraviricetes","Ortervirales","Retroviridae","unclassified Retroviridae genus","Human endogenous retrovirus K","Human endogenous retrovirus K113","Human endogenous retrovirus K113","QCMD6_Q6",39569079
"AY695933.1",5723,352,2,0.06316167,0.00883182,"Carrot red leaf virus strain UK-1, complete genome",66200,"Viruses","Pisuviricota","Pisoniviricetes","Sobelivirales","Solemoviridae","Polerovirus","Carrot red leaf virus","unclassified Carrot red leaf virus subspecies/strain","unclassified Carrot red leaf virus strain","QCMD6_Q6",39569079
"AY823990.1",2872,411,4,0.21601763,0.0351981,"Torque teno sus virus 1b isolate 1p, complete genome",687387,"Viruses","unclassified Viruses phylum","unclassified Viruses class","unclassified Viruses order","Anelloviridae","Iotatorquevirus","Torque teno sus virus 1b","unclassified Torque teno sus virus 1b subspecies/strain","unclassified Torque teno sus virus 1b strain","QCMD6_Q6",39569079
"D10032.1",8507,849,9,0.15843005,0.0267368,"Baboon endogenous virus strain M7 proviral DNA, complete genome",11764,"Viruses","Artverviricota","Revtraviricetes","Ortervirales","Retroviridae","Gammaretrovirus","Baboon endogenous virus","Baboon endogenous virus strain M7","Baboon endogenous virus strain M7","QCMD6_Q6",39569079
"EU030001.1",8406,289,2,0.035004847,0.00601291,"RD114 retrovirus isolate SC3C, complete genome",11834,"Viruses","Artverviricota","Revtraviricetes","Ortervirales","Retroviridae","Gammaretrovirus","RD114 retrovirus","unclassified RD114 retrovirus subspecies/strain","unclassified RD114 retrovirus strain","QCMD6_Q6",39569079
"FJ025900.1",37188,153,0,0.049867705,0,"Simian adenovirus 43, complete genome",585077,"Viruses","Preplasmiviricota","Tectiliviricetes","Rowavirales","Adenoviridae","Mastadenovirus","Human mastadenovirus C","Simian adenovirus 43","Simian adenovirus 43","QCMD6_Q6",39569079
"FJ025902.1",37820,8676,82,0.32391822,0.0547944,"Simian adenovirus 42.2, complete genome",585098,"Viruses","Preplasmiviricota","Tectiliviricetes","Rowavirales","Adenoviridae","Mastadenovirus","Human mastadenovirus C","Simian adenovirus 42.2","Simian adenovirus 42.2","QCMD6_Q6",39569079
"FJ025904.1",37860,803,4,0.027260674,0.00267007,"Simian adenovirus 31.2, complete genome",585088,"Viruses","Preplasmiviricota","Tectiliviricetes","Rowavirales","Adenoviridae","Mastadenovirus","Human mastadenovirus C","Simian adenovirus 31.2","Simian adenovirus 31.2","QCMD6_Q6",39569079
"FJ025908.1",35694,167,0,0.004698402,0,"Simian adenovirus 33, complete genome",585067,"Viruses","Preplasmiviricota","Tectiliviricetes","Rowavirales","Adenoviridae","Mastadenovirus","Human mastadenovirus B","Simian adenovirus 33","Simian adenovirus 33","QCMD6_Q6",39569079
"FJ025910.1",35620,123,1,0.0034677193,0.000709496,"Simian adenovirus 35.2, complete genome",585090,"Viruses","Preplasmiviricota","Tectiliviricetes","Rowavirales","Adenoviridae","Mastadenovirus","Human mastadenovirus B","Simian adenovirus 35.2","Simian adenovirus 35.2","QCMD6_Q6",39569079
"FJ025921.1",36635,9001,568,2.3383856,0.391829,"Simian adenovirus 37.1, complete genome",585091,"Viruses","Preplasmiviricota","Tectiliviricetes","Rowavirales","Adenoviridae","Mastadenovirus","Human mastadenovirus E","Simian adenovirus 37.1","Simian adenovirus 37.1","QCMD6_Q6",39569079
"FJ655418.1",1767,404,3,0.24984539,0.0429071,"Porcine circovirus type 1/2a isolate FMV08-1114252, complete genome",720569,"Viruses","Cressdnaviricota","Arfiviricetes","Cirlivirales","Circoviridae","Circovirus","Porcine circovirus type 1/2a","unclassified Porcine circovirus type 1/2a subspecies/strain","unclassified Porcine circovirus type 1/2a strain","QCMD6_Q6",39569079
"GQ387499.1",5905,971,7,0.18245004,0.0299586,"Porcine parvovirus 4 clone 17 replicase, ORF3, and capsid genes, complete cds",707546,"Viruses","Cossaviricota","Quintoviricetes","Piccovirales","Parvoviridae","Copiparvovirus","Ungulate copiparvovirus 2","Porcine parvovirus 4","Porcine parvovirus 4","QCMD6_Q6",39569079
"HM011556.1",5387,246,7,0.14722168,0.0328394,"Merkel cell polyomavirus isolate R17b, complete genome",493803,"Viruses","Cossaviricota","Papovaviricetes","Sepolyvirales","Polyomaviridae","Alphapolyomavirus","Alphapolyomavirus quintihominis","Merkel cell polyomavirus","Merkel cell polyomavirus","QCMD6_Q6",39569079
"HM011560.1",4926,150,1,0.031407036,0.00513038,"Polyomavirus HPyV6 isolate 607a, complete genome",746830,"Viruses","Cossaviricota","Papovaviricetes","Sepolyvirales","Polyomaviridae","Deltapolyomavirus","Deltapolyomavirus sextihominis","Human polyomavirus 6","Human polyomavirus 6","QCMD6_Q6",39569079
"HM145750.1",4944,602,4,0.15352523,0.0204468,"Bocavirus gorilla/GBoV1/2009, complete genome",864686,"Viruses","Cossaviricota","Quintoviricetes","Piccovirales","Parvoviridae","Bocaparvovirus","Primate bocaparvovirus 1","Bocavirus gorilla/GBoV1/2009","Bocavirus gorilla/GBoV1/2009","QCMD6_Q6",39569079
"HQ388348.2",5666,696,5,0.12617838,0.0223017,"Brassica yellows virus isolate BrYV-ABJ, complete genome",1046403,"Viruses","Pisuviricota","Pisoniviricetes","Sobelivirales","Solemoviridae","Polerovirus","Turnip yellows virus","Brassica yellows virus","Brassica yellows virus","QCMD6_Q6",39569079
"J02207.1",997,300,4,0.70838255,0.101393,"harvey murine sarcoma virus p21 v-has protein gene",11807,"Viruses","Artverviricota","Revtraviricetes","Ortervirales","Retroviridae","Gammaretrovirus","Harvey murine sarcoma virus","unclassified Harvey murine sarcoma virus subspecies/strain","unclassified Harvey murine sarcoma virus strain","QCMD6_Q6",39569079
"JF304767.1",7664,117,12,0.44476977,0.0395703,"Saimiri sciureus papillomavirus type 3 isolate Mac2167.2, complete genome",990306,"Viruses","Cossaviricota","Papovaviricetes","Zurhausenvirales","Papillomaviridae","Dyoomikronpapillomavirus","Dyoomikronpapillomavirus 1","Saimiri sciureus papillomavirus 3","Saimiri sciureus papillomavirus 3","QCMD6_Q6",39569079
"JN254802.1",36711,12373,703,2.8747573,0.483953,"Chimpanzee adenovirus Y25, complete genome",1123958,"Viruses","Preplasmiviricota","Tectiliviricetes","Rowavirales","Adenoviridae","Mastadenovirus","Human mastadenovirus E","Chimpanzee adenovirus Y25","Chimpanzee adenovirus Y25","QCMD6_Q6",39569079
"JN880454.1",35578,118,0,0.003330699,0,"Simian adenovirus A1312, complete genome",1159192,"Viruses","Preplasmiviricota","Tectiliviricetes","Rowavirales","Adenoviridae","Mastadenovirus","Simian adenovirus B","Simian adenovirus A1312","Simian adenovirus A1312","QCMD6_Q6",39569079
"JX027296.1",4822,150,1,0.032106165,0.00524103,"Primate protoparvovirus 1 strain BF.86 NS1, putative VP1, hypothetical protein, and VP2 genes, complete cds",1511907,"Viruses","Cossaviricota","Quintoviricetes","Piccovirales","Parvoviridae","Protoparvovirus","Primate protoparvovirus 1","unclassified Primate protoparvovirus 1 subspecies/strain","unclassified Primate protoparvovirus 1 strain","QCMD6_Q6",39569079
"JX297512.1",11640,11355,14147,183.55066,30.7153,"Bovine viral diarrhea virus type 1b isolate 10270 polyprotein gene, complete cds",981676,"Viruses","Kitrinoviricota","Flasuviricetes","Amarillovirales","Flaviviridae","Pestivirus","Pestivirus A","Bovine viral diarrhea virus 1b","Bovine viral diarrhea virus 1b","QCMD6_Q6",39569079
"JX896321.1",5805,726,5,0.12838197,0.0217677,"Porcine parvovirus 5 isolate IA469 clone 1, complete genome",1241957,"Viruses","Cossaviricota","Quintoviricetes","Piccovirales","Parvoviridae","Protoparvovirus","Porcine parvovirus 5","unclassified Porcine parvovirus 5 subspecies/strain","unclassified Porcine parvovirus 5 strain","QCMD6_Q6",39569079
"KC802221.1",15696,2285,17,0.17052618,0.0273718,"Phocine distemper virus strain PDV/Wadden_Sea.NLD/1988, complete genome",11240,"Viruses","Negarnaviricota","Monjiviricetes","Mononegavirales","Paramyxoviridae","Morbillivirus","Phocine morbillivirus","unclassified Phocine morbillivirus subspecies/strain","unclassified Phocine morbillivirus strain","QCMD6_Q6",39569079
"KF360047.1",34163,27398,525,2.276218,0.388372,"UNVERIFIED: Simian adenovirus ch1 isolate SAdV-ch1 genomic sequence",1509400,"Viruses","Preplasmiviricota","Tectiliviricetes","Rowavirales","Adenoviridae","Mastadenovirus","Human mastadenovirus A","Simian adenovirus ch1","Simian adenovirus ch1","QCMD6_Q6",39569079
"KF703446.1",127320,233,4,0.0132657075,0.000793976,"Retroperitoneal fibromatosis-associated herpesvirus isolate RFHVMnM78114, complete genome",111469,"Viruses","Peploviricota","Herviviricetes","Herpesvirales","Herpesviridae","Rhadinovirus","Macacine gammaherpesvirus 8","Retroperitoneal fibromatosis-associated herpesvirus","Retroperitoneal fibromatosis-associated herpesvirus","QCMD6_Q6",39569079
"KJ541759.1",33452,115,0,0.014833944,0,"Ball python nidovirus strain 07-53, complete genome",1986118,"Viruses","Pisuviricota","Pisoniviricetes","Nidovirales","Tobaniviridae","Pregotovirus","Ball python nidovirus 1","unclassified Ball python nidovirus 1 subspecies/strain","unclassified Ball python nidovirus 1 strain","QCMD6_Q6",39569079
"KM496323.1",4746,300,10,0.32637075,0.0532496,"Bovine polyomavirus 1 isolate 1S5, complete genome",1561702,"Viruses","Cossaviricota","Papovaviricetes","Sepolyvirales","Polyomaviridae","Epsilonpolyomavirus","Epsilonpolyomavirus bovis","Bovine polyomavirus 1","Bovine polyomavirus 1","QCMD6_Q6",39569079
"KP289357.1",7398,281,2,0.038769316,0.00683219,"Coxsackievirus A2 isolate CV-A2/P14/2013/China, complete genome",33757,"Viruses","Pisuviricota","Pisoniviricetes","Picornavirales","Picornaviridae","Enterovirus","Enterovirus A","Coxsackievirus A2","Coxsackievirus A2","QCMD6_Q6",39569079
"KR135164.1",43842,123,1,0.0028151607,0.000576439,"Duck adenovirus 2 strain CH-GD-12-2014, complete genome",1520006,"Viruses","Preplasmiviricota","Tectiliviricetes","Rowavirales","Adenoviridae","Aviadenovirus","Duck aviadenovirus B","Duck adenovirus 2","Duck adenovirus 2","QCMD6_Q6",39569079
"KT149397.1",2985,1834,106,5.598589,0.89744,"Circovirus-like genome DCCV-4, complete genome",1788444,"Viruses","Cressdnaviricota","Arfiviricetes","Cirlivirales","Circoviridae","unclassified Circoviridae genus","Circovirus-like genome DCCV-4","unclassified Circovirus-like genome DCCV-4 subspecies/strain","unclassified Circovirus-like genome DCCV-4 strain","QCMD6_Q6",39569079
"KT149406.1",2433,831,19,1.4454665,0.197358,"Circovirus-like genome DCCV-13, complete genome",1788441,"Viruses","Cressdnaviricota","Arfiviricetes","Cirlivirales","Circoviridae","unclassified Circoviridae genus","Circovirus-like genome DCCV-13","unclassified Circovirus-like genome DCCV-13 subspecies/strain","unclassified Circovirus-like genome DCCV-13 strain","QCMD6_Q6",39569079
"KT951840.1",12221,521,7,0.21829177,0.0144756,"Bovine viral diarrhea virus 1d isolate BJ1305, complete genome",1855263,"Viruses","Kitrinoviricota","Flasuviricetes","Amarillovirales","Flaviviridae","Pestivirus","Pestivirus A","Bovine viral diarrhea virus 1d","Bovine viral diarrhea virus 1d","QCMD6_Q6",39569079
"KU315178.1",5813,150,1,0.026487727,0.00434754,"Pepo aphid-borne yellows virus isolate RSA BB Marrow, complete genome",1462681,"Viruses","Pisuviricota","Pisoniviricetes","Sobelivirales","Solemoviridae","Polerovirus","Pepo aphid-borne yellows virus","unclassified Pepo aphid-borne yellows virus subspecies/strain","unclassified Pepo aphid-borne yellows virus strain","QCMD6_Q6",39569079
"KU727766.1",5166,125,2,0.04984051,0.00978407,"Parus major densovirus isolate PmDNV-JL, complete genome",1907771,"Viruses","Cossaviricota","Quintoviricetes","Piccovirales","Parvoviridae","unclassified Parvoviridae genus","Parus major densovirus","unclassified Parus major densovirus subspecies/strain","unclassified Parus major densovirus strain","QCMD6_Q6",39569079
"KU749310.1",222832,189,1,0.026333516,0.000113414,"Skunkpox virus strain WA, complete genome",160796,"Viruses","Nucleocytoviricota","Pokkesviricetes","Chitovirales","Poxviridae","Orthopoxvirus","Skunkpox virus","unclassified Skunkpox virus subspecies/strain","unclassified Skunkpox virus strain","QCMD6_Q6",39569079
"KU936049.1",137452,1546,4,0.090268165,0.00073545,"Bubaline alphaherpesvirus 1 strain b6, complete genome",202910,"Viruses","Peploviricota","Herviviricetes","Herpesvirales","Herpesviridae","Varicellovirus","Bubaline alphaherpesvirus 1","unclassified Bubaline alphaherpesvirus 1 subspecies/strain","unclassified Bubaline alphaherpesvirus 1 strain","QCMD6_Q6",39569079
"KY040275.1",188253,392,0,0.0047792965,0,"Molluscum contagiosum virus subtype 1 isolate Madrid 2016_3, complete genome",10280,"Viruses","Nucleocytoviricota","Pokkesviricetes","Chitovirales","Poxviridae","Molluscipoxvirus","Molluscum contagiosum virus","Molluscum contagiosum virus subtype 1","Molluscum contagiosum virus subtype 1","QCMD6_Q6",39569079
"KY214434.1",3081,150,1,0.04094166,0.00820262,"Porcine stool-associated circular virus/BEL/15V010 isolate 15V010, complete genome",2017724,"Viruses","Cressdnaviricota","Arfiviricetes","Cirlivirales","Circoviridae","unclassified Circoviridae genus","Porcine stool-associated circular virus/BEL/15V010","unclassified Porcine stool-associated circular virus/BEL/15V010 subspecies/strain","unclassified Porcine stool-associated circular virus/BEL/15V010 strain","QCMD6_Q6",39569079
"KY215944.1",135301,573,153,0.18574779,0.0285782,"Bovine alphaherpesvirus 1 isolate 216 II, complete genome",10320,"Viruses","Peploviricota","Herviviricetes","Herpesvirales","Herpesviridae","Varicellovirus","Bovine alphaherpesvirus 1","unclassified Bovine alphaherpesvirus 1 subspecies/strain","unclassified Bovine alphaherpesvirus 1 strain","QCMD6_Q6",39569079
"KY385637.1",147346,236,1,0.001915813,0.000171516,"Ateline alphaherpesvirus 1 isolate Lennette, complete genome",35243,"Viruses","Peploviricota","Herviviricetes","Herpesvirales","Herpesviridae","Simplexvirus","Ateline alphaherpesvirus 1","unclassified Ateline alphaherpesvirus 1 subspecies/strain","unclassified Ateline alphaherpesvirus 1 strain","QCMD6_Q6",39569079
"KY490071.1",235397,3693,27,0.017084172,0.00289872,"Human betaherpesvirus 5 strain HANChild1, complete genome",10359,"Viruses","Peploviricota","Herviviricetes","Herpesvirales","Herpesviridae","Cytomegalovirus","Human betaherpesvirus 5","unclassified Human betaherpesvirus 5 subspecies/strain","unclassified Human betaherpesvirus 5 strain","QCMD6_Q6",39569079
"KY549446.1",137712,262,0,0.022019163,0,"Bovine alphaherpesvirus 5 strain ISO 97/45, complete genome",35244,"Viruses","Peploviricota","Herviviricetes","Herpesvirales","Herpesviridae","Varicellovirus","Bovine alphaherpesvirus 5","unclassified Bovine alphaherpesvirus 5 subspecies/strain","unclassified Bovine alphaherpesvirus 5 strain","QCMD6_Q6",39569079
"KY581736.1",4872,749,7,0.22808132,0.0363107,"Gorilla bocaparvovirus 2 isolate GBOV2/GAB1, partial genome",1986196,"Viruses","Cossaviricota","Quintoviricetes","Piccovirales","Parvoviridae","Bocaparvovirus","Primate bocaparvovirus 2","Gorilla bocaparvovirus 2","Gorilla bocaparvovirus 2","QCMD6_Q6",39569079
"L23427.1",5075,679,4,0.1226396,0.019919,"Porcine parvovirus (NADL-2) DNA fragment encoding PT4 and PT40",10796,"Viruses","Cossaviricota","Quintoviricetes","Piccovirales","Parvoviridae","Protoparvovirus","Ungulate protoparvovirus 1","Porcine parvovirus","Porcine parvovirus","QCMD6_Q6",39569079
"LR027540.1",7398,150,1,0.020695364,0.00341609,"Coxsackievirus A7 isolate CV-A7|37183|TKM|2010 genome assembly, complete genome: monopartite",42787,"Viruses","Pisuviricota","Pisoniviricetes","Picornavirales","Picornaviridae","Enterovirus","Enterovirus A","Coxsackievirus A7","Coxsackievirus A7","QCMD6_Q6",39569079
"LT797627.1",138912,2848,21,0.021958461,0.00382053,"Human herpesvirus 2 isolate 1 genome assembly, complete genome: monopartite",10310,"Viruses","Peploviricota","Herviviricetes","Herpesvirales","Herpesviridae","Simplexvirus","Human alphaherpesvirus 2","unclassified Human alphaherpesvirus 2 subspecies/strain","unclassified Human alphaherpesvirus 2 strain","QCMD6_Q6",39569079
"M22820.1",4901,121,1,0.025468323,0.00515655,"Snyder-Theilen feline sarcoma virus genomic sequence, sequence",11780,"Viruses","Artverviricota","Revtraviricetes","Ortervirales","Retroviridae","Gammaretrovirus","Snyder-Theilen feline sarcoma virus","unclassified Snyder-Theilen feline sarcoma virus subspecies/strain","unclassified Snyder-Theilen feline sarcoma virus strain","QCMD6_Q6",39569079
"M31182.1",12573,989,5,0.11156725,0.0100502,"Bovine viral diarrhea virus 1-NADL, complete genome",11100,"Viruses","Kitrinoviricota","Flasuviricetes","Amarillovirales","Flaviviridae","Pestivirus","Pestivirus A","Bovine viral diarrhea virus 1-NADL","Bovine viral diarrhea virus 1-NADL","QCMD6_Q6",39569079
"M96687.1",12480,8306,1662,20.324574,3.36558,"Bovine viral diarrhea virus strain Osloss polyprotein gene, complete cds",229907,"Viruses","Kitrinoviricota","Flasuviricetes","Amarillovirales","Flaviviridae","Pestivirus","Pestivirus A","Bovine viral diarrhea virus 1-Osloss","Bovine viral diarrhea virus 1-Osloss","QCMD6_Q6",39569079
"M96751.1",12308,7158,1165,13.977628,2.39212,"Bovine viral diarrhea virus 1-SD1 polyprotein gene, complete cds",31656,"Viruses","Kitrinoviricota","Flasuviricetes","Amarillovirales","Flaviviridae","Pestivirus","Pestivirus A","Bovine viral diarrhea virus 1-SD1","Bovine viral diarrhea virus 1-SD1","QCMD6_Q6",39569079
"MF898328.1",125095,269,1,0.02465885,0.000202025,"Human alphaherpesvirus 3 strain Baike, complete genome",10335,"Viruses","Peploviricota","Herviviricetes","Herpesvirales","Herpesviridae","Varicellovirus","Human alphaherpesvirus 3","unclassified Human alphaherpesvirus 3 subspecies/strain","unclassified Human alphaherpesvirus 3 strain","QCMD6_Q6",39569079
"MG212485.1",7395,543,5,0.09813665,0.0170874,"Enterovirus A isolate 13688, complete genome",138948,"Viruses","Pisuviricota","Pisoniviricetes","Picornavirales","Picornaviridae","Enterovirus","Enterovirus A","unclassified Enterovirus A subspecies/strain","unclassified Enterovirus A strain","QCMD6_Q6",39569079
"MG543471.1",3999,573,5,0.18680176,0.0315982,"Porcine parvovirus 7 isolate GX49, complete genome",1820046,"Viruses","Cossaviricota","Quintoviricetes","Piccovirales","Parvoviridae","Chaphamaparvovirus","Ungulate chaphamaparvovirus 1","Porcine parvovirus 7","Porcine parvovirus 7","QCMD6_Q6",39569079
"MG969551.1",35481,141,1,0.0039908295,0.000712276,"Simian adenovirus 2 strain SV11, complete genome",38418,"Viruses","Preplasmiviricota","Tectiliviricetes","Rowavirales","Adenoviridae","Mastadenovirus","Human mastadenovirus G","Simian adenovirus 2","Simian adenovirus 2","QCMD6_Q6",39569079
"MH036942.1",138199,247,0,0.0037740222,0,"Cervid alphaherpesvirus 1 strain Anlier, complete genome",79891,"Viruses","Peploviricota","Herviviricetes","Herpesvirales","Herpesviridae","Varicellovirus","Cervid alphaherpesvirus 1","unclassified Cervid alphaherpesvirus 1 subspecies/strain","unclassified Cervid alphaherpesvirus 1 strain","QCMD6_Q6",39569079
"MH036943.1",142633,346,1,0.008772977,0.000177184,"Cervid alphaherpesvirus 2 strain Norway, complete genome",365327,"Viruses","Peploviricota","Herviviricetes","Herpesvirales","Herpesviridae","Varicellovirus","Cervid alphaherpesvirus 2","unclassified Cervid alphaherpesvirus 2 subspecies/strain","unclassified Cervid alphaherpesvirus 2 strain","QCMD6_Q6",39569079
"MH144598.1",7375,389,4,0.08235294,0.013707,"Enterovirus B79 strain 17-2255-1_E79, complete genome",2760813,"Viruses","Pisuviricota","Pisoniviricetes","Picornavirales","Picornaviridae","Enterovirus","Enterovirus B","enterovirus B79","enterovirus B79","QCMD6_Q6",39569079
"MH698402.1",162076,1452,30,0.025962478,0.00467785,"Human betaherpesvirus 6B strain GTEX-OXRO_icihv6b, complete genome",32604,"Viruses","Peploviricota","Herviviricetes","Herpesvirales","Herpesviridae","Roseolovirus","Human betaherpesvirus 6B","unclassified Human betaherpesvirus 6B subspecies/strain","unclassified Human betaherpesvirus 6B strain","QCMD6_Q6",39569079
"MK509773.1",12169,1064,40,0.4998752,0.0830709,"Bovine viral diarrhea virus 1a isolate BVD1a-JB, complete genome",1855262,"Viruses","Kitrinoviricota","Flasuviricetes","Amarillovirales","Flaviviridae","Pestivirus","Pestivirus A","Bovine viral diarrhea virus 1a","Bovine viral diarrhea virus 1a","QCMD6_Q6",39569079
"MN205539.1",137429,130,2,0.001791971,0.000367786,"UNVERIFIED: Human gammaherpesvirus 8 strain BCBL-1, complete genome",37296,"Viruses","Peploviricota","Herviviricetes","Herpesvirales","Herpesviridae","Rhadinovirus","Human gammaherpesvirus 8","unclassified Human gammaherpesvirus 8 subspecies/strain","unclassified Human gammaherpesvirus 8 strain","QCMD6_Q6",39569079
"MN240300.1",210797,1007,5,0.0072158636,0.000599445,"Alaskapox virus isolate Alaska_2015, complete genome",2602439,"Viruses","Nucleocytoviricota","Pokkesviricetes","Chitovirales","Poxviridae","Orthopoxvirus","Alaskapox virus","unclassified Alaskapox virus subspecies/strain","unclassified Alaskapox virus strain","QCMD6_Q6",39569079
"MN244297.1",221153,7991,63,0.044442836,0.00719932,"Akhmeta virus strain A39, complete genome",2200830,"Viruses","Nucleocytoviricota","Pokkesviricetes","Chitovirales","Poxviridae","Orthopoxvirus","Akhmeta virus","unclassified Akhmeta virus subspecies/strain","unclassified Akhmeta virus strain","QCMD6_Q6",39569079
"NC_001664.4",159378,516,11,0.009100159,0.00174425,"Human betaherpesvirus 6A, variant A DNA, complete virion genome, isolate U1102",32603,"Viruses","Peploviricota","Herviviricetes","Herpesvirales","Herpesviridae","Roseolovirus","Human betaherpesvirus 6A","unclassified Human betaherpesvirus 6A subspecies/strain","unclassified Human betaherpesvirus 6A strain","QCMD6_Q6",39569079
"NC_006151.1",143461,145,0,0.0012280983,0,"Suid herpesvirus 1, complete genome",10345,"Viruses","Peploviricota","Herviviricetes","Herpesvirales","Herpesviridae","Varicellovirus","Suid alphaherpesvirus 1","unclassified Suid alphaherpesvirus 1 subspecies/strain","unclassified Suid alphaherpesvirus 1 strain","QCMD6_Q6",39569079
"NC_006560.1",150715,205,0,0.019433467,0,"Cercopithecine herpesvirus 2, complete genome",10317,"Viruses","Peploviricota","Herviviricetes","Herpesvirales","Herpesviridae","Simplexvirus","Cercopithecine alphaherpesvirus 2","unclassified Cercopithecine alphaherpesvirus 2 subspecies/strain","unclassified Cercopithecine alphaherpesvirus 2 strain","QCMD6_Q6",39569079
"NC_007653.1",156487,627,50,0.04214613,0.00807487,"Papiine herpesvirus 2, complete genome",340907,"Viruses","Peploviricota","Herviviricetes","Herpesvirales","Herpesviridae","Simplexvirus","Papiine alphaherpesvirus 2","unclassified Papiine alphaherpesvirus 2 subspecies/strain","unclassified Papiine alphaherpesvirus 2 strain","QCMD6_Q6",39569079
"NC_009334.1",172764,190,4,0.003458584,0.000585128,"Human herpesvirus 4, complete genome",12509,"Viruses","Peploviricota","Herviviricetes","Herpesvirales","Herpesviridae","Lymphocryptovirus","Human gammaherpesvirus 4","Human herpesvirus 4 type 2","Human herpesvirus 4 type 2","QCMD6_Q6",39569079
"NC_014567.1",156742,220,0,0.012631552,0,"Saimiriine herpesvirus 1, complete genome",10353,"Viruses","Peploviricota","Herviviricetes","Herpesvirales","Herpesviridae","Simplexvirus","Saimiriine alphaherpesvirus 1","unclassified Saimiriine alphaherpesvirus 1 subspecies/strain","unclassified Saimiriine alphaherpesvirus 1 strain","QCMD6_Q6",39569079
"NC_023677.1",153158,235,1,0.043664385,0.000165008,"Chimpanzee alpha-1 herpesvirus strain 105640, complete genome",332937,"Viruses","Peploviricota","Herviviricetes","Herpesvirales","Herpesviridae","Simplexvirus","Panine alphaherpesvirus 3","Chimpanzee herpesvirus strain 105640","Chimpanzee herpesvirus strain 105640","QCMD6_Q6",39569079
"NC_024771.1",151601,235,8,0.006582987,0.00133362,"Equid herpesvirus 3 strain AR/2007/C3A, complete genome",80341,"Viruses","Peploviricota","Herviviricetes","Herpesvirales","Herpesviridae","Varicellovirus","Equid alphaherpesvirus 3","unclassified Equid alphaherpesvirus 3 subspecies/strain","unclassified Equid alphaherpesvirus 3 strain","QCMD6_Q6",39569079
"U31790.1",7184,140,1,0.019903326,0.00351785,"Human papillomavirus type 50, complete genome",40539,"Viruses","Cossaviricota","Papovaviricetes","Zurhausenvirales","Papillomaviridae","Gammapapillomavirus","Gammapapillomavirus 3","Human papillomavirus type 50","Human papillomavirus type 50","QCMD6_Q6",39569079
"U48704.1",4726,1229,27,0.8730332,0.144382,"Adeno-associated virus 3 nonstructural protein and capsid protein genes, complete cds, and complete genome",46350,"Viruses","Cossaviricota","Quintoviricetes","Piccovirales","Parvoviridae","Dependoparvovirus","Adeno-associated dependoparvovirus A","Adeno-associated virus - 3","Adeno-associated virus - 3","QCMD6_Q6",39569079
"U63479.1",12247,12181,46351,558.6581,95.6475,"Bovine viral diarrhea virus 1-CP7 polyprotein gene, complete cds",268305,"Viruses","Kitrinoviricota","Flasuviricetes","Amarillovirales","Flaviviridae","Pestivirus","Pestivirus A","Bovine viral diarrhea virus 1-CP7","Bovine viral diarrhea virus 1-CP7","QCMD6_Q6",39569079
"X13063.1",5641,1060,14,0.3713349,0.0627214,"Turnip yellows virus (BWYV-FL1) genomic RNA",131083,"Viruses","Pisuviricota","Pisoniviricetes","Sobelivirales","Solemoviridae","Polerovirus","Turnip yellows virus","unclassified Turnip yellows virus subspecies/strain","unclassified Turnip yellows virus strain","QCMD6_Q6",39569079
"X74475.1",7961,150,1,0.019203687,0.00317451,"Human papillomavirus type 32 genomic DNA",333763,"Viruses","Cossaviricota","Papovaviricetes","Zurhausenvirales","Papillomaviridae","Alphapapillomavirus","Alphapapillomavirus 1","Human papillomavirus type 32","Human papillomavirus type 32","QCMD6_Q6",39569079
"X83110.1",5722,148,1,0.026561378,0.00441668,"Beet mild yellowing virus genomic RNA",156690,"Viruses","Pisuviricota","Pisoniviricetes","Sobelivirales","Solemoviridae","Polerovirus","Beet mild yellowing virus","unclassified Beet mild yellowing virus subspecies/strain","unclassified Beet mild yellowing virus strain","QCMD6_Q6",39569079
"AY421762.1",7434,165,4,0.075233385,0.0135982,"Human coxsackievirus A4 strain High Point, complete genome",42785,"Viruses","Pisuviricota","Pisoniviricetes","Picornavirales","Picornaviridae","Enterovirus","Enterovirus A","Coxsackievirus A4","Coxsackievirus A4","QCMD6_Q6",39569079
"AY331295.1",8834,278,2,0.034546293,0.00572159,"HIV-1 isolate 1058-11 from USA, partial genome",11676,"Viruses","Artverviricota","Revtraviricetes","Ortervirales","Retroviridae","Lentivirus","Human immunodeficiency virus 1","unclassified Human immunodeficiency virus 1 subspecies/strain","unclassified Human immunodeficiency virus 1 strain","QCMD6_Q6",39569079
"DQ853463.1",9210,460,5,0.077373065,0.01372,"HIV-1 isolate 15384.1 from USA, complete genome",11676,"Viruses","Artverviricota","Revtraviricetes","Ortervirales","Retroviridae","Lentivirus","Human immunodeficiency virus 1","unclassified Human immunodeficiency virus 1 subspecies/strain","unclassified Human immunodeficiency virus 1 strain","QCMD6_Q6",39569079
"EU735534.1",8861,445,3,0.051084835,0.00855623,"HIV-1 isolate 03BRRJ103 from Brazil, partial genome",11676,"Viruses","Artverviricota","Revtraviricetes","Ortervirales","Retroviridae","Lentivirus","Human immunodeficiency virus 1","unclassified Human immunodeficiency virus 1 subspecies/strain","unclassified Human immunodeficiency virus 1 strain","QCMD6_Q6",39569079
"D00835.1",11443,263,140,1.6617373,0.309195,"Human immunodeficiency virus 2 proviral DNA, complete genome",11709,"Viruses","Artverviricota","Revtraviricetes","Ortervirales","Retroviridae","Lentivirus","Human immunodeficiency virus 2","unclassified Human immunodeficiency virus 2 subspecies/strain","unclassified Human immunodeficiency virus 2 strain","QCMD6_Q6",39569079
"OM460002.1",220276,41167,396,0.2702407,0.0454331,"Cowpox virus isolate No-H2, complete genome",10243,"Viruses","Nucleocytoviricota","Pokkesviricetes","Chitovirales","Poxviridae","Orthopoxvirus","Cowpox virus","unclassified Cowpox virus subspecies/strain","unclassified Cowpox virus strain","QCMD6_Q6",39569079
"MG012796.1",194711,1731,9,0.00963194,0.00116814,"Vaccinia virus isolate CEyV2, complete genome",10245,"Viruses","Nucleocytoviricota","Pokkesviricetes","Chitovirales","Poxviridae","Orthopoxvirus","Vaccinia virus","unclassified Vaccinia virus subspecies/strain","unclassified Vaccinia virus strain","QCMD6_Q6",39569079
"GQ329670.1",145289,177,1,0.029020457,0.000173945,"Pseudocowpox virus strain VR634, complete genome",129726,"Viruses","Nucleocytoviricota","Pokkesviricetes","Chitovirales","Poxviridae","Parapoxvirus","Pseudocowpox virus","unclassified Pseudocowpox virus subspecies/strain","unclassified Pseudocowpox virus strain","QCMD6_Q6",39569079
"KM875470.1",136055,226,8,0.02392112,0.001486,"Bovine papular stomatitis virus strain BV-TX09c15, complete genome",129727,"Viruses","Nucleocytoviricota","Pokkesviricetes","Chitovirales","Poxviridae","Parapoxvirus","Bovine papular stomatitis virus","unclassified Bovine papular stomatitis virus subspecies/strain","unclassified Bovine papular stomatitis virus strain","QCMD6_Q6",39569079
"FJ527854.1",12284,11396,6378,76.81853,13.1217,"Bovine viral diarrhea virus 2 strain XJ-04, complete genome",54315,"Viruses","Kitrinoviricota","Flasuviricetes","Amarillovirales","Flaviviridae","Pestivirus","Pestivirus B","Bovine viral diarrhea virus 2","Bovine viral diarrhea virus 2","QCMD6_Q6",39569079
"LT797813.1",12164,204,2,0.038954552,0.00415525,"Bovine viral diarrhea virus 1 genome assembly, complete genome: monopartite",11099,"Viruses","Kitrinoviricota","Flasuviricetes","Amarillovirales","Flaviviridae","Pestivirus","Pestivirus A","Bovine viral diarrhea virus 1","Bovine viral diarrhea virus 1","QCMD6_Q6",39569079
"LT968777.1",12225,203,1,0.117763974,0.00206726,"Bovine viral diarrhea virus 1 isolate MA_101_05 genome assembly, complete genome: monopartite",11099,"Viruses","Kitrinoviricota","Flasuviricetes","Amarillovirales","Flaviviridae","Pestivirus","Pestivirus A","Bovine viral diarrhea virus 1","Bovine viral diarrhea virus 1","QCMD6_Q6",39569079
"LT907991.1",12681,1167,30,0.41816294,0.0597877,"Bovine viral diarrhea virus 1 isolate VE_138cp_05 genome assembly, complete genome: monopartite",11099,"Viruses","Kitrinoviricota","Flasuviricetes","Amarillovirales","Flaviviridae","Pestivirus","Pestivirus A","Bovine viral diarrhea virus 1","Bovine viral diarrhea virus 1","QCMD6_Q6",39569079
"MH464873.1",5631,536,5,0.12899107,0.0224403,"Faba bean polerovirus 1 strain 5253, complete genome",2283388,"Viruses","Pisuviricota","Pisoniviricetes","Sobelivirales","Solemoviridae","Polerovirus","Faba bean polerovirus 1","unclassified Faba bean polerovirus 1 subspecies/strain","unclassified Faba bean polerovirus 1 strain","QCMD6_Q6",39569079
"MG800833.2",5810,150,1,0.026501767,0.00434979,"Pumpkin polerovirus isolate PuPV, complete genome",2518373,"Viruses","Pisuviricota","Pisoniviricetes","Sobelivirales","Solemoviridae","Polerovirus","Pumpkin polerovirus","unclassified Pumpkin polerovirus subspecies/strain","unclassified Pumpkin polerovirus strain","QCMD6_Q6",39569079
"KY628968.1",157447,173,0,0.002924404,0,"Macacine alphaherpesvirus 1 isolate 8100812, complete genome",10325,"Viruses","Peploviricota","Herviviricetes","Herpesvirales","Herpesviridae","Simplexvirus","Macacine alphaherpesvirus 1","unclassified Macacine alphaherpesvirus 1 subspecies/strain","unclassified Macacine alphaherpesvirus 1 strain","QCMD6_Q6",39569079
"KY628970.1",157321,155,0,0.0062925094,0,"Macacine alphaherpesvirus 1 isolate KQ, complete genome",10325,"Viruses","Peploviricota","Herviviricetes","Herpesvirales","Herpesviridae","Simplexvirus","Macacine alphaherpesvirus 1","unclassified Macacine alphaherpesvirus 1 subspecies/strain","unclassified Macacine alphaherpesvirus 1 strain","QCMD6_Q6",39569079
"MT862163.1",131245,159,0,0.0043251077,0,"Bovine alphaherpesvirus 2 strain C1Z FZR",10295,"Viruses","Peploviricota","Herviviricetes","Herpesvirales","Herpesviridae","Simplexvirus","Bovine alphaherpesvirus 2","unclassified Bovine alphaherpesvirus 2 subspecies/strain","unclassified Bovine alphaherpesvirus 2 strain","QCMD6_Q6",39569079
"MT900475.1",141859,118,0,0.008990254,0,"Macropodid alphaherpesvirus 2 strain V3077/08",83440,"Viruses","Peploviricota","Herviviricetes","Herpesvirales","Herpesviridae","Simplexvirus","Macropodid alphaherpesvirus 2","unclassified Macropodid alphaherpesvirus 2 subspecies/strain","unclassified Macropodid alphaherpesvirus 2 strain","QCMD6_Q6",39569079
"LS480640.1",155503,8839,70,0.08343579,0.0113764,"Human alphaherpesvirus 2 isolate 333 genome assembly, chromosome: I",10310,"Viruses","Peploviricota","Herviviricetes","Herpesvirales","Herpesviridae","Simplexvirus","Human alphaherpesvirus 2","unclassified Human alphaherpesvirus 2 subspecies/strain","unclassified Human alphaherpesvirus 2 strain","QCMD6_Q6",39569079
"MG989243.1",134617,137,0,0.032305323,0,"Caprine alphaherpesvirus 1 strain JSHA1405",39944,"Viruses","Peploviricota","Herviviricetes","Herpesvirales","Herpesviridae","Varicellovirus","Caprine alphaherpesvirus 1","unclassified Caprine alphaherpesvirus 1 subspecies/strain","unclassified Caprine alphaherpesvirus 1 strain","QCMD6_Q6",39569079
